{"repoSenseVersion":"2b864022bb","reportGeneratedTime":"Thu Mar 31 11:49:37 2022 UTC+08:00","reportGenerationTime":" 9.09 second(s)","zoneId":"UTC+08:00","reportTitle":"TIC4002 tP Code Dashboard","repos":[{"location":{"location":"https://github.com/AY2122S2-TIC4002-F18-3/tp2.git","repoName":"tp2","organization":"AY2122S2-TIC4002-F18-3","domainName":"github"},"branch":"master","displayName":"AY2122S2-TIC4002-F18-3/tp2[master]","outputFolderName":"AY2122S2-TIC4002-F18-3_tp2_master"},{"location":{"location":"https://github.com/AY2122S2-TIC4002-F18-4/tp2.git","repoName":"tp2","organization":"AY2122S2-TIC4002-F18-4","domainName":"github"},"branch":"master","displayName":"AY2122S2-TIC4002-F18-4/tp2[master]","outputFolderName":"AY2122S2-TIC4002-F18-4_tp2_master"},{"location":{"location":"https://github.com/AY2122S2-TIC4002-F18-2/tp2.git","repoName":"tp2","organization":"AY2122S2-TIC4002-F18-2","domainName":"github"},"branch":"master","displayName":"AY2122S2-TIC4002-F18-2/tp2[master]","outputFolderName":"AY2122S2-TIC4002-F18-2_tp2_master"},{"location":{"location":"https://github.com/AY2122S2-TIC4002-F18-6/tp2.git","repoName":"tp2","organization":"AY2122S2-TIC4002-F18-6","domainName":"github"},"branch":"master","displayName":"AY2122S2-TIC4002-F18-6/tp2[master]","outputFolderName":"AY2122S2-TIC4002-F18-6_tp2_master"},{"location":{"location":"https://github.com/AY2122S2-TIC4002-F18-5/tp2.git","repoName":"tp2","organization":"AY2122S2-TIC4002-F18-5","domainName":"github"},"branch":"master","displayName":"AY2122S2-TIC4002-F18-5/tp2[master]","outputFolderName":"AY2122S2-TIC4002-F18-5_tp2_master"},{"location":{"location":"https://github.com/AY2122S2-TIC4002-F18-1/tp2.git","repoName":"tp2","organization":"AY2122S2-TIC4002-F18-1","domainName":"github"},"branch":"master","displayName":"AY2122S2-TIC4002-F18-1/tp2[master]","outputFolderName":"AY2122S2-TIC4002-F18-1_tp2_master"}],"errorSet":[],"sinceDate":"2022-02-11","untilDate":"2022-03-31","isSinceDateProvided":true,"isUntilDateProvided":false,"supportedDomainUrlMap":{"NOT_RECOGNIZED":{"BRANCH":"","REPO_URL":"UNSUPPORTED","BASE_URL":"UNSUPPORTED","HISTORY_PATH":"","COMMIT_PATH":"","BLAME_PATH":""},"github":{"BRANCH":"tree/$BRANCH","REPO_URL":"https://github.com/$ORGANIZATION/$REPO_NAME/","BASE_URL":"https://github.com/","HISTORY_PATH":"commits/$BRANCH/$FILE_PATH","COMMIT_PATH":"commit/$COMMIT_HASH","BLAME_PATH":"blame/$BRANCH/$FILE_PATH"}}}
