{"repoSenseVersion":"731a268e7e","reportGeneratedTime":"Fri Mar 11 12:57:18 2022 UTC+08:00","reportGenerationTime":" 8.13 second(s)","zoneId":"UTC+08:00","reportTitle":"TIC4002 tP Code Dashboard","repos":[{"location":{"location":"https://github.com/AY2122S2-TIC4002-F18-3/tp2.git","repoName":"tp2","organization":"AY2122S2-TIC4002-F18-3"},"branch":"master","displayName":"AY2122S2-TIC4002-F18-3/tp2[master]","outputFolderName":"AY2122S2-TIC4002-F18-3_tp2_master"},{"location":{"location":"https://github.com/AY2122S2-TIC4002-F18-4/tp2.git","repoName":"tp2","organization":"AY2122S2-TIC4002-F18-4"},"branch":"master","displayName":"AY2122S2-TIC4002-F18-4/tp2[master]","outputFolderName":"AY2122S2-TIC4002-F18-4_tp2_master"},{"location":{"location":"https://github.com/AY2122S2-TIC4002-F18-2/tp2.git","repoName":"tp2","organization":"AY2122S2-TIC4002-F18-2"},"branch":"master","displayName":"AY2122S2-TIC4002-F18-2/tp2[master]","outputFolderName":"AY2122S2-TIC4002-F18-2_tp2_master"},{"location":{"location":"https://github.com/AY2122S2-TIC4002-F18-6/tp2.git","repoName":"tp2","organization":"AY2122S2-TIC4002-F18-6"},"branch":"master","displayName":"AY2122S2-TIC4002-F18-6/tp2[master]","outputFolderName":"AY2122S2-TIC4002-F18-6_tp2_master"},{"location":{"location":"https://github.com/AY2122S2-TIC4002-F18-5/tp2.git","repoName":"tp2","organization":"AY2122S2-TIC4002-F18-5"},"branch":"master","displayName":"AY2122S2-TIC4002-F18-5/tp2[master]","outputFolderName":"AY2122S2-TIC4002-F18-5_tp2_master"},{"location":{"location":"https://github.com/AY2122S2-TIC4002-F18-1/tp2.git","repoName":"tp2","organization":"AY2122S2-TIC4002-F18-1"},"branch":"master","displayName":"AY2122S2-TIC4002-F18-1/tp2[master]","outputFolderName":"AY2122S2-TIC4002-F18-1_tp2_master"}],"errorSet":[],"sinceDate":"2022-02-11","untilDate":"2022-03-11","isSinceDateProvided":true,"isUntilDateProvided":false}
