{"authorDailyContributionsMap":{"Elxyng":[{"date":"2022-02-27","commitResults":[{"hash":"360e83d879a63857823d16ececc070c44043f8c6","messageTitle":"Update AboutUs.md","messageBody":"","fileTypesAndContributionMap":{"docs":{"insertions":27,"deletions":2}}},{"hash":"1ebdbaf7397b3fd47d101a9b7b7db962f90da8ed","messageTitle":"Update AboutUs.md","messageBody":"","fileTypesAndContributionMap":{"docs":{"insertions":2,"deletions":1}}},{"hash":"7e8d0fed49d9a224d225ff3a9d864e83baf31627","messageTitle":"Update AboutUs.md","messageBody":"","fileTypesAndContributionMap":{"docs":{"insertions":0,"deletions":1}}},{"hash":"5a81872be633ad9fcc74753a662b209f3118a0a1","messageTitle":"Update AboutUs.md","messageBody":"","fileTypesAndContributionMap":{"docs":{"insertions":2,"deletions":2}}}]},{"date":"2022-03-17","commitResults":[{"hash":"45c3287f7750aa0a5a50c63e72af5ccdac8ed4fa","messageTitle":"Implement sort command","messageBody":"","fileTypesAndContributionMap":{"functional-code":{"insertions":60,"deletions":0}}}]},{"date":"2022-03-24","commitResults":[{"hash":"4f0e799039f976225c4612e3695eb496eb39ebe1","messageTitle":"Update ug","messageBody":"","fileTypesAndContributionMap":{"docs":{"insertions":10,"deletions":1}}}]},{"date":"2022-04-11","commitResults":[{"hash":"21cd331e5be4a7627913c83aca9322a4239b4832","messageTitle":"Update PPP","messageBody":"","fileTypesAndContributionMap":{"docs":{"insertions":5,"deletions":0}}},{"hash":"e3d84ee986aab37ba42be7ef1d03806c282ed2b7","messageTitle":"Update PPP","messageBody":"","fileTypesAndContributionMap":{"docs":{"insertions":2,"deletions":1}}},{"hash":"dd0df3423740046e4d456905fcba2551cecd1b00","messageTitle":"Update PPP","messageBody":"","fileTypesAndContributionMap":{"docs":{"insertions":1,"deletions":1}}},{"hash":"e5f459f8a6f65f453c8ffe0a78fdaa65cc3168d8","messageTitle":"Update PPP - add reposense link","messageBody":"","fileTypesAndContributionMap":{"docs":{"insertions":1,"deletions":1}}}]}],"gweeyc":[{"date":"2022-02-11","commitResults":[{"hash":"d6a954eebffef2a1b95bf193fcca1ec944a242eb","messageTitle":"Updated archiveName to archiveBaseName for shadowJar in build.gradle.","messageBody":"","fileTypesAndContributionMap":{"other":{"insertions":5,"deletions":1}}}]},{"date":"2022-02-21","commitResults":[{"hash":"5fef81a97ae7ea6a3a5ef24efec9507cb1107fb0","messageTitle":"Create README.md","messageBody":"For Repo website documentations.","fileTypesAndContributionMap":{"docs":{"insertions":8,"deletions":0}}},{"hash":"89a2be5bc1bb76afd789030ebe8130face460594","messageTitle":"Rename index.md to index.md.backup","messageBody":"","fileTypesAndContributionMap":{"docs":{"insertions":0,"deletions":19}}},{"hash":"d10e2855d7c13b86ea51465cbf4dc90b1cab22cf","messageTitle":"Delete README.md","messageBody":"To redo from local repo.","fileTypesAndContributionMap":{"docs":{"insertions":0,"deletions":8}}},{"hash":"50c58609bfde8203c81047b64b750c49c0b80229","messageTitle":"Rename index.md.backup to index.md","messageBody":"revert to original name.","fileTypesAndContributionMap":{"docs":{"insertions":19,"deletions":0}}}]},{"date":"2022-02-22","commitResults":[{"hash":"07db136e36958a81698248beb900fbc80f950545","messageTitle":"Correction to conform to stylechecker standards.","messageBody":"","fileTypesAndContributionMap":{"other":{"insertions":1,"deletions":1},"docs":{"insertions":4,"deletions":1}}},{"hash":"1ca06d927fac71b567459940011605820238f1e2","messageTitle":"Updated the README.md file for tP2.","messageBody":"","fileTypesAndContributionMap":{"docs":{"insertions":13,"deletions":4}}}]},{"date":"2022-02-24","commitResults":[{"hash":"3582a59aa098ce6746b3e087cf69e9f85cc041ab","messageTitle":"Updated AboutUs.md - 1st version.","messageBody":"","fileTypesAndContributionMap":{"docs":{"insertions":8,"deletions":8}}},{"hash":"2283fa0a8c4eee968ca36cb1163919209ef29777","messageTitle":"Rectified AboutUs.md image url ref for username gweeyc.","messageBody":"Added an iconic png for Advisor.\n","fileTypesAndContributionMap":{"docs":{"insertions":1,"deletions":1}}},{"hash":"830304b360dea9fd067a81851c6cfea5b3545860","messageTitle":"Added log command details to UG.","messageBody":"","fileTypesAndContributionMap":{"docs":{"insertions":21,"deletions":1}}}]},{"date":"2022-02-25","commitResults":[{"hash":"fe4648fb048768873b61e950fb7aa74a1d8ae525","messageTitle":"Updated required docs for TeamContact 24/7 (v1.1).","messageBody":"","fileTypesAndContributionMap":{"docs":{"insertions":55,"deletions":13}}},{"hash":"d1dc9536d6d421215f37cff158d7254bbd2e7890","messageTitle":"Corrected for repo-wide test success run.","messageBody":"","fileTypesAndContributionMap":{"docs":{"insertions":7,"deletions":9}}}]},{"date":"2022-02-26","commitResults":[{"hash":"970d72afb8bff06b4f158bd736bb75cdaf871054","messageTitle":"Change the Help Command URL redirection.","messageBody":"Minor updates on UG, DG, AboutUs docs.\n","fileTypesAndContributionMap":{"functional-code":{"insertions":1,"deletions":1},"docs":{"insertions":23,"deletions":14}}},{"hash":"41bec948cae5ad6f37744a7e1b0ca0fcbf57964f","messageTitle":"Revert \"Tutorial adding command\"","messageBody":"","fileTypesAndContributionMap":{"functional-code":{"insertions":27,"deletions":227},"test-code":{"insertions":12,"deletions":149}}}]},{"date":"2022-02-27","commitResults":[{"hash":"ba9bf6478bf7c98148099e0d75cc6c04148d9025","messageTitle":"Updated the AboutUs.md file from a separate branch as required.","messageBody":"","fileTypesAndContributionMap":{"docs":{"insertions":0,"deletions":10}}},{"hash":"26dcd8680fbdace7bf76958fee8647491579312d","messageTitle":"Corrected images filenames and replace AddressBook with TeamContact 24/7 title.","messageBody":"","fileTypesAndContributionMap":{"docs":{"insertions":10,"deletions":10}}},{"hash":"8443c17e8e374613243947d57d4540f51732995f","messageTitle":"Updated README.md from a separate branch as required.","messageBody":"","fileTypesAndContributionMap":{"docs":{"insertions":3,"deletions":3}}},{"hash":"da7d1ca1e280f54386318c7a2f0370a8da84600e","messageTitle":"Updated DG from a separate branch as required.","messageBody":"Updated image files and App name to TeamContact 24/7.\n","fileTypesAndContributionMap":{"functional-code":{"insertions":1,"deletions":1},"docs":{"insertions":33,"deletions":26}}},{"hash":"1b6014a60c6885ef0c35ccdf78d3e2f5f6b0ad89","messageTitle":"Updated UG from a separate branch as required.","messageBody":"","fileTypesAndContributionMap":{"docs":{"insertions":6,"deletions":9}}}]},{"date":"2022-03-01","commitResults":[{"hash":"c94e23e7efebf1350978a4bd550ab4cd717ecec7","messageTitle":"Added the Java CI passing image file and url ref.","messageBody":"Minor sentence and styling edit.\n","fileTypesAndContributionMap":{"docs":{"insertions":10,"deletions":5}}},{"hash":"d17cb903e15ad8a3a1f5230c9b0e5012acfe782e","messageTitle":"Replace all relevant addressbook word with TeamContact 24/7.","messageBody":"","fileTypesAndContributionMap":{"docs":{"insertions":9,"deletions":9}}}]},{"date":"2022-03-07","commitResults":[{"hash":"19edcea716b3548fd846524fed19d6e4dbe10477","messageTitle":"Completed log command implementation.","messageBody":"","fileTypesAndContributionMap":{"functional-code":{"insertions":216,"deletions":18},"test-code":{"insertions":185,"deletions":13}}}]},{"date":"2022-03-10","commitResults":[{"hash":"3c0d89a93ad28ca8cd44dc785e43471feb5889f8","messageTitle":"Reduce test errors and redo LogCommandTest.java..","messageBody":"","fileTypesAndContributionMap":{"functional-code":{"insertions":0,"deletions":1},"test-code":{"insertions":75,"deletions":40}}},{"hash":"be7b61ecc8e798c86108b8a410dadd09c567773c","messageTitle":"Correct checkstyle format for LogCommandTest.","messageBody":"","fileTypesAndContributionMap":{"test-code":{"insertions":1,"deletions":1}}},{"hash":"e053e28f9313c4f6acd086012703bcd9139e43d2","messageTitle":"Remove log test cases that give errors.","messageBody":"","fileTypesAndContributionMap":{"test-code":{"insertions":18,"deletions":225}}},{"hash":"85e18bf57a9cc9ada78b87f05c424e466bd4379d","messageTitle":"Restore the removed log tests as are needed.","messageBody":"","fileTypesAndContributionMap":{"test-code":{"insertions":225,"deletions":18}}},{"hash":"505a6889ae283e8c0512bfe7e013b9d8aec95937","messageTitle":"Corrected files for checkstyle conformity.","messageBody":"","fileTypesAndContributionMap":{"functional-code":{"insertions":1,"deletions":1},"test-code":{"insertions":3,"deletions":3}}}]},{"date":"2022-03-11","commitResults":[{"hash":"cccb69cac354e1a7d4905adbba8db7616b5d6417","messageTitle":"Done the LoginScreen JavaFx Security Implementation for main app.","messageBody":"Corrected files for check styles conformity.\n","fileTypesAndContributionMap":{"functional-code":{"insertions":140,"deletions":0}}},{"hash":"8681abf60908321e629b59ff64e38dd4b8bad982","messageTitle":"Corrected stage hiding effect via UiManager.java modification.","messageBody":"Set the Login Screen Stage Icon to team.png.\n\nCreated a v1.2 jar file teamcontac 24-7-v1.2.\n","fileTypesAndContributionMap":{"functional-code":{"insertions":6,"deletions":3},"other":{"insertions":1,"deletions":1}}}]},{"date":"2022-03-16","commitResults":[{"hash":"3547a2dc6f8e6bc1b4acbfa17ca34ea0ed491cb1","messageTitle":"Done an ESC key pressed to sign out of main App, bring back the LoginScreen","messageBody":"","fileTypesAndContributionMap":{"functional-code":{"insertions":80,"deletions":42}}},{"hash":"7711d60ad13826b580f9e9e9accfbe92c1096712","messageTitle":"Replaced primaryStage with AppStage in ui start method for clarity.","messageBody":"","fileTypesAndContributionMap":{"functional-code":{"insertions":2,"deletions":2}}},{"hash":"3ce9162889fedfabf7747e60aab039924ddda551","messageTitle":"Do clearer seperation of code lines for MainApp start method.","messageBody":"","fileTypesAndContributionMap":{"functional-code":{"insertions":2,"deletions":0}}}]},{"date":"2022-03-17","commitResults":[{"hash":"4637334d4990a294d5456104e08cd9e32208974c","messageTitle":"Updated DG for LoginSingleton Class addition for v1.3.","messageBody":"","fileTypesAndContributionMap":{"functional-code":{"insertions":1,"deletions":1},"docs":{"insertions":51,"deletions":7}}},{"hash":"317af9984193b7d4547c1ac68d90b844ffd4ef7f","messageTitle":"Updated build.gradle for shadowjar v1.3.trial.","messageBody":"","fileTypesAndContributionMap":{"other":{"insertions":1,"deletions":1}}}]},{"date":"2022-03-18","commitResults":[{"hash":"7115f34c6a89cc34db244717d46ad131b460a3df","messageTitle":"Added tag icons for remark and log commands.","messageBody":"","fileTypesAndContributionMap":{"functional-code":{"insertions":26,"deletions":6}}}]},{"date":"2022-03-19","commitResults":[{"hash":"1b5408a0fe90c589bd5875634a2e6b5ac0ed4e80","messageTitle":"Changed the remark icon used to title instead of bubble pic.","messageBody":"","fileTypesAndContributionMap":{"functional-code":{"insertions":3,"deletions":3}}},{"hash":"09f727a0f6e35c5cedc19e749cc49e7329d1b582","messageTitle":"Added a resetButton to Login Screen GUI.","messageBody":"","fileTypesAndContributionMap":{"functional-code":{"insertions":15,"deletions":2}}},{"hash":"4a792c136937850013e748059802bfc5ab250c63","messageTitle":"Updated the DG and UG guides for v1.3.","messageBody":"Updated the various image files needed.\n","fileTypesAndContributionMap":{"docs":{"insertions":20,"deletions":8}}},{"hash":"32a24ab7949ef20f82126d24539d2bcf718eef2e","messageTitle":"Change color of resetButton to RED for better UX effect.","messageBody":"","fileTypesAndContributionMap":{"functional-code":{"insertions":3,"deletions":3}}}]},{"date":"2022-03-24","commitResults":[{"hash":"04a6994db411d245d16fcc4d6566f5571f90541e","messageTitle":"Updated build.gradle file for shadowJar version 1.3.","messageBody":"","fileTypesAndContributionMap":{"other":{"insertions":1,"deletions":1}}},{"hash":"6f47154f36f01ba87630b0478cbbfcc8ae334eb4","messageTitle":"Updated UG for the v1.3 period use.","messageBody":"","fileTypesAndContributionMap":{"docs":{"insertions":1,"deletions":1}}}]},{"date":"2022-03-30","commitResults":[{"hash":"000da04298a8da7787e5ccede279e48bec158e97","messageTitle":"Add more explanatory details on difference between log and remark in App.","messageBody":"","fileTypesAndContributionMap":{"docs":{"insertions":22,"deletions":22}}}]},{"date":"2022-04-01","commitResults":[{"hash":"c404f8dc0e7bb269ee0072da0f73b477427ed49d","messageTitle":"Replaced copyright images with free royalty images.","messageBody":"","fileTypesAndContributionMap":{"functional-code":{"insertions":8,"deletions":8}}},{"hash":"f9426a1ced584a36f10b5f20bc468c9a2ded498d","messageTitle":"Updated the various docs and images to the latest version in use.","messageBody":"","fileTypesAndContributionMap":{"docs":{"insertions":15,"deletions":3}}}]},{"date":"2022-04-02","commitResults":[{"hash":"190d939172100c517a085bf6d7ab3def88f6efe7","messageTitle":"Drafted the PPP as stipulated.","messageBody":"","fileTypesAndContributionMap":{"docs":{"insertions":19,"deletions":12}}},{"hash":"0300a417bf3ca835472017e12a3f57c13d9e0f3b","messageTitle":"Format md file for better display.","messageBody":"","fileTypesAndContributionMap":{"docs":{"insertions":3,"deletions":3}}},{"hash":"943fab143d56cb2f5b6a8fe5a96de083648d1cb2","messageTitle":"Changed v1.3 to v1.4.","messageBody":"","fileTypesAndContributionMap":{"functional-code":{"insertions":1,"deletions":1},"other":{"insertions":1,"deletions":1}}}]},{"date":"2022-04-03","commitResults":[{"hash":"6747a177972299181daaaa93952d8f2aaa289a92","messageTitle":"Updated DG.","messageBody":"Add more security codes for SingletonLogin Class.\n","fileTypesAndContributionMap":{"functional-code":{"insertions":13,"deletions":5},"docs":{"insertions":8,"deletions":5}}}]},{"date":"2022-04-04","commitResults":[{"hash":"c1e8656cad10764141723b3118bdb777f45c189e","messageTitle":"Updated DG with 2 more proposed coming features for login security.","messageBody":"","fileTypesAndContributionMap":{"docs":{"insertions":20,"deletions":10}}}]},{"date":"2022-04-07","commitResults":[{"hash":"c62520df36aff17edc21d2f04f54d19f65123d89","messageTitle":"Minor Edit of main App starting method in a terminal window in UG.","messageBody":"","fileTypesAndContributionMap":{"docs":{"insertions":3,"deletions":1}}}]},{"date":"2022-04-08","commitResults":[{"hash":"f3bc714226c2e96625f3ed95a51c67ce4db2bc00","messageTitle":"Add more exact details on how the log command works with all its parameters.","messageBody":"","fileTypesAndContributionMap":{"docs":{"insertions":18,"deletions":17}}}]},{"date":"2022-04-09","commitResults":[{"hash":"26a5042268010bb5cf5d4613260285208815f276","messageTitle":"remove space from jar filename as advised.","messageBody":"","fileTypesAndContributionMap":{"other":{"insertions":1,"deletions":1},"docs":{"insertions":2,"deletions":2}}}]}],"thisisdax":[{"date":"2022-02-27","commitResults":[{"hash":"6f54bb2fc41efcd393a762e9e952068e3f44ba0f","messageTitle":"updated aboutus","messageBody":"","fileTypesAndContributionMap":{"docs":{"insertions":16,"deletions":4}}},{"hash":"35a356612e24f1cf73841cef0cd7aa6634c8a95a","messageTitle":"added newline at eof","messageBody":"","fileTypesAndContributionMap":{"docs":{"insertions":1,"deletions":1}}}]},{"date":"2022-03-16","commitResults":[{"hash":"039a54684cef6ae9aa13f1304f9801fb77df3000","messageTitle":"added undo, redo and commit to addressbook history state","messageBody":"","fileTypesAndContributionMap":{"functional-code":{"insertions":169,"deletions":3}}}]},{"date":"2022-03-17","commitResults":[{"hash":"bb76e88fac4f3a2162830dc3170126e00549de09","messageTitle":"updated UG for undo and redo","messageBody":"","fileTypesAndContributionMap":{"docs":{"insertions":12,"deletions":0}}},{"hash":"bf677311f68fd549a4a60b11febb05599b1cd39c","messageTitle":"added assert parameter","messageBody":"","fileTypesAndContributionMap":{"functional-code":{"insertions":5,"deletions":1}}},{"hash":"acc23b2c17cf9941bc57f62e9c61cbe50c1c4c53","messageTitle":"updated DG and fixed previous errors","messageBody":"","fileTypesAndContributionMap":{"functional-code":{"insertions":1,"deletions":1},"docs":{"insertions":11,"deletions":3}}}]},{"date":"2022-04-08","commitResults":[{"hash":"8d9236101b3dbf188e7f90e69b451b6e1a58d924","messageTitle":"Fixed Undo/Redo issue after log and remark","messageBody":"closes #119 and #104\n","fileTypesAndContributionMap":{"functional-code":{"insertions":10,"deletions":4}}},{"hash":"02bb544a85a7d867c6103d004f10d5de1c083b09","messageTitle":"Updated PPP and UG","messageBody":"","fileTypesAndContributionMap":{"docs":{"insertions":32,"deletions":3}}},{"hash":"037eaadd17bdd72d8a12a62617c33aea77ec0c5f","messageTitle":"Fixed run checks","messageBody":"","fileTypesAndContributionMap":{"docs":{"insertions":2,"deletions":1}}},{"hash":"e14d98247047bdb3d34705a464873fee23214f25","messageTitle":"Added newline at EOF","messageBody":"","fileTypesAndContributionMap":{"docs":{"insertions":0,"deletions":1}}}]},{"date":"2022-04-09","commitResults":[{"hash":"d86aacf3755cdd4c5acb7175bdfa283295b26d20","messageTitle":"updated UG","messageBody":"","fileTypesAndContributionMap":{"docs":{"insertions":2,"deletions":2}}}]}],"lowyanshuang":[{"date":"2022-02-18","commitResults":[{"hash":"e94931fa0d4a43636ebdec30579d7098086552a2","messageTitle":"Tutorial 2 - Add remarks and description","messageBody":"","fileTypesAndContributionMap":{"functional-code":{"insertions":188,"deletions":11},"test-code":{"insertions":11,"deletions":1}}}]},{"date":"2022-02-23","commitResults":[{"hash":"15c9be8c8c51bf2a546c5df81263206d0d25a2af","messageTitle":"Update AboutUs.md","messageBody":"","fileTypesAndContributionMap":{"docs":{"insertions":4,"deletions":4}}},{"hash":"a3f731427f974162bbe0416f9b1fb45c121a5091","messageTitle":"Update AboutUs.md","messageBody":"","fileTypesAndContributionMap":{"docs":{"insertions":1,"deletions":1}}},{"hash":"72ebe075009e2728aa563840bd7acad58e92fdcc","messageTitle":"Update UserGuide.md","messageBody":"","fileTypesAndContributionMap":{"docs":{"insertions":6,"deletions":6}}},{"hash":"f16b5b24cc163aac023bed57e0ca4dfc07f9512d","messageTitle":"Update DeveloperGuide.md","messageBody":"","fileTypesAndContributionMap":{"docs":{"insertions":2,"deletions":1}}},{"hash":"5f9ac0f47a3e37a6825cfe323615cb20bdc26846","messageTitle":"Insert remark function","messageBody":"","fileTypesAndContributionMap":{"functional-code":{"insertions":167,"deletions":137},"docs":{"insertions":1,"deletions":1},"test-code":{"insertions":17,"deletions":16}}}]},{"date":"2022-02-25","commitResults":[{"hash":"8ca4677b7e998cf528ce4beb0ad817a760f925c0","messageTitle":"Create yanshuang.md","messageBody":"","fileTypesAndContributionMap":{"docs":{"insertions":32,"deletions":0}}}]},{"date":"2022-02-28","commitResults":[{"hash":"f3ddf86c17f117bb6c9719f68bf5a57e4ae3e2bd","messageTitle":"Update photo name","messageBody":"","fileTypesAndContributionMap":{"docs":{"insertions":0,"deletions":2}}},{"hash":"4c168018021b103c74c9e8533eb5804f99dbc7ad","messageTitle":"Resolve test error","messageBody":"","fileTypesAndContributionMap":{"test-code":{"insertions":41,"deletions":27}}}]},{"date":"2022-03-07","commitResults":[{"hash":"aef57c65cd467be01ee341fa9e5258c9f948fcf6","messageTitle":"Add date joined field","messageBody":"","fileTypesAndContributionMap":{"functional-code":{"insertions":231,"deletions":25},"test-code":{"insertions":98,"deletions":40}}}]},{"date":"2022-03-09","commitResults":[{"hash":"8f7051b55d81d3344e71d50fd32df0329b45bb5f","messageTitle":"Update UserGuide.md","messageBody":"","fileTypesAndContributionMap":{"docs":{"insertions":7,"deletions":7}}}]},{"date":"2022-03-26","commitResults":[{"hash":"e9d519ad85be39ffe38bcc068451a5317611e86d","messageTitle":"Update default command messages and update UG","messageBody":"","fileTypesAndContributionMap":{"functional-code":{"insertions":2,"deletions":2},"docs":{"insertions":1,"deletions":1}}}]},{"date":"2022-03-29","commitResults":[{"hash":"166baeeaaf1d92381b17da3b7db919c6c8a7e601","messageTitle":"Update default command messages and include dateJoined validation","messageBody":"","fileTypesAndContributionMap":{"functional-code":{"insertions":18,"deletions":1}}},{"hash":"38636b0d36567f144b4718ab7779705302d15b5c","messageTitle":"Resolve check issue","messageBody":"","fileTypesAndContributionMap":{"functional-code":{"insertions":7,"deletions":3},"test-code":{"insertions":1,"deletions":1}}}]},{"date":"2022-03-30","commitResults":[{"hash":"775eb2b1b58807e28ebdb14dd7ded1fbb2825ec2","messageTitle":"Update PPP","messageBody":"","fileTypesAndContributionMap":{"docs":{"insertions":39,"deletions":33}}},{"hash":"25d567333ce9bf6e0d247e188d2aad94ea0fe32e","messageTitle":"Update lowyanshuang.md","messageBody":"","fileTypesAndContributionMap":{"docs":{"insertions":1,"deletions":1}}}]},{"date":"2022-04-07","commitResults":[{"hash":"caca6b8404c177448bf563bbb676c0f1afceb594","messageTitle":"Remove gender","messageBody":"","fileTypesAndContributionMap":{"docs":{"insertions":6,"deletions":7}}}]},{"date":"2022-04-08","commitResults":[{"hash":"c8c8746163dfa4ba4622493b3d8ac08d8305d844","messageTitle":"Update lowyanshuang.md","messageBody":"","fileTypesAndContributionMap":{"docs":{"insertions":1,"deletions":1}}}]},{"date":"2022-04-11","commitResults":[{"hash":"9fb8a0402b3c54f2a45dbf6dc60fef4136fb88ee","messageTitle":"Update XY ppp","messageBody":"","fileTypesAndContributionMap":{"docs":{"insertions":0,"deletions":1}}}]}],"YangShuogeng":[{"date":"2022-02-24","commitResults":[{"hash":"52ec72a0a8eb49c03cd2a52c5d4ef63496593b06","messageTitle":"Created yangshuogeng.md file","messageBody":"","fileTypesAndContributionMap":{"docs":{"insertions":11,"deletions":0}}},{"hash":"e964c10823c00e2043501206823783f35591f046","messageTitle":"Add one empty line at EOF","messageBody":"","fileTypesAndContributionMap":{"docs":{"insertions":1,"deletions":1}}}]},{"date":"2022-02-26","commitResults":[{"hash":"aaa59b2d6a55d51029c1c834c3b144d40c607e80","messageTitle":"Make the command accept parameters","messageBody":"","fileTypesAndContributionMap":{"functional-code":{"insertions":69,"deletions":9}}},{"hash":"f6f2c9ba10281f11f211d51106403ec9ea3f620b","messageTitle":"Parser user input_Remark Command","messageBody":"","fileTypesAndContributionMap":{"functional-code":{"insertions":35,"deletions":1}}},{"hash":"d5aab5c4c467c967be0a2cdcf941d00e70d68d9a","messageTitle":"Add a new Remark class and  change String remark to Remark remark","messageBody":"","fileTypesAndContributionMap":{"functional-code":{"insertions":38,"deletions":5}}},{"hash":"8176a0c3cbda947d800ed5248373b0ac72c477bd","messageTitle":"Add a placeholder element for remark to the UI","messageBody":"","fileTypesAndContributionMap":{"functional-code":{"insertions":4,"deletions":0}}},{"hash":"8d3d154c19e4af9159557767d6603abb18fe3421","messageTitle":"Modified Person and all related usage of Person","messageBody":"","fileTypesAndContributionMap":{"functional-code":{"insertions":47,"deletions":18}}},{"hash":"bd0c6a372a071a7e40ed5fbf7d2e79ee383cd209","messageTitle":"Update Storage","messageBody":"","fileTypesAndContributionMap":{"functional-code":{"insertions":9,"deletions":1},"test-code":{"insertions":26,"deletions":12}}},{"hash":"6f7cca7f12edc85f4256530c18eae759a70d4652","messageTitle":"Update the Ui --\u003e add remark to Ui","messageBody":"","fileTypesAndContributionMap":{"functional-code":{"insertions":1,"deletions":0}}},{"hash":"2255ec6ad3619610c3ebaabff63aa520dcb44785","messageTitle":"Added tester","messageBody":"","fileTypesAndContributionMap":{"functional-code":{"insertions":33,"deletions":2},"test-code":{"insertions":123,"deletions":0}}},{"hash":"47774561b55d10feeb9b48607d2c97ffa9036d1e","messageTitle":"Updated AboutUs.md","messageBody":"","fileTypesAndContributionMap":{"docs":{"insertions":7,"deletions":0}}},{"hash":"88c83f55e1f358fb63e6c0228c5a241ecfe52230","messageTitle":"Update DG and User stories","messageBody":"","fileTypesAndContributionMap":{"docs":{"insertions":12,"deletions":10}}}]},{"date":"2022-02-27","commitResults":[{"hash":"b7abb60f355934e1ce62825f7a726e9dd99c612c","messageTitle":"Updated AboutUs","messageBody":"","fileTypesAndContributionMap":{"docs":{"insertions":5,"deletions":2}}}]},{"date":"2022-03-08","commitResults":[{"hash":"e2de728bb46984ff460cf121ac41bc9efaa0c24f","messageTitle":"Created simple ExportCommand.java","messageBody":"","fileTypesAndContributionMap":{"functional-code":{"insertions":36,"deletions":0}}},{"hash":"a8a74ae7910c618bb4d5938fbae8a63b85e33da4","messageTitle":"Add ExportCommand switch option to AddressBookParser.java","messageBody":"","fileTypesAndContributionMap":{"functional-code":{"insertions":4,"deletions":0}}},{"hash":"ec28759885f7e6e9ea5ad2026680fbcda12d81c3","messageTitle":"Extracted person\u0027s infor to String","messageBody":"","fileTypesAndContributionMap":{"functional-code":{"insertions":20,"deletions":3}}},{"hash":"72bc07701747b0b36bf478d8d76c128f0bf1169c","messageTitle":"Add new function exportAddressBookToTxt()","messageBody":"","fileTypesAndContributionMap":{"functional-code":{"insertions":13,"deletions":0}}},{"hash":"b0960aade23381aab46c205ca639e453e8c94f13","messageTitle":"Added functions and class to handle person details exportation","messageBody":"","fileTypesAndContributionMap":{"functional-code":{"insertions":55,"deletions":17}}},{"hash":"effc70902399d5629f5591c50eaa7969edcb5bd5","messageTitle":"Archieve file export to txt file","messageBody":"","fileTypesAndContributionMap":{"functional-code":{"insertions":45,"deletions":15}}},{"hash":"85b2e49bcda45214c5819a7c4038c7fe00318ea6","messageTitle":"Updated data format in txt file.","messageBody":"","fileTypesAndContributionMap":{"functional-code":{"insertions":6,"deletions":6}}},{"hash":"3ede1d2f35db97d0246fc19e6dadfcf0f631a02d","messageTitle":"Updated some styles","messageBody":"","fileTypesAndContributionMap":{"functional-code":{"insertions":18,"deletions":26}}},{"hash":"c991648bef9277c0aefed366126e85c749b3fcfd","messageTitle":"Added Javadocs","messageBody":"","fileTypesAndContributionMap":{"functional-code":{"insertions":30,"deletions":8}}},{"hash":"56fa8aada4e00d409bd9dcf0fe0f26055650e4f3","messageTitle":"Updated some code style","messageBody":"","fileTypesAndContributionMap":{"functional-code":{"insertions":5,"deletions":3}}}]},{"date":"2022-03-10","commitResults":[{"hash":"928fa9b994a97484bed3c02ad3d0dfcf3cc34042","messageTitle":"Add log and date joined to exported file.","messageBody":"","fileTypesAndContributionMap":{"functional-code":{"insertions":3,"deletions":1}}}]},{"date":"2022-03-18","commitResults":[{"hash":"41d816fa1ce06844fc34b30a7df112641c4057d7","messageTitle":"Created new EmailCommand.java and EmailCommandParser.java class","messageBody":"","fileTypesAndContributionMap":{"functional-code":{"insertions":78,"deletions":16}}}]},{"date":"2022-03-19","commitResults":[{"hash":"092b8ad1c20fa6a59a673e9627e08cfbdb43d52d","messageTitle":"Created emailWindow.fxml file","messageBody":"","fileTypesAndContributionMap":{"functional-code":{"insertions":35,"deletions":1}}}]},{"date":"2022-03-20","commitResults":[{"hash":"764e941d62ee79b4b0a04932462102bf9acdc1fd","messageTitle":"Created email window","messageBody":"","fileTypesAndContributionMap":{"functional-code":{"insertions":112,"deletions":24}}},{"hash":"e2161b243c9c16a9438c373fe257fc3c87d3c0a9","messageTitle":"Updated some code style","messageBody":"","fileTypesAndContributionMap":{"functional-code":{"insertions":25,"deletions":6}}},{"hash":"d4e404ba75d80970ea970d535e2f821c4d132708","messageTitle":"Clear emailCommand related code style issue","messageBody":"","fileTypesAndContributionMap":{"functional-code":{"insertions":15,"deletions":20}}},{"hash":"2b877b7893c3c4f5e260bb0554393a2c0e06e651","messageTitle":"Added Test case to AddCommandTest","messageBody":"","fileTypesAndContributionMap":{"test-code":{"insertions":20,"deletions":0}}},{"hash":"8bd3051b3a8c4ad28b8676b04d36ca2f677158d7","messageTitle":"Updated fxml for email windown. Now able to open email windown by using EmailCommand","messageBody":"","fileTypesAndContributionMap":{"functional-code":{"insertions":95,"deletions":102}}}]},{"date":"2022-03-21","commitResults":[{"hash":"1127efded1bc59f13e0f5aa11f6415e7247078b4","messageTitle":"Connect back to front, able to pass argument to FXML controller","messageBody":"","fileTypesAndContributionMap":{"functional-code":{"insertions":43,"deletions":15}}}]},{"date":"2022-03-22","commitResults":[{"hash":"1722989791e2f21ca9adb6349ef8bc7716e5e787","messageTitle":"get text from emailSubject and emailContent from fxml","messageBody":"","fileTypesAndContributionMap":{"functional-code":{"insertions":15,"deletions":6}}},{"hash":"cfe1dbea07001c2792a057273e8e4aa30ef1408b","messageTitle":"Added send email feature to `Send` button in FXML","messageBody":"","fileTypesAndContributionMap":{"functional-code":{"insertions":74,"deletions":12}}},{"hash":"03a7c5b2bd077f6dc41888bce4cf13e3fe620fcf","messageTitle":"Updated build.gradle dependency to ensure able to use javax.mail library","messageBody":"","fileTypesAndContributionMap":{"other":{"insertions":4,"deletions":0}}},{"hash":"6abd58dd235fe12dc1702ec88e2d13a914e7d0e8","messageTitle":"Updated code style","messageBody":"","fileTypesAndContributionMap":{"functional-code":{"insertions":21,"deletions":14}}},{"hash":"cb2dc20f4ade2b7c95ef1b88b3ac88062dfd87c6","messageTitle":"Update code style","messageBody":"","fileTypesAndContributionMap":{"functional-code":{"insertions":0,"deletions":1}}},{"hash":"b89a71d94f14fbdc5bd963c935612334bcf643f5","messageTitle":"Updated code style","messageBody":"","fileTypesAndContributionMap":{"functional-code":{"insertions":4,"deletions":5}}}]},{"date":"2022-03-24","commitResults":[{"hash":"008b557b8cd4b986d9c30c3b134a7f7bd52fb606","messageTitle":"Updated UG","messageBody":"","fileTypesAndContributionMap":{"docs":{"insertions":17,"deletions":0}}}]},{"date":"2022-04-01","commitResults":[{"hash":"f40ae5b8c0b7d547551f3fd33ead2faf8933db0d","messageTitle":"Added implementation and sequence diagram to Develop Guide","messageBody":"","fileTypesAndContributionMap":{"docs":{"insertions":27,"deletions":0}}},{"hash":"83faa49cb9d63380b8f8caaee8b025de1ceac56d","messageTitle":"Update DG","messageBody":"Add emailCommand Information to DG","fileTypesAndContributionMap":{"docs":{"insertions":1,"deletions":0}}},{"hash":"9d1632ec8866a6f4ab0b3492deb2f0aa39d29bee","messageTitle":"Update DeveloperGuide.md","messageBody":"","fileTypesAndContributionMap":{"docs":{"insertions":23,"deletions":2}}},{"hash":"477d28e8c489716641079a87f8c568e8350e06f5","messageTitle":"Updated DG use cases","messageBody":"","fileTypesAndContributionMap":{"docs":{"insertions":29,"deletions":0}}}]},{"date":"2022-04-02","commitResults":[{"hash":"2fb58b57ebe41f7e87c3f62215b134c5da37a0b7","messageTitle":"add use case to UG","messageBody":"","fileTypesAndContributionMap":{"docs":{"insertions":3,"deletions":0}}}]},{"date":"2022-04-06","commitResults":[{"hash":"5668342370351723f25584359fd5f477b2198d4e","messageTitle":"Update PPP","messageBody":"","fileTypesAndContributionMap":{"docs":{"insertions":27,"deletions":3}}},{"hash":"0e06dd23c061459c220c1289e44359c7e50e8fef","messageTitle":"Added Export command to UG","messageBody":"","fileTypesAndContributionMap":{"docs":{"insertions":8,"deletions":0}}},{"hash":"a210956e933cae1870bbe2355faf7097cee78fd1","messageTitle":"Update UserGuide.md","messageBody":"","fileTypesAndContributionMap":{"docs":{"insertions":1,"deletions":2}}},{"hash":"ac1f1b58b03ef4df7a3c771c89b71e6defd1c4e3","messageTitle":"Added Export to DG","messageBody":"","fileTypesAndContributionMap":{"docs":{"insertions":13,"deletions":0}}}]},{"date":"2022-04-09","commitResults":[{"hash":"75599604988b63c8750b127e44611bcda1c4ed84","messageTitle":"Created Email Successful send alert window","messageBody":"","fileTypesAndContributionMap":{"functional-code":{"insertions":189,"deletions":82}}},{"hash":"da3fc28d607b656d0892516697535c0349e05420","messageTitle":"Added Email Contact Choosing Window","messageBody":"","fileTypesAndContributionMap":{"functional-code":{"insertions":96,"deletions":11}}},{"hash":"649ad91e5274602147864937e6a50b886cd571b0","messageTitle":"Added `cancel` button to email window. Update contact choosing page for multiple contact which contain same name. Added EmailContactNumberAlert window","messageBody":"","fileTypesAndContributionMap":{"functional-code":{"insertions":144,"deletions":14}}},{"hash":"7b01ed19b28f137507b7f60a9433f814c6bfa3d9","messageTitle":"Update code style","messageBody":"","fileTypesAndContributionMap":{"functional-code":{"insertions":66,"deletions":38}}},{"hash":"580cc3aa0051757fca05b6c686ba25910ecbaab9","messageTitle":"Update Code style","messageBody":"","fileTypesAndContributionMap":{"functional-code":{"insertions":5,"deletions":5}}},{"hash":"3e38ad402a93b317fadaaf71f7aaf8d7da529662","messageTitle":"Updated email serial number choosing choice","messageBody":"","fileTypesAndContributionMap":{"functional-code":{"insertions":2,"deletions":2}}}]}]},"authorFileTypeContributionMap":{"Elxyng":{"docs":41,"functional-code":57,"test-code":0},"gweeyc":{"docs":234,"functional-code":460,"test-code":228,"other":6},"thisisdax":{"docs":68,"functional-code":179,"test-code":0},"lowyanshuang":{"docs":50,"functional-code":445,"test-code":108},"YangShuogeng":{"docs":157,"functional-code":813,"test-code":20,"other":4}},"authorContributionVariance":{"Elxyng":83.23333,"gweeyc":12388.797,"thisisdax":544.92084,"lowyanshuang":5342.2896,"YangShuogeng":14454.817},"authorDisplayNameMap":{"Elxyng":"TIC4002-F18-5 NG X..N YI","gweeyc":"TIC4002-F18-5 GWEE..CHAI","thisisdax":"TIC4002-F18-5 TAN .. HUA","lowyanshuang":"TIC4002-F18-5 LOW ..UANG","YangShuogeng":"TIC4002-F18-5 YANG..GENG"}}
