{"authorDailyContributionsMap":{"Elxyng":[],"gweeyc":[{"date":"2022-02-11","commitResults":[{"hash":"d6a954eebffef2a1b95bf193fcca1ec944a242eb","messageTitle":"Updated archiveName to archiveBaseName for shadowJar in build.gradle.","messageBody":"","fileTypesAndContributionMap":{"other":{"insertions":5,"deletions":1}}}]},{"date":"2022-02-21","commitResults":[{"hash":"5fef81a97ae7ea6a3a5ef24efec9507cb1107fb0","messageTitle":"Create README.md","messageBody":"For Repo website documentations.","fileTypesAndContributionMap":{"docs":{"insertions":8,"deletions":0}}},{"hash":"89a2be5bc1bb76afd789030ebe8130face460594","messageTitle":"Rename index.md to index.md.backup","messageBody":"","fileTypesAndContributionMap":{"docs":{"insertions":0,"deletions":19}}},{"hash":"d10e2855d7c13b86ea51465cbf4dc90b1cab22cf","messageTitle":"Delete README.md","messageBody":"To redo from local repo.","fileTypesAndContributionMap":{"docs":{"insertions":0,"deletions":8}}},{"hash":"50c58609bfde8203c81047b64b750c49c0b80229","messageTitle":"Rename index.md.backup to index.md","messageBody":"revert to original name.","fileTypesAndContributionMap":{"docs":{"insertions":19,"deletions":0}}}]},{"date":"2022-02-22","commitResults":[{"hash":"07db136e36958a81698248beb900fbc80f950545","messageTitle":"Correction to conform to stylechecker standards.","messageBody":"","fileTypesAndContributionMap":{"other":{"insertions":1,"deletions":1},"docs":{"insertions":4,"deletions":1}}},{"hash":"1ca06d927fac71b567459940011605820238f1e2","messageTitle":"Updated the README.md file for tP2.","messageBody":"","fileTypesAndContributionMap":{"docs":{"insertions":13,"deletions":4}}}]},{"date":"2022-02-24","commitResults":[{"hash":"3582a59aa098ce6746b3e087cf69e9f85cc041ab","messageTitle":"Updated AboutUs.md - 1st version.","messageBody":"","fileTypesAndContributionMap":{"docs":{"insertions":8,"deletions":8}}},{"hash":"2283fa0a8c4eee968ca36cb1163919209ef29777","messageTitle":"Rectified AboutUs.md image url ref for username gweeyc.","messageBody":"Added an iconic png for Advisor.\n","fileTypesAndContributionMap":{"docs":{"insertions":1,"deletions":1}}},{"hash":"830304b360dea9fd067a81851c6cfea5b3545860","messageTitle":"Added log command details to UG.","messageBody":"","fileTypesAndContributionMap":{"docs":{"insertions":21,"deletions":1}}}]},{"date":"2022-02-25","commitResults":[{"hash":"fe4648fb048768873b61e950fb7aa74a1d8ae525","messageTitle":"Updated required docs for TeamContact 24/7 (v1.1).","messageBody":"","fileTypesAndContributionMap":{"docs":{"insertions":55,"deletions":13}}},{"hash":"d1dc9536d6d421215f37cff158d7254bbd2e7890","messageTitle":"Corrected for repo-wide test success run.","messageBody":"","fileTypesAndContributionMap":{"docs":{"insertions":7,"deletions":9}}}]}],"thisisdax":[],"lowyanshuang":[{"date":"2022-02-23","commitResults":[{"hash":"15c9be8c8c51bf2a546c5df81263206d0d25a2af","messageTitle":"Update AboutUs.md","messageBody":"","fileTypesAndContributionMap":{"docs":{"insertions":4,"deletions":4}}},{"hash":"a3f731427f974162bbe0416f9b1fb45c121a5091","messageTitle":"Update AboutUs.md","messageBody":"","fileTypesAndContributionMap":{"docs":{"insertions":1,"deletions":1}}},{"hash":"72ebe075009e2728aa563840bd7acad58e92fdcc","messageTitle":"Update UserGuide.md","messageBody":"","fileTypesAndContributionMap":{"docs":{"insertions":6,"deletions":6}}},{"hash":"f16b5b24cc163aac023bed57e0ca4dfc07f9512d","messageTitle":"Update DeveloperGuide.md","messageBody":"","fileTypesAndContributionMap":{"docs":{"insertions":2,"deletions":1}}}]},{"date":"2022-02-25","commitResults":[{"hash":"8ca4677b7e998cf528ce4beb0ad817a760f925c0","messageTitle":"Create yanshuang.md","messageBody":"","fileTypesAndContributionMap":{"docs":{"insertions":32,"deletions":0}}}]}],"YangShuogeng":[]},"authorFileTypeContributionMap":{"Elxyng":{"docs":0,"functional-code":0,"test-code":0},"gweeyc":{"docs":82,"functional-code":0,"test-code":0,"other":6},"thisisdax":{"docs":0,"functional-code":0,"test-code":0},"lowyanshuang":{"docs":43,"functional-code":0,"test-code":0},"YangShuogeng":{"docs":0,"functional-code":0,"test-code":0}},"authorContributionVariance":{"Elxyng":0.0,"gweeyc":619.9822,"thisisdax":0.0,"lowyanshuang":95.49333,"YangShuogeng":0.0},"authorDisplayNameMap":{"Elxyng":"TIC4002-F18-5 NG X..N YI","gweeyc":"TIC4002-F18-5 GWEE..CHAI","thisisdax":"TIC4002-F18-5 TAN .. HUA","lowyanshuang":"TIC4002-F18-5 LOW ..UANG","YangShuogeng":"TIC4002-F18-5 YANG..GENG"}}
