[{"path":"README.md","fileType":"docs","lines":[{"lineNumber":1,"author":{"gitId":"Ruiting1"},"content":"[![CI Status](https://github.com/AY2122S2-TIC4002-F18-6/tp2/workflows/Java%20CI/badge.svg)](https://github.com/AY2122S2-TIC4002-F18-6/tp2/actions)","lastModifiedDate":"2022-02-26"},{"lineNumber":2,"author":{"gitId":"-"},"content":"","lastModifiedDate":"2020-05-23"},{"lineNumber":3,"author":{"gitId":"-"},"content":"![Ui](docs/images/Ui.png)","lastModifiedDate":"2020-05-23"},{"lineNumber":4,"author":{"gitId":"-"},"content":"","lastModifiedDate":"2020-05-23"},{"lineNumber":5,"author":{"gitId":"Ruiting1"},"content":"## Basic Information","lastModifiedDate":"2022-02-26"},{"lineNumber":6,"author":{"gitId":"Ruiting1"},"content":"* This application is called **MyContentPlanner**, which is for **social media managers** to track the social media content and manage their clients.\u003cbr\u003e","lastModifiedDate":"2022-02-26"},{"lineNumber":7,"author":{"gitId":"Ruiting1"},"content":"  * It is a `CLI` based project but also have a `GUI` view to display a more beautiful layout.","lastModifiedDate":"2022-02-26"},{"lineNumber":8,"author":{"gitId":"Ruiting1"},"content":"  * Used for better managing client\u0027s social media profile.","lastModifiedDate":"2022-02-26"},{"lineNumber":9,"author":{"gitId":"Ruiting1"},"content":"  * A social media manager can easily create and modify the `contents` and `clients` and see a beautiful list view of both.","lastModifiedDate":"2022-02-26"},{"lineNumber":10,"author":{"gitId":"Ruiting1"},"content":"  * User who type very fast can achieve what they want faster than mouse moving and clicking.","lastModifiedDate":"2022-02-26"},{"lineNumber":11,"author":{"gitId":"Ruiting1"},"content":"* For the detailed documentation of this project, see the **[Product MyContentPlanner Website](https://ay2122s2-tic4002-f18-6.github.io/tp2)**.","lastModifiedDate":"2022-02-26"},{"lineNumber":12,"author":{"gitId":"Ruiting1"},"content":"","lastModifiedDate":"2022-02-26"},{"lineNumber":13,"author":{"gitId":"Ruiting1"},"content":"## User Guide","lastModifiedDate":"2022-02-26"},{"lineNumber":14,"author":{"gitId":"Ruiting1"},"content":"* [User Guide](https://ay2122s2-tic4002-f18-6.github.io/tp2/UserGuide.html)","lastModifiedDate":"2022-02-26"},{"lineNumber":15,"author":{"gitId":"Ruiting1"},"content":"","lastModifiedDate":"2022-02-26"},{"lineNumber":16,"author":{"gitId":"Ruiting1"},"content":"## Developer Guide","lastModifiedDate":"2022-02-26"},{"lineNumber":17,"author":{"gitId":"Ruiting1"},"content":"* [Developer Guide](https://ay2122s2-tic4002-f18-6.github.io/tp2/DeveloperGuide.html)","lastModifiedDate":"2022-02-26"},{"lineNumber":18,"author":{"gitId":"Ruiting1"},"content":"","lastModifiedDate":"2022-02-26"},{"lineNumber":19,"author":{"gitId":"Ruiting1"},"content":"## About Us","lastModifiedDate":"2022-02-26"},{"lineNumber":20,"author":{"gitId":"Ruiting1"},"content":"* [About Us](https://ay2122s2-tic4002-f18-6.github.io/tp2/AboutUs.html)","lastModifiedDate":"2022-02-26"},{"lineNumber":21,"author":{"gitId":"Ruiting1"},"content":"","lastModifiedDate":"2022-02-26"},{"lineNumber":22,"author":{"gitId":"Ruiting1"},"content":"## Acknowledge","lastModifiedDate":"2022-02-26"},{"lineNumber":23,"author":{"gitId":"Ruiting1"},"content":"* This project is basically upgraded from **[Product AddressBook-Level3 Website](https://se-education.org/addressbook-level3)** created by the [SE-EDU initiative](https://se-education.org).","lastModifiedDate":"2022-02-26"}],"authorContributionMap":{"Ruiting1":20,"-":3}},{"path":"docs/AboutUs.md","fileType":"docs","lines":[{"lineNumber":1,"author":{"gitId":"-"},"content":"---","lastModifiedDate":"2020-05-23"},{"lineNumber":2,"author":{"gitId":"-"},"content":"layout: page","lastModifiedDate":"2020-05-23"},{"lineNumber":3,"author":{"gitId":"-"},"content":"title: About Us","lastModifiedDate":"2020-05-23"},{"lineNumber":4,"author":{"gitId":"-"},"content":"---","lastModifiedDate":"2020-05-23"},{"lineNumber":5,"author":{"gitId":"-"},"content":"","lastModifiedDate":"2020-05-23"},{"lineNumber":6,"author":{"gitId":"-"},"content":"We are a team based in the [School of Computing, National University of Singapore](http://www.comp.nus.edu.sg).","lastModifiedDate":"2020-05-23"},{"lineNumber":7,"author":{"gitId":"-"},"content":"","lastModifiedDate":"2020-05-23"},{"lineNumber":8,"author":{"gitId":"-"},"content":"You can reach us at the email `seer[at]comp.nus.edu.sg`","lastModifiedDate":"2020-06-17"},{"lineNumber":9,"author":{"gitId":"-"},"content":"","lastModifiedDate":"2020-06-17"},{"lineNumber":10,"author":{"gitId":"-"},"content":"## Project team","lastModifiedDate":"2020-06-07"},{"lineNumber":11,"author":{"gitId":"-"},"content":"","lastModifiedDate":"2020-05-23"},{"lineNumber":12,"author":{"gitId":"KaydenKhor"},"content":"### Khor Kee Yong","lastModifiedDate":"2022-02-18"},{"lineNumber":13,"author":{"gitId":"-"},"content":"","lastModifiedDate":"2020-05-23"},{"lineNumber":14,"author":{"gitId":"-"},"content":"\u003cimg src\u003d\"images/johndoe.png\" width\u003d\"200px\"\u003e","lastModifiedDate":"2020-06-17"},{"lineNumber":15,"author":{"gitId":"-"},"content":"","lastModifiedDate":"2020-05-23"},{"lineNumber":16,"author":{"gitId":"-"},"content":"[[homepage](http://www.comp.nus.edu.sg/~damithch)]","lastModifiedDate":"2020-05-23"},{"lineNumber":17,"author":{"gitId":"KaydenKhor"},"content":"[[github](https://github.com/kaydenkhor)]","lastModifiedDate":"2022-02-18"},{"lineNumber":18,"author":{"gitId":"KaydenKhor"},"content":"","lastModifiedDate":"2022-02-18"},{"lineNumber":19,"author":{"gitId":"-"},"content":"","lastModifiedDate":"2020-05-23"},{"lineNumber":20,"author":{"gitId":"-"},"content":"* Role: Project Advisor","lastModifiedDate":"2020-05-23"},{"lineNumber":21,"author":{"gitId":"-"},"content":"","lastModifiedDate":"2020-05-23"},{"lineNumber":22,"author":{"gitId":"-"},"content":"### Jane Doe","lastModifiedDate":"2020-06-17"},{"lineNumber":23,"author":{"gitId":"-"},"content":"","lastModifiedDate":"2020-05-23"},{"lineNumber":24,"author":{"gitId":"-"},"content":"\u003cimg src\u003d\"images/johndoe.png\" width\u003d\"200px\"\u003e","lastModifiedDate":"2020-06-17"},{"lineNumber":25,"author":{"gitId":"-"},"content":"","lastModifiedDate":"2020-05-23"},{"lineNumber":26,"author":{"gitId":"-"},"content":"[[github](http://github.com/johndoe)]","lastModifiedDate":"2020-06-17"},{"lineNumber":27,"author":{"gitId":"-"},"content":"[[portfolio](team/johndoe.md)]","lastModifiedDate":"2020-05-23"},{"lineNumber":28,"author":{"gitId":"-"},"content":"","lastModifiedDate":"2020-05-23"},{"lineNumber":29,"author":{"gitId":"-"},"content":"* Role: Team Lead","lastModifiedDate":"2020-05-23"},{"lineNumber":30,"author":{"gitId":"-"},"content":"* Responsibilities: UI","lastModifiedDate":"2020-05-23"},{"lineNumber":31,"author":{"gitId":"-"},"content":"","lastModifiedDate":"2020-05-23"},{"lineNumber":32,"author":{"gitId":"-"},"content":"### Johnny Doe","lastModifiedDate":"2020-05-23"},{"lineNumber":33,"author":{"gitId":"-"},"content":"","lastModifiedDate":"2020-05-23"},{"lineNumber":34,"author":{"gitId":"-"},"content":"\u003cimg src\u003d\"images/johndoe.png\" width\u003d\"200px\"\u003e","lastModifiedDate":"2020-06-17"},{"lineNumber":35,"author":{"gitId":"-"},"content":"","lastModifiedDate":"2020-05-23"},{"lineNumber":36,"author":{"gitId":"-"},"content":"[[github](http://github.com/johndoe)] [[portfolio](team/johndoe.md)]","lastModifiedDate":"2020-06-17"},{"lineNumber":37,"author":{"gitId":"-"},"content":"","lastModifiedDate":"2020-05-23"},{"lineNumber":38,"author":{"gitId":"-"},"content":"* Role: Developer","lastModifiedDate":"2020-05-23"},{"lineNumber":39,"author":{"gitId":"-"},"content":"* Responsibilities: Data","lastModifiedDate":"2020-05-23"},{"lineNumber":40,"author":{"gitId":"-"},"content":"","lastModifiedDate":"2020-05-23"},{"lineNumber":41,"author":{"gitId":"-"},"content":"### Jean Doe","lastModifiedDate":"2020-06-17"},{"lineNumber":42,"author":{"gitId":"-"},"content":"","lastModifiedDate":"2020-05-23"},{"lineNumber":43,"author":{"gitId":"-"},"content":"\u003cimg src\u003d\"images/johndoe.png\" width\u003d\"200px\"\u003e","lastModifiedDate":"2020-06-17"},{"lineNumber":44,"author":{"gitId":"-"},"content":"","lastModifiedDate":"2020-05-23"},{"lineNumber":45,"author":{"gitId":"-"},"content":"[[github](http://github.com/johndoe)]","lastModifiedDate":"2020-06-17"},{"lineNumber":46,"author":{"gitId":"-"},"content":"[[portfolio](team/johndoe.md)]","lastModifiedDate":"2020-05-23"},{"lineNumber":47,"author":{"gitId":"-"},"content":"","lastModifiedDate":"2020-05-23"},{"lineNumber":48,"author":{"gitId":"-"},"content":"* Role: Developer","lastModifiedDate":"2020-05-23"},{"lineNumber":49,"author":{"gitId":"-"},"content":"* Responsibilities: Dev Ops + Threading","lastModifiedDate":"2020-05-23"},{"lineNumber":50,"author":{"gitId":"-"},"content":"","lastModifiedDate":"2020-05-23"},{"lineNumber":51,"author":{"gitId":"-"},"content":"### James Doe","lastModifiedDate":"2020-06-17"},{"lineNumber":52,"author":{"gitId":"-"},"content":"","lastModifiedDate":"2020-05-23"},{"lineNumber":53,"author":{"gitId":"-"},"content":"\u003cimg src\u003d\"images/johndoe.png\" width\u003d\"200px\"\u003e","lastModifiedDate":"2020-06-17"},{"lineNumber":54,"author":{"gitId":"-"},"content":"","lastModifiedDate":"2020-05-23"},{"lineNumber":55,"author":{"gitId":"-"},"content":"[[github](http://github.com/johndoe)]","lastModifiedDate":"2020-06-17"},{"lineNumber":56,"author":{"gitId":"-"},"content":"[[portfolio](team/johndoe.md)]","lastModifiedDate":"2020-05-23"},{"lineNumber":57,"author":{"gitId":"-"},"content":"","lastModifiedDate":"2020-05-23"},{"lineNumber":58,"author":{"gitId":"-"},"content":"* Role: Developer","lastModifiedDate":"2020-05-23"},{"lineNumber":59,"author":{"gitId":"-"},"content":"* Responsibilities: UI","lastModifiedDate":"2020-05-23"}],"authorContributionMap":{"-":56,"KaydenKhor":3}},{"path":"docs/index.md","fileType":"docs","lines":[{"lineNumber":1,"author":{"gitId":"-"},"content":"---","lastModifiedDate":"2020-05-23"},{"lineNumber":2,"author":{"gitId":"-"},"content":"layout: page","lastModifiedDate":"2020-05-23"},{"lineNumber":3,"author":{"gitId":"-"},"content":"title: AddressBook Level-3","lastModifiedDate":"2020-05-23"},{"lineNumber":4,"author":{"gitId":"-"},"content":"---","lastModifiedDate":"2020-05-23"},{"lineNumber":5,"author":{"gitId":"-"},"content":"","lastModifiedDate":"2020-05-23"},{"lineNumber":6,"author":{"gitId":"-"},"content":"[![CI Status](https://github.com/se-edu/addressbook-level3/workflows/Java%20CI/badge.svg)](https://github.com/se-edu/addressbook-level3/actions)","lastModifiedDate":"2020-05-23"},{"lineNumber":7,"author":{"gitId":"Ruiting1"},"content":"[![codecov](https://codecov.io/gh/AY2122S2-TIC4002-F18-6/tp2/branch/master/graph/badge.svg?token\u003dL9P51AL53B)](https://codecov.io/gh/AY2122S2-TIC4002-F18-6/tp2)","lastModifiedDate":"2022-02-11"},{"lineNumber":8,"author":{"gitId":"-"},"content":"","lastModifiedDate":"2020-05-23"},{"lineNumber":9,"author":{"gitId":"-"},"content":"![Ui](images/Ui.png)","lastModifiedDate":"2020-05-23"},{"lineNumber":10,"author":{"gitId":"-"},"content":"","lastModifiedDate":"2020-05-23"},{"lineNumber":11,"author":{"gitId":"-"},"content":"**AddressBook is a desktop application for managing your contact details.** While it has a GUI, most of the user interactions happen using a CLI (Command Line Interface).","lastModifiedDate":"2020-05-23"},{"lineNumber":12,"author":{"gitId":"-"},"content":"","lastModifiedDate":"2020-05-23"},{"lineNumber":13,"author":{"gitId":"-"},"content":"* If you are interested in using AddressBook, head over to the [_Quick Start_ section of the **User Guide**](UserGuide.html#quick-start).","lastModifiedDate":"2020-05-23"},{"lineNumber":14,"author":{"gitId":"-"},"content":"* If you are interested about developing AddressBook, the [**Developer Guide**](DeveloperGuide.html) is a good place to start.","lastModifiedDate":"2020-05-23"},{"lineNumber":15,"author":{"gitId":"-"},"content":"","lastModifiedDate":"2020-05-23"},{"lineNumber":16,"author":{"gitId":"-"},"content":"","lastModifiedDate":"2020-05-23"},{"lineNumber":17,"author":{"gitId":"-"},"content":"**Acknowledgements**","lastModifiedDate":"2020-05-23"},{"lineNumber":18,"author":{"gitId":"-"},"content":"","lastModifiedDate":"2020-05-23"},{"lineNumber":19,"author":{"gitId":"-"},"content":"* Libraries used: [JavaFX](https://openjfx.io/), [Jackson](https://github.com/FasterXML/jackson), [JUnit5](https://github.com/junit-team/junit5)","lastModifiedDate":"2020-05-23"}],"authorContributionMap":{"Ruiting1":1,"-":18}}]
