{"authorDailyContributionsMap":{"e0262191":[],"Ruiting1":[{"date":"2022-02-11","commitResults":[{"hash":"e3ff49ad7b1b046b1f571a4ef85d7a26c8c57f55","messageTitle":"Update index.md","messageBody":"","fileTypesAndContributionMap":{"docs":{"insertions":1,"deletions":1}}}]},{"date":"2022-02-26","commitResults":[{"hash":"71cab2d50cd862e5834717d1efcd8af6c737052d","messageTitle":"make the two panel view for the Main Window","messageBody":"","fileTypesAndContributionMap":{"functional-code":{"insertions":65,"deletions":44}}},{"hash":"87330829fd7b7c5dfac19fff6577da2e02d3d613","messageTitle":"update readme.ms","messageBody":"","fileTypesAndContributionMap":{"docs":{"insertions":18,"deletions":11}}},{"hash":"6f03a852d7155f3a57d74096d749661ce6aebcf1","messageTitle":"update readme.md","messageBody":"","fileTypesAndContributionMap":{"docs":{"insertions":2,"deletions":0}}}]},{"date":"2022-02-28","commitResults":[{"hash":"42ed4411c7c806bcd31e37a450ef14e190576cf6","messageTitle":"create basic Post structures","messageBody":"","fileTypesAndContributionMap":{"functional-code":{"insertions":30,"deletions":7}}},{"hash":"5d55bd3fdbe991b2801b0d86b54ee2da4705f7b0","messageTitle":"mainwindow.fxml","messageBody":"","fileTypesAndContributionMap":{"functional-code":{"insertions":45,"deletions":42}}},{"hash":"f84995438aaea37dae7030d857b0495385acba46","messageTitle":"create post structure, JsonAdaptedPost","messageBody":"","fileTypesAndContributionMap":{"functional-code":{"insertions":336,"deletions":1}}},{"hash":"8053d3f53959326cf30966a9ac5683f088889ecf","messageTitle":"checkstyle","messageBody":"","fileTypesAndContributionMap":{"functional-code":{"insertions":27,"deletions":31}}}]},{"date":"2022-03-02","commitResults":[{"hash":"78ce3b35f1912074c237d45b20c068a22e699c7e","messageTitle":"update User Guide","messageBody":"","fileTypesAndContributionMap":{"docs":{"insertions":101,"deletions":22}}},{"hash":"20dfa8a804a99eb3e3c79543de4ae897d39c999f","messageTitle":"create PostCard and PostListPanel in the ui package","messageBody":"","fileTypesAndContributionMap":{"functional-code":{"insertions":150,"deletions":1}}},{"hash":"ba9bb3ecbf99f88d8f242c2788de45318032b462","messageTitle":"create Post list structure and basic function, create exception for the post model","messageBody":"","fileTypesAndContributionMap":{"functional-code":{"insertions":148,"deletions":1}}},{"hash":"590b94c756ea06a9c4120632a3e9657928b85fd4","messageTitle":"update model\\AddressBook.java","messageBody":"","fileTypesAndContributionMap":{"functional-code":{"insertions":62,"deletions":5}}},{"hash":"fd03252350f586bc0a693037ba390bc403f18140","messageTitle":"fix some issue to have a work copy","messageBody":"","fileTypesAndContributionMap":{"functional-code":{"insertions":108,"deletions":8}}},{"hash":"acc73ef4f0131e88ebbb3aa3dc7ffece753dc2ee","messageTitle":"fix checkstyle","messageBody":"","fileTypesAndContributionMap":{"functional-code":{"insertions":23,"deletions":16}}},{"hash":"d2ae680a0be183caf4eec5696185f0ef3961ac3a","messageTitle":"add more junit test due to the added content struture, still pending","messageBody":"","fileTypesAndContributionMap":{"test-code":{"insertions":33,"deletions":0}}}]},{"date":"2022-03-03","commitResults":[{"hash":"ad9e01e1237889e4521eb9b65e5e43429df4c0da","messageTitle":"fix some json Junit test and add some new tests","messageBody":"","fileTypesAndContributionMap":{"test-code":{"insertions":18,"deletions":0}}}]},{"date":"2022-03-11","commitResults":[{"hash":"c975290f40c29aba7dfe9f6153cbc410feb8056f","messageTitle":"simple update on DG","messageBody":"","fileTypesAndContributionMap":{"docs":{"insertions":18,"deletions":2}}},{"hash":"2b667f7cf811c161d1adfb1366237eda2a2e9259","messageTitle":"simply update aboutus.md","messageBody":"","fileTypesAndContributionMap":{"docs":{"insertions":25,"deletions":19}}},{"hash":"248ffcba2f1611ad891703bc5df8a155e500bdfe","messageTitle":"checkstyle","messageBody":"","fileTypesAndContributionMap":{"docs":{"insertions":10,"deletions":8}}}]}],"KaydenKhor":[{"date":"2022-02-18","commitResults":[{"hash":"d772afba9c1be77840584d014e2eae082af5a0e4","messageTitle":"Update AboutUs.md","messageBody":"","fileTypesAndContributionMap":{"docs":{"insertions":3,"deletions":3}}}]}],"Mr-YaRou":[]},"authorFileTypeContributionMap":{"e0262191":{"docs":0,"functional-code":0,"test-code":0},"Ruiting1":{"docs":167,"functional-code":851,"test-code":51},"KaydenKhor":{"docs":3,"functional-code":0,"test-code":0},"Mr-YaRou":{"docs":0,"functional-code":0,"test-code":0}},"authorContributionVariance":{"e0262191":0.0,"Ruiting1":23596.299,"KaydenKhor":1.1985719,"Mr-YaRou":0.0},"authorDisplayNameMap":{"e0262191":"TIC4002-F18-6 TAN ..RICK","Ruiting1":"TIC4002-F18-6 NIE ..TING","KaydenKhor":"TIC4002-F18-6 KHOR..YONG","Mr-YaRou":"TIC4002-F18-6 GIMP..ADAY"}}
