{"authorDailyContributionsMap":{"e0262191":[],"Ruiting1":[{"date":"2022-02-11","commitResults":[{"hash":"e3ff49ad7b1b046b1f571a4ef85d7a26c8c57f55","messageTitle":"Update index.md","messageBody":"","fileTypesAndContributionMap":{"docs":{"insertions":1,"deletions":1}}}]},{"date":"2022-02-26","commitResults":[{"hash":"71cab2d50cd862e5834717d1efcd8af6c737052d","messageTitle":"make the two panel view for the Main Window","messageBody":"","fileTypesAndContributionMap":{"functional-code":{"insertions":65,"deletions":44}}},{"hash":"87330829fd7b7c5dfac19fff6577da2e02d3d613","messageTitle":"update readme.ms","messageBody":"","fileTypesAndContributionMap":{"docs":{"insertions":18,"deletions":11}}},{"hash":"6f03a852d7155f3a57d74096d749661ce6aebcf1","messageTitle":"update readme.md","messageBody":"","fileTypesAndContributionMap":{"docs":{"insertions":2,"deletions":0}}}]},{"date":"2022-02-28","commitResults":[{"hash":"42ed4411c7c806bcd31e37a450ef14e190576cf6","messageTitle":"create basic Post structures","messageBody":"","fileTypesAndContributionMap":{"functional-code":{"insertions":30,"deletions":7}}},{"hash":"5d55bd3fdbe991b2801b0d86b54ee2da4705f7b0","messageTitle":"mainwindow.fxml","messageBody":"","fileTypesAndContributionMap":{"functional-code":{"insertions":45,"deletions":42}}},{"hash":"f84995438aaea37dae7030d857b0495385acba46","messageTitle":"create post structure, JsonAdaptedPost","messageBody":"","fileTypesAndContributionMap":{"functional-code":{"insertions":336,"deletions":1}}},{"hash":"8053d3f53959326cf30966a9ac5683f088889ecf","messageTitle":"checkstyle","messageBody":"","fileTypesAndContributionMap":{"functional-code":{"insertions":27,"deletions":31}}}]},{"date":"2022-03-02","commitResults":[{"hash":"78ce3b35f1912074c237d45b20c068a22e699c7e","messageTitle":"update User Guide","messageBody":"","fileTypesAndContributionMap":{"docs":{"insertions":101,"deletions":22}}},{"hash":"20dfa8a804a99eb3e3c79543de4ae897d39c999f","messageTitle":"create PostCard and PostListPanel in the ui package","messageBody":"","fileTypesAndContributionMap":{"functional-code":{"insertions":150,"deletions":1}}},{"hash":"ba9bb3ecbf99f88d8f242c2788de45318032b462","messageTitle":"create Post list structure and basic function, create exception for the post model","messageBody":"","fileTypesAndContributionMap":{"functional-code":{"insertions":148,"deletions":1}}},{"hash":"590b94c756ea06a9c4120632a3e9657928b85fd4","messageTitle":"update model\\AddressBook.java","messageBody":"","fileTypesAndContributionMap":{"functional-code":{"insertions":62,"deletions":5}}},{"hash":"fd03252350f586bc0a693037ba390bc403f18140","messageTitle":"fix some issue to have a work copy","messageBody":"","fileTypesAndContributionMap":{"functional-code":{"insertions":108,"deletions":8}}},{"hash":"acc73ef4f0131e88ebbb3aa3dc7ffece753dc2ee","messageTitle":"fix checkstyle","messageBody":"","fileTypesAndContributionMap":{"functional-code":{"insertions":23,"deletions":16}}},{"hash":"d2ae680a0be183caf4eec5696185f0ef3961ac3a","messageTitle":"add more junit test due to the added content struture, still pending","messageBody":"","fileTypesAndContributionMap":{"test-code":{"insertions":33,"deletions":0}}}]},{"date":"2022-03-03","commitResults":[{"hash":"ad9e01e1237889e4521eb9b65e5e43429df4c0da","messageTitle":"fix some json Junit test and add some new tests","messageBody":"","fileTypesAndContributionMap":{"test-code":{"insertions":18,"deletions":0}}}]},{"date":"2022-03-11","commitResults":[{"hash":"c975290f40c29aba7dfe9f6153cbc410feb8056f","messageTitle":"simple update on DG","messageBody":"","fileTypesAndContributionMap":{"docs":{"insertions":18,"deletions":2}}},{"hash":"2b667f7cf811c161d1adfb1366237eda2a2e9259","messageTitle":"simply update aboutus.md","messageBody":"","fileTypesAndContributionMap":{"docs":{"insertions":25,"deletions":19}}},{"hash":"248ffcba2f1611ad891703bc5df8a155e500bdfe","messageTitle":"checkstyle","messageBody":"","fileTypesAndContributionMap":{"docs":{"insertions":10,"deletions":8}}},{"hash":"86e0acce44b78cf6283325fa40328162d8a617fa","messageTitle":"paser to detect which list to proceed and implement delete function","messageBody":"","fileTypesAndContributionMap":{"functional-code":{"insertions":71,"deletions":15}}},{"hash":"6c52619f6502c7104c096c57dccf26daf5032cf4","messageTitle":"fix checkstylemain","messageBody":"","fileTypesAndContributionMap":{"functional-code":{"insertions":28,"deletions":22}}},{"hash":"c4995c901fd3e4ac405e17456feb4152811905cd","messageTitle":"fix test","messageBody":"","fileTypesAndContributionMap":{"test-code":{"insertions":17,"deletions":18}}}]},{"date":"2022-03-20","commitResults":[{"hash":"a602a08553ecd3e44acb0679b5a74b9eda6e9b5c","messageTitle":"initial SendCommand","messageBody":"","fileTypesAndContributionMap":{"functional-code":{"insertions":216,"deletions":14}}},{"hash":"fcfe6e51b792c60182f3a2646c45ab90801f540a","messageTitle":"fix check style and test","messageBody":"","fileTypesAndContributionMap":{"functional-code":{"insertions":51,"deletions":40},"test-code":{"insertions":6,"deletions":0}}}]},{"date":"2022-03-21","commitResults":[{"hash":"b8b49c90397b53ed446d256fbdc27d5ee0ec4776","messageTitle":"improve send command to indicate duplicate clients","messageBody":"","fileTypesAndContributionMap":{"functional-code":{"insertions":54,"deletions":19}}},{"hash":"641f5d043a2c554c03f85b996bb8d570ecd122cf","messageTitle":"UG check style","messageBody":"","fileTypesAndContributionMap":{"docs":{"insertions":51,"deletions":39}}},{"hash":"8764478a1529cff769a9f14d8a556384df32be4d","messageTitle":"run-check.sh","messageBody":"","fileTypesAndContributionMap":{"docs":{"insertions":128,"deletions":71}}}]},{"date":"2022-03-23","commitResults":[{"hash":"51d5010cb174c678871c9835a95770718bb454e5","messageTitle":"convert postDate from string to localdatetimt","messageBody":"","fileTypesAndContributionMap":{"functional-code":{"insertions":16,"deletions":8}}}]},{"date":"2022-03-24","commitResults":[{"hash":"6f539c825d5f911d4e29b0d5157afae65c5e3951","messageTitle":"init SortCommand for postdate","messageBody":"","fileTypesAndContributionMap":{"functional-code":{"insertions":144,"deletions":10}}},{"hash":"9b57497fdb05f312c6f460486b8beaeded722792","messageTitle":"fix checkstyle and test","messageBody":"","fileTypesAndContributionMap":{"functional-code":{"insertions":43,"deletions":34},"test-code":{"insertions":6,"deletions":0}}},{"hash":"c400bf7d970ea586a2a315091a3a4c1c458bfe38","messageTitle":"add some java doc","messageBody":"","fileTypesAndContributionMap":{"functional-code":{"insertions":13,"deletions":1}}},{"hash":"10bd5df9ca1ba77fb42547fff5bec64e8dec96c7","messageTitle":"add sample data in SampleDataUtil to make sure jar file can load samlpe data","messageBody":"","fileTypesAndContributionMap":{"functional-code":{"insertions":71,"deletions":13}}},{"hash":"f421c4e77878c9ae433a653cb505fd3a5e5b3bdc","messageTitle":"enable assertion in build.gradle","messageBody":"","fileTypesAndContributionMap":{"other":{"insertions":5,"deletions":0}}},{"hash":"9fdeff39a1f92967c2febb45a0642bef9210f219","messageTitle":"add post function","messageBody":"","fileTypesAndContributionMap":{"functional-code":{"insertions":146,"deletions":21}}},{"hash":"8b685723b7e0dcef2b860a7e7cd9063ad4bcd57a","messageTitle":"half way fix test","messageBody":"","fileTypesAndContributionMap":{"test-code":{"insertions":25,"deletions":51}}},{"hash":"0f7fab97a8b2cb3922ea5ab0e1fe5505b1b9ebc0","messageTitle":"update User Guide","messageBody":"","tags":["v.1.3"],"fileTypesAndContributionMap":{"other":{"insertions":1,"deletions":1},"docs":{"insertions":56,"deletions":77}}}]},{"date":"2022-03-25","commitResults":[{"hash":"64e16c5eb49b4a44b7f740787f8bb069e368742a","messageTitle":"fix test","messageBody":"","fileTypesAndContributionMap":{"functional-code":{"insertions":13,"deletions":6},"test-code":{"insertions":72,"deletions":16}}},{"hash":"442cfb3a56f366f9c351dbe6b7002915642a23a9","messageTitle":"updates","messageBody":"","fileTypesAndContributionMap":{"functional-code":{"insertions":22,"deletions":20}}}]},{"date":"2022-03-26","commitResults":[{"hash":"2843c807840013a949d8ceac0c3f1f3bd68e9fd8","messageTitle":"update","messageBody":"","fileTypesAndContributionMap":{"functional-code":{"insertions":1,"deletions":2}}}]},{"date":"2022-04-11","commitResults":[{"hash":"298d9c770a69621c581357bff9e9463b5bc8d926","messageTitle":"ruiting PPP draft","messageBody":"","fileTypesAndContributionMap":{"docs":{"insertions":46,"deletions":9}}},{"hash":"f20ff01b0c51b183e6e3a77752c2551e935ddf08","messageTitle":"increase result display size","messageBody":"","fileTypesAndContributionMap":{"functional-code":{"insertions":9,"deletions":3}}},{"hash":"f4db17bd4089663f41664b26c1ae35a91caa79e3","messageTitle":"checkstyle","messageBody":"","fileTypesAndContributionMap":{"functional-code":{"insertions":2,"deletions":6}}},{"hash":"601cf697dbf2d6d81bec853dd15674d0c8038cb5","messageTitle":"mass delete","messageBody":"","fileTypesAndContributionMap":{"functional-code":{"insertions":115,"deletions":17}}},{"hash":"60887eef4384376d6be214967fb9036ae8b82616","messageTitle":"check style","messageBody":"","fileTypesAndContributionMap":{"functional-code":{"insertions":2,"deletions":2}}},{"hash":"516e23d0a4af80ee8dc05837ca3404dc76deab5b","messageTitle":"check style and fix deletecommand and deletecommand parser test","messageBody":"","fileTypesAndContributionMap":{"test-code":{"insertions":55,"deletions":11}}},{"hash":"73a78e879b6757f7fd3e46ffc073b82f40c3a463","messageTitle":"deletecommandparser test fix","messageBody":"","fileTypesAndContributionMap":{"test-code":{"insertions":18,"deletions":2}}},{"hash":"9304e24ce21f450e254b952302da4e094f315fc5","messageTitle":"sendcommand sequence diagram","messageBody":"","fileTypesAndContributionMap":{"docs":{"insertions":71,"deletions":0},"test-code":{"insertions":10,"deletions":3}}},{"hash":"280739554134bfffac15cc81f2017472f818535f","messageTitle":"ruiting PPP update","messageBody":"","fileTypesAndContributionMap":{"docs":{"insertions":8,"deletions":1}}},{"hash":"3a4ceef57ec7d1e724337c36fb8d55f494bc6332","messageTitle":"update User Guide","messageBody":"","fileTypesAndContributionMap":{"docs":{"insertions":2,"deletions":2}}},{"hash":"197a362e2c74f041c27e03c9f52e4236c309ed1f","messageTitle":"update DG","messageBody":"","fileTypesAndContributionMap":{"docs":{"insertions":16,"deletions":0}}},{"hash":"1d8c0bfb0c8cbca37f7a08f9cae900651fd05b9a","messageTitle":"ruiting ppp update","messageBody":"","fileTypesAndContributionMap":{"docs":{"insertions":1,"deletions":0}}},{"hash":"7cd5b74fc8cbed89f1976983c38bc69016fa2ee9","messageTitle":"ruiting PPP","messageBody":"","tags":["v1.4"],"fileTypesAndContributionMap":{"docs":{"insertions":7,"deletions":0}}},{"hash":"c8c847b637b751a0b60298132dce1fe8ec9ba118","messageTitle":"ruiting PPP add name","messageBody":"","fileTypesAndContributionMap":{"docs":{"insertions":2,"deletions":0}}},{"hash":"162a86e68ba6c26eaa4aa2b0b519268253118b50","messageTitle":"ruiting PPP add name","messageBody":"","fileTypesAndContributionMap":{"docs":{"insertions":1,"deletions":1}}}]}],"KaydenKhor":[{"date":"2022-02-18","commitResults":[{"hash":"d772afba9c1be77840584d014e2eae082af5a0e4","messageTitle":"Update AboutUs.md","messageBody":"","fileTypesAndContributionMap":{"docs":{"insertions":3,"deletions":3}}}]},{"date":"2022-03-11","commitResults":[{"hash":"6da84dd007a416fa09e8baa74022f7a4a0f283c0","messageTitle":"Update DeveloperGuide.md","messageBody":"First draft of developer guide.","fileTypesAndContributionMap":{"docs":{"insertions":54,"deletions":1}}},{"hash":"14b017d953ae0f2cdb8091124696fcd31a812425","messageTitle":"Update DeveloperGuide.md","messageBody":"First draft of developer guide by kee yong","fileTypesAndContributionMap":{"docs":{"insertions":72,"deletions":3}}}]},{"date":"2022-04-11","commitResults":[{"hash":"5c3b68ab04aefbb76fd4bf601dca75785813a920","messageTitle":"Bug Fixing: Addcommand displaying wrong feedback when trying to add post.","messageBody":"","fileTypesAndContributionMap":{"functional-code":{"insertions":10,"deletions":1}}},{"hash":"31dae74f15944cf67d4301d649295ee396c050e6","messageTitle":"improved bug fixing for add command","messageBody":"","fileTypesAndContributionMap":{"functional-code":{"insertions":19,"deletions":9}}},{"hash":"216df7b259b626f33ad13dc69a7a94c5a1b988d3","messageTitle":"Bug fixing update","messageBody":"","fileTypesAndContributionMap":{"functional-code":{"insertions":2,"deletions":2}}},{"hash":"2db63061f3b2e74dbddf72c73e3b14366ddcd946","messageTitle":"Checkstyle error fix","messageBody":"","fileTypesAndContributionMap":{"functional-code":{"insertions":4,"deletions":4}}},{"hash":"30beed8c457be0b20d02e62f51ee245d6b18c5b3","messageTitle":"update","messageBody":"","fileTypesAndContributionMap":{"functional-code":{"insertions":1,"deletions":1}}},{"hash":"1e62c83d0f436b4d426e5dea08252b7c55b1c765","messageTitle":"Checkstyle fixing","messageBody":"","fileTypesAndContributionMap":{"functional-code":{"insertions":3,"deletions":3}}},{"hash":"dec98203e556e813830a258af45151f8256cf8d1","messageTitle":"bug fixing: Delete function reflected wrongly.","messageBody":"","fileTypesAndContributionMap":{"functional-code":{"insertions":1,"deletions":1}}},{"hash":"bb0bab4e2abb934f2b45970907c49e54e1535bf2","messageTitle":"Bug fixing: Help command","messageBody":"","fileTypesAndContributionMap":{"functional-code":{"insertions":1,"deletions":1}}},{"hash":"93ed3e3e072b4b4c37ab432cc3f27f68bc5195c4","messageTitle":"Update UserGuide.md","messageBody":"","fileTypesAndContributionMap":{"docs":{"insertions":1,"deletions":1}}},{"hash":"8cc5a0c85e30d30deaec9372c56ce41a26053d91","messageTitle":"Update UserGuide.md","messageBody":"","fileTypesAndContributionMap":{"docs":{"insertions":1,"deletions":1}}},{"hash":"2b405fe8a80a026af18f7710bd800047c926496a","messageTitle":"Update UserGuide.md","messageBody":"","fileTypesAndContributionMap":{"docs":{"insertions":1,"deletions":1}}},{"hash":"e79defd48011970f719e2fbdb2beaf3c0d4bd257","messageTitle":"Update UserGuide.md","messageBody":"","fileTypesAndContributionMap":{"docs":{"insertions":2,"deletions":2}}},{"hash":"17ec38e30a67e33164e75999afb699d6f3f9c873","messageTitle":"Implemented Edit function for Post list. Edit function fully functioning now","messageBody":"","fileTypesAndContributionMap":{"functional-code":{"insertions":351,"deletions":42}}},{"hash":"7f3d5f142987e7958ac9c0fbd564208253a4e119","messageTitle":"update to clear CI","messageBody":"","fileTypesAndContributionMap":{"functional-code":{"insertions":18,"deletions":6}}},{"hash":"1ed1d109d5b5d5c17f47c775eb32127a91663951","messageTitle":"checkstyle update","messageBody":"","fileTypesAndContributionMap":{"functional-code":{"insertions":57,"deletions":51}}},{"hash":"983b29d6246e729c76c5fbc59e0dc53da497dbad","messageTitle":"Update checkstyle","messageBody":"","fileTypesAndContributionMap":{"functional-code":{"insertions":2,"deletions":4}}},{"hash":"a1aca9d0c128c952ceb9fad8819a87fb08d75508","messageTitle":"Checkstyle error recovery","messageBody":"","fileTypesAndContributionMap":{"functional-code":{"insertions":7,"deletions":3}}},{"hash":"f7cb503ad18115f594c6e39b3f84e4fee421db12","messageTitle":"Update Checkstyle","messageBody":"","fileTypesAndContributionMap":{"functional-code":{"insertions":4,"deletions":2}}},{"hash":"b4421f88a553c0b2877b8a86bee37bc369197e2b","messageTitle":"Empty commit","messageBody":"","fileTypesAndContributionMap":{"functional-code":{"insertions":1,"deletions":1}}},{"hash":"8d586cbec0fd181d4fbd6307645dbba8a447e6b1","messageTitle":"Update parser","messageBody":"","fileTypesAndContributionMap":{"functional-code":{"insertions":6,"deletions":16}}},{"hash":"2a9c9973ad2887690225d677dfbfae0f3142efa5","messageTitle":"Fix CI","messageBody":"","fileTypesAndContributionMap":{"functional-code":{"insertions":0,"deletions":2}}},{"hash":"ce3e8eff7adad1be6cf7d1689bbaaac7b6fa6eea","messageTitle":"fix ci","messageBody":"","fileTypesAndContributionMap":{"functional-code":{"insertions":12,"deletions":4}}},{"hash":"f3c1a631f308c5b85ebcc0034cbc503ab5ba4425","messageTitle":"no message","messageBody":"","fileTypesAndContributionMap":{"functional-code":{"insertions":5,"deletions":3}}},{"hash":"65c9b8946c25493637673004a0366c51e1d8ddb1","messageTitle":"Fixing CI","messageBody":"","fileTypesAndContributionMap":{"functional-code":{"insertions":0,"deletions":1}}},{"hash":"9d9debe272eb287e3aca94dafa47b4a4482c11d6","messageTitle":"Remove parser test due to invalid test cases.","messageBody":"","fileTypesAndContributionMap":{"functional-code":{"insertions":0,"deletions":1},"test-code":{"insertions":2,"deletions":2}}},{"hash":"3bdb16f589a1e77c9f3f51cc3852383c9c30f8d4","messageTitle":"Dummy commit","messageBody":"","fileTypesAndContributionMap":{"test-code":{"insertions":0,"deletions":211}}},{"hash":"e94bb96b1fc3a6a1d146ce4e418c48c2a6fca17c","messageTitle":"parserfix","messageBody":"","fileTypesAndContributionMap":{"test-code":{"insertions":1,"deletions":10}}},{"hash":"04432e4f10f42820821acff1c66a2f1b2151e68a","messageTitle":"no message","messageBody":"","fileTypesAndContributionMap":{"test-code":{"insertions":0,"deletions":1}}},{"hash":"c2007f0bbda3c45909e150a4cf3d5caa156eb592","messageTitle":"no message","messageBody":"","fileTypesAndContributionMap":{"test-code":{"insertions":60,"deletions":0}}},{"hash":"f21abbcdecc18686d48745240d13366f1b0da9f6","messageTitle":"no message","messageBody":"","fileTypesAndContributionMap":{"test-code":{"insertions":0,"deletions":26}}},{"hash":"ee6baf7db94af29709ce8d00514ffb3aa8fc4138","messageTitle":"no message","messageBody":"","fileTypesAndContributionMap":{"test-code":{"insertions":1,"deletions":8}}},{"hash":"9aecde072f685fb403f8b4a7ac13d1934f127e75","messageTitle":"no message","messageBody":"","fileTypesAndContributionMap":{"test-code":{"insertions":0,"deletions":3}}},{"hash":"d353fb0637a40aeb16da8cc746ab4b41692e711b","messageTitle":"no message","messageBody":"","fileTypesAndContributionMap":{"test-code":{"insertions":4,"deletions":13}}},{"hash":"3fe065c6b4ad4f5bbff4c510182064bce1580d7f","messageTitle":"no message","messageBody":"","fileTypesAndContributionMap":{"test-code":{"insertions":2,"deletions":6}}},{"hash":"15b6e921e71152a99d03cd3ff5576fdafe752ead","messageTitle":"no message","messageBody":"","fileTypesAndContributionMap":{"test-code":{"insertions":200,"deletions":3}}},{"hash":"fee411d91c3661cb710303c0695418ebf7f2f41f","messageTitle":"Update UserGuide.md","messageBody":"","fileTypesAndContributionMap":{"docs":{"insertions":4,"deletions":4}}},{"hash":"309e5a01a2fc466e91079393b7db8eebcbaffcd8","messageTitle":"Update UserGuide.md","messageBody":"","fileTypesAndContributionMap":{"docs":{"insertions":1,"deletions":1}}},{"hash":"38e1e81668f46f6327f86f22edde7efe7e011c9f","messageTitle":"Update UserGuide.md","messageBody":"","fileTypesAndContributionMap":{"docs":{"insertions":3,"deletions":9}}},{"hash":"22d3b3342d65fd950276cc8d510e6c0c3c6a3945","messageTitle":"Update DeveloperGuide.md","messageBody":"","fileTypesAndContributionMap":{"docs":{"insertions":0,"deletions":9}}},{"hash":"705cc1abd81614112f1ed5a573cab3a18d55062c","messageTitle":"Update AboutUs.md","messageBody":"","fileTypesAndContributionMap":{"docs":{"insertions":3,"deletions":2}}},{"hash":"a7a22570b31bf131755c76c7293a22162be59190","messageTitle":"Create kaydenkhor.md","messageBody":"","fileTypesAndContributionMap":{"docs":{"insertions":67,"deletions":0}}},{"hash":"b17b92e781f76ace648c98dd098457991ec9b069","messageTitle":"Update kaydenkhor.md","messageBody":"","fileTypesAndContributionMap":{"docs":{"insertions":0,"deletions":7}}},{"hash":"b2aee23f832efc9b8ade35a85c7b12b2d8666bc5","messageTitle":"Update kaydenkhor.md","messageBody":"","fileTypesAndContributionMap":{"docs":{"insertions":1,"deletions":1}}}]}],"Mr-YaRou":[]},"authorFileTypeContributionMap":{"e0262191":{"docs":0,"functional-code":0,"test-code":0},"Ruiting1":{"docs":412,"functional-code":1628,"test-code":198,"other":4},"KaydenKhor":{"docs":142,"functional-code":357,"test-code":0},"Mr-YaRou":{"docs":0,"functional-code":0,"test-code":0}},"authorContributionVariance":{"e0262191":0.0,"Ruiting1":25825.738,"KaydenKhor":29472.379,"Mr-YaRou":0.0},"authorDisplayNameMap":{"e0262191":"TIC4002-F18-6 TAN ..RICK","Ruiting1":"TIC4002-F18-6 NIE ..TING","KaydenKhor":"TIC4002-F18-6 KHOR..YONG","Mr-YaRou":"TIC4002-F18-6 GIMP..ADAY"}}
