{"authorDailyContributionsMap":{"e0262191":[],"Ruiting1":[{"date":"2022-02-11","commitResults":[{"hash":"e3ff49ad7b1b046b1f571a4ef85d7a26c8c57f55","messageTitle":"Update index.md","messageBody":"","fileTypesAndContributionMap":{"docs":{"insertions":1,"deletions":1}}}]}],"KaydenKhor":[{"date":"2022-02-18","commitResults":[{"hash":"d772afba9c1be77840584d014e2eae082af5a0e4","messageTitle":"Update AboutUs.md","messageBody":"","fileTypesAndContributionMap":{"docs":{"insertions":3,"deletions":3}}}]}],"Mr-YaRou":[]},"authorFileTypeContributionMap":{"e0262191":{"docs":0,"functional-code":0,"test-code":0},"Ruiting1":{"docs":1,"functional-code":0,"test-code":0},"KaydenKhor":{"docs":3,"functional-code":0,"test-code":0},"Mr-YaRou":{"docs":0,"functional-code":0,"test-code":0}},"authorContributionVariance":{"e0262191":0.0,"Ruiting1":0.4375,"KaydenKhor":3.9375,"Mr-YaRou":0.0},"authorDisplayNameMap":{"e0262191":"TIC4002-F18-6 TAN ..RICK","Ruiting1":"TIC4002-F18-6 NIE ..TING","KaydenKhor":"TIC4002-F18-6 KHOR..YONG","Mr-YaRou":"TIC4002-F18-6 GIMP..ADAY"}}
