{"authorDailyContributionsMap":{"e0262191":[],"Ruiting1":[{"date":"2022-02-11","commitResults":[{"hash":"e3ff49ad7b1b046b1f571a4ef85d7a26c8c57f55","messageTitle":"Update index.md","messageBody":"","fileTypesAndContributionMap":{"docs":{"insertions":1,"deletions":1}}}]},{"date":"2022-02-26","commitResults":[{"hash":"87330829fd7b7c5dfac19fff6577da2e02d3d613","messageTitle":"update readme.ms","messageBody":"","fileTypesAndContributionMap":{"docs":{"insertions":18,"deletions":11}}},{"hash":"6f03a852d7155f3a57d74096d749661ce6aebcf1","messageTitle":"update readme.md","messageBody":"","fileTypesAndContributionMap":{"docs":{"insertions":2,"deletions":0}}}]}],"KaydenKhor":[{"date":"2022-02-18","commitResults":[{"hash":"d772afba9c1be77840584d014e2eae082af5a0e4","messageTitle":"Update AboutUs.md","messageBody":"","fileTypesAndContributionMap":{"docs":{"insertions":3,"deletions":3}}}]}],"Mr-YaRou":[]},"authorFileTypeContributionMap":{"e0262191":{"docs":0,"functional-code":0,"test-code":0},"Ruiting1":{"docs":21,"functional-code":0,"test-code":0},"KaydenKhor":{"docs":3,"functional-code":0,"test-code":0},"Mr-YaRou":{"docs":0,"functional-code":0,"test-code":0}},"authorContributionVariance":{"e0262191":0.0,"Ruiting1":56.058594,"KaydenKhor":2.109375,"Mr-YaRou":0.0},"authorDisplayNameMap":{"e0262191":"TIC4002-F18-6 TAN ..RICK","Ruiting1":"TIC4002-F18-6 NIE ..TING","KaydenKhor":"TIC4002-F18-6 KHOR..YONG","Mr-YaRou":"TIC4002-F18-6 GIMP..ADAY"}}
