{"authorDailyContributionsMap":{"ivanhlb":[{"date":"2022-03-19","commitResults":[{"hash":"49e470508ba98227c3fcfc431cfc4b50e92dc078","messageTitle":"Added basic info about self.","messageBody":"","fileTypesAndContributionMap":{"docs":{"insertions":33,"deletions":0}}},{"hash":"76ba162d2941d05aeaa84fe93cc9d6d5186ecfa9","messageTitle":"WIP for Issue #29: Extended and differentiated the find command to find (either name or tag), findName, findTag. Changed the testcases to be for the generic find command, to extend them to cover findName and findTag.","messageBody":"","fileTypesAndContributionMap":{"functional-code":{"insertions":239,"deletions":12},"test-code":{"insertions":13,"deletions":10}}}]},{"date":"2022-03-20","commitResults":[{"hash":"0b705f832fe56b05bf099c4af48be47999e45d69","messageTitle":"Revert \"WIP for Issue #29: Extended and differentiated the find command to find (either name or tag), findName, findTag.\"","messageBody":"This reverts commit 76ba162d2941d05aeaa84fe93cc9d6d5186ecfa9.\n","fileTypesAndContributionMap":{"functional-code":{"insertions":12,"deletions":239},"test-code":{"insertions":10,"deletions":13}}}]},{"date":"2022-03-23","commitResults":[{"hash":"b54f151ecea8c7088bb5dbb6f8c6a8d66a8b9c34","messageTitle":"Reimplementation of find function so you can find by tags, name or if the person owes you money.","messageBody":"","fileTypesAndContributionMap":{"functional-code":{"insertions":82,"deletions":40},"other":{"insertions":11,"deletions":11},"test-code":{"insertions":17,"deletions":17}}},{"hash":"6af019fdeefb2c727ee4378fdfad83a792ca7e27","messageTitle":"Fixed style accordingly.","messageBody":"","fileTypesAndContributionMap":{"functional-code":{"insertions":15,"deletions":11}}},{"hash":"f0080100946824655537a228573fe9f4a8e9e12b","messageTitle":"Thanks Checkstyle for being strict.","messageBody":"","fileTypesAndContributionMap":{"test-code":{"insertions":2,"deletions":2}}},{"hash":"ad3efc4a9684141cebd3a46d4945b2d412510dd7","messageTitle":"Updated testcases so that they pass with updated tests.","messageBody":"","fileTypesAndContributionMap":{"functional-code":{"insertions":2,"deletions":2},"test-code":{"insertions":15,"deletions":7}}}]},{"date":"2022-03-25","commitResults":[{"hash":"415bc94c97e644848dc4943e84e1df45e6bcafba","messageTitle":"#43 updated UG to reflect new capabilities of find command. Switch non displaying jpg to png, updated personal doc.","messageBody":"","fileTypesAndContributionMap":{"docs":{"insertions":20,"deletions":19}}}]}],"TanChiaChun":[{"date":"2022-02-11","commitResults":[{"hash":"1054b82b1d33341823111f7fc354b7e4ddfb2a45","messageTitle":"Update index.md","messageBody":"","fileTypesAndContributionMap":{"docs":{"insertions":1,"deletions":1}}}]},{"date":"2022-02-26","commitResults":[{"hash":"ceeba783b2d44bc97e5d66cd6f10e04ce09ba2ab","messageTitle":"Add PPP","messageBody":"","fileTypesAndContributionMap":{"docs":{"insertions":12,"deletions":0}}},{"hash":"ddbd39d131920bc6cba8ed30c1b20fad44e9a556","messageTitle":"Update AboutUs","messageBody":"","fileTypesAndContributionMap":{"docs":{"insertions":5,"deletions":45}}},{"hash":"978dc103a21a61fd4e96945392661ff2dea2a133","messageTitle":"Add new line at EOF","messageBody":"","fileTypesAndContributionMap":{"docs":{"insertions":1,"deletions":1}}},{"hash":"247713c9ea6b6a6c8dc265bc56deffcf3d7b678f","messageTitle":"Update for Contact Manager","messageBody":"","fileTypesAndContributionMap":{"docs":{"insertions":10,"deletions":10}}},{"hash":"d38e5ba4dcdec95bd6e01e428fcf62f72002eecd","messageTitle":"Add argument to edit money owed","messageBody":"","fileTypesAndContributionMap":{"docs":{"insertions":4,"deletions":3}}},{"hash":"a06d271931f4c52b00fc740b1b6c06345cb1fec2","messageTitle":"Update command summary","messageBody":"","fileTypesAndContributionMap":{"docs":{"insertions":1,"deletions":1}}},{"hash":"1d3379707bc834e2ac392ee82e57883dcc12023d","messageTitle":"Add argument to list money owed","messageBody":"","fileTypesAndContributionMap":{"docs":{"insertions":5,"deletions":2}}},{"hash":"bb14616e8304865717fc34ea3c060d82c9f8f8a4","messageTitle":"Further update for Contact Manager","messageBody":"","fileTypesAndContributionMap":{"docs":{"insertions":6,"deletions":6}}},{"hash":"115171ab5804fa3f899270433535930ae242c3e6","messageTitle":"Update for Contact Manager","messageBody":"","fileTypesAndContributionMap":{"docs":{"insertions":10,"deletions":10}}},{"hash":"eceb6d71c354fa4a026d390603108ea366041f81","messageTitle":"Undo UG changes","messageBody":"","fileTypesAndContributionMap":{"docs":{"insertions":26,"deletions":30}}},{"hash":"8e40632263f94d95c306ff4d535dfe4b3eecdf40","messageTitle":"Further undo UG changes","messageBody":"","fileTypesAndContributionMap":{"docs":{"insertions":7,"deletions":7}}},{"hash":"3e65f72b42e1ec1aa6d2367bc32bd8209eb105af","messageTitle":"Further undo UG changes","messageBody":"","fileTypesAndContributionMap":{"docs":{"insertions":1,"deletions":1}}},{"hash":"2b674f8494f1274c8870fe0e01249870f2aadb00","messageTitle":"Further align changes","messageBody":"","fileTypesAndContributionMap":{"docs":{"insertions":14,"deletions":14}}},{"hash":"9c8556bda12cacc19faa1a0b5e29a72a7ec63dff","messageTitle":"Update target user profile","messageBody":"","fileTypesAndContributionMap":{"docs":{"insertions":2,"deletions":0}}},{"hash":"cb0367d05f2369382c7c381bfc2dfa2bfcdc2e18","messageTitle":"Update value proposition","messageBody":"","fileTypesAndContributionMap":{"docs":{"insertions":1,"deletions":1}}},{"hash":"8b1789d8f823ddb5f80fae814371444d41ddda6e","messageTitle":"Add user stories","messageBody":"","fileTypesAndContributionMap":{"docs":{"insertions":10,"deletions":8}}},{"hash":"70e7313063b7a9ec279cf2fcaaf80caea29bfe93","messageTitle":"Add use case","messageBody":"","fileTypesAndContributionMap":{"docs":{"insertions":9,"deletions":0}}},{"hash":"b84471f5b82dba705f2e92803510e2528962553a","messageTitle":"Add glossary","messageBody":"","fileTypesAndContributionMap":{"docs":{"insertions":5,"deletions":3}}},{"hash":"c386e3b42d33d9467e5e6e7943b48548972e8d38","messageTitle":"Add glossary","messageBody":"","fileTypesAndContributionMap":{"docs":{"insertions":1,"deletions":1}}},{"hash":"21c78c528799701f313d3266493d541153b46dc4","messageTitle":"Change verb","messageBody":"","fileTypesAndContributionMap":{"docs":{"insertions":1,"deletions":1}}},{"hash":"2921c799823e9d0f86795eb6bfcdce9fe316a92b","messageTitle":"Init Money class","messageBody":"","fileTypesAndContributionMap":{"functional-code":{"insertions":4,"deletions":0}}},{"hash":"edb6ee43e1d339d5e43fc58a5a96ea3cc863f8a5","messageTitle":"Undo","messageBody":"","fileTypesAndContributionMap":{"functional-code":{"insertions":0,"deletions":4}}},{"hash":"51e56d48eb14e6f639e207a739c7b0396d74da92","messageTitle":"Init Money class","messageBody":"","fileTypesAndContributionMap":{"functional-code":{"insertions":4,"deletions":0}}}]},{"date":"2022-03-04","commitResults":[{"hash":"92b8ee8e543d03abb6f75a79f1fa15edd9bb688a","messageTitle":"Corrected previous DG merge conflict","messageBody":"","fileTypesAndContributionMap":{"docs":{"insertions":7,"deletions":6}}}]},{"date":"2022-03-06","commitResults":[{"hash":"fedfa7edddbb80c8c6abc709e91c131cd07a47b6","messageTitle":"Correct link of GitHub Actions build status badge","messageBody":"","fileTypesAndContributionMap":{"docs":{"insertions":1,"deletions":1}}}]},{"date":"2022-03-10","commitResults":[{"hash":"fa834f1701f0638be134dab5a8a09dbe43d8c903","messageTitle":"Add class comment","messageBody":"","fileTypesAndContributionMap":{"functional-code":{"insertions":3,"deletions":0}}},{"hash":"3d5d741d4d5c72c767d6cad376a7a2ad70c5d92d","messageTitle":"Add attribute","messageBody":"","fileTypesAndContributionMap":{"functional-code":{"insertions":1,"deletions":0}}},{"hash":"efc2b48178fca897085094f827a4c1501ed1ec11","messageTitle":"Add constructor","messageBody":"","fileTypesAndContributionMap":{"functional-code":{"insertions":12,"deletions":0}}},{"hash":"9ac219f9440b2cf68ac546a34d542e658a5c8fe0","messageTitle":"Change attribute to final","messageBody":"","fileTypesAndContributionMap":{"functional-code":{"insertions":1,"deletions":1}}},{"hash":"a45b3ec0469d8f6db38cac2c0d6126be3494f8bf","messageTitle":"Change float to double","messageBody":"","fileTypesAndContributionMap":{"functional-code":{"insertions":2,"deletions":2}}},{"hash":"a802cf31cf164c988ac50fdbd751f1c184fd078f","messageTitle":"Add Money to Person class","messageBody":"","fileTypesAndContributionMap":{"functional-code":{"insertions":16,"deletions":10},"test-code":{"insertions":2,"deletions":1}}},{"hash":"e138a2a62fe5b22b3bfabb18060cc63b7a460f86","messageTitle":"Override toString() for Money class","messageBody":"","fileTypesAndContributionMap":{"functional-code":{"insertions":5,"deletions":0}}},{"hash":"f856c3c4145b0c84cdc54c8e1a2c8fc37be6b3e5","messageTitle":"Update Person toString()","messageBody":"","fileTypesAndContributionMap":{"functional-code":{"insertions":7,"deletions":1}}},{"hash":"f6bd747b484f2d4afda9a80d420b4fc8f71f3423","messageTitle":"Add PREFIX_MONEY","messageBody":"","fileTypesAndContributionMap":{"functional-code":{"insertions":1,"deletions":0}}},{"hash":"c6e70b4bca67e20cc27b4d366f9f6fdec233a0fb","messageTitle":"Add PREFIX_MONEY to ArgumentTokenizer","messageBody":"","fileTypesAndContributionMap":{"functional-code":{"insertions":3,"deletions":1}}},{"hash":"dbab70be0efddf19822890bed22e4e6ed4ccb36e","messageTitle":"Add Money regex check","messageBody":"","fileTypesAndContributionMap":{"functional-code":{"insertions":8,"deletions":0}}},{"hash":"b91ede2ca66728995f0039dc77a1757a7203ff8c","messageTitle":"Add Money MESSAGE_CONSTRAINTS","messageBody":"","fileTypesAndContributionMap":{"functional-code":{"insertions":1,"deletions":0}}},{"hash":"c13ace3246d474997521e939b8144961ca7ebada","messageTitle":"Add parseMoney()","messageBody":"","fileTypesAndContributionMap":{"functional-code":{"insertions":16,"deletions":0}}},{"hash":"13ca59e2615e35966f6f682855842a12d530778d","messageTitle":"Add Money to EditPersonDescriptor","messageBody":"","fileTypesAndContributionMap":{"functional-code":{"insertions":6,"deletions":0}}},{"hash":"d15a682c1bf12b1c56ce97763ac0ad59ad6f955a","messageTitle":"Add Money to EditCommand parse()","messageBody":"","fileTypesAndContributionMap":{"functional-code":{"insertions":3,"deletions":0}}},{"hash":"e50591c91f7cfe2a1a2cf0a43cfe23bb14e72981","messageTitle":"Add getMoney()","messageBody":"","fileTypesAndContributionMap":{"functional-code":{"insertions":4,"deletions":0}}},{"hash":"89d3dd8fd5fdd7a35d0be4bf5f4ec8f27143983f","messageTitle":"Add Money to createEditedPerson()","messageBody":"","fileTypesAndContributionMap":{"functional-code":{"insertions":2,"deletions":1}}}]},{"date":"2022-03-11","commitResults":[{"hash":"cda752ed6ee95958856718254af754190211c8f7","messageTitle":"Add Money to isAnyFieldEdited()","messageBody":"","fileTypesAndContributionMap":{"functional-code":{"insertions":1,"deletions":1}}},{"hash":"6745c56b3bb326af840982832deada61db91fc0f","messageTitle":"Add Money to PersonBuilder","messageBody":"","fileTypesAndContributionMap":{"test-code":{"insertions":13,"deletions":1}}},{"hash":"9d7363e02541b0eed9f0eda3ec6b1b3204305104","messageTitle":"Add getValue()","messageBody":"","fileTypesAndContributionMap":{"functional-code":{"insertions":4,"deletions":0}}},{"hash":"ea8e9b8a2b821d4ce12363e61aa323c52fe9d999","messageTitle":"Add Money to JsonAdaptedPerson \u0026 Test","messageBody":"","fileTypesAndContributionMap":{"functional-code":{"insertions":13,"deletions":2},"test-code":{"insertions":32,"deletions":9}}},{"hash":"0252c78fe199a8c14edacac7da5029b8f30846d7","messageTitle":"Address tests","messageBody":"","fileTypesAndContributionMap":{"test-code":{"insertions":8,"deletions":7}}},{"hash":"637f63e10acd1e645b1a92be0bab857745343897","messageTitle":"Add Money to PersonListCard UI","messageBody":"","fileTypesAndContributionMap":{"functional-code":{"insertions":4,"deletions":0}}},{"hash":"57b557ca13333013cfae3f4a1e466947e5d0c7cc","messageTitle":"Remove getValue()","messageBody":"","fileTypesAndContributionMap":{"functional-code":{"insertions":1,"deletions":5}}},{"hash":"f1d43bacc53e5ee549d571016c5d796c52a08306","messageTitle":"Update EditCommand MESSAGE_USAGE","messageBody":"","fileTypesAndContributionMap":{"functional-code":{"insertions":2,"deletions":0}}},{"hash":"e30d79bce629c9f79c328f5d6747cf7c4aff5ec5","messageTitle":"Update equals() for EditCommand + Money","messageBody":"","fileTypesAndContributionMap":{"functional-code":{"insertions":8,"deletions":0}}},{"hash":"cd74a4d86832cdb7af0ed3ff2d3d607eb6f76c4d","messageTitle":"Address test","messageBody":"","fileTypesAndContributionMap":{"test-code":{"insertions":2,"deletions":0}}},{"hash":"7905d195305326a6d420ecbb4753c42e94ff5131","messageTitle":"Add Money to Person equals()","messageBody":"","fileTypesAndContributionMap":{"functional-code":{"insertions":1,"deletions":0}}},{"hash":"4a52f684d5e477e9c4bbac4fd7f06ea928483ca8","messageTitle":"Address test","messageBody":"","fileTypesAndContributionMap":{"test-code":{"insertions":5,"deletions":4}}},{"hash":"83c124a2c8824a9d4f77d96497d2f2cfea647838","messageTitle":"Add Money to Person hashCode()","messageBody":"","fileTypesAndContributionMap":{"functional-code":{"insertions":1,"deletions":1}}},{"hash":"2603aaf497518484c1a051f20ec0bcd4912eeb5b","messageTitle":"Remove trailing white spaces","messageBody":"","fileTypesAndContributionMap":{"docs":{"insertions":1,"deletions":1}}},{"hash":"a8ad4f099581e9d05ad73acb079cb64ab4dd7e4c","messageTitle":"Resolve CI","messageBody":"","fileTypesAndContributionMap":{"test-code":{"insertions":1,"deletions":1}}},{"hash":"4e9329d5c7fbad0bebf4b24292ef9b642ec2e051","messageTitle":"Add hashCode() to Money","messageBody":"","fileTypesAndContributionMap":{"functional-code":{"insertions":5,"deletions":0}}}]},{"date":"2022-03-12","commitResults":[{"hash":"e9fec46d907613e4e6cae26de32cb1b4a9659a91","messageTitle":"Enable assertions","messageBody":"","fileTypesAndContributionMap":{"other":{"insertions":4,"deletions":0}}}]},{"date":"2022-03-17","commitResults":[{"hash":"c206df9e8ac5ef286070902e56e34c7cdfdd390d","messageTitle":"Add Money class to Model diagrams","messageBody":"","fileTypesAndContributionMap":{"docs":{"insertions":3,"deletions":0}}},{"hash":"4b87209c672f3da9545f40822e5dcde81e4fb173","messageTitle":"Add brief description of Person class attribute","messageBody":"","fileTypesAndContributionMap":{"docs":{"insertions":2,"deletions":0}}},{"hash":"2d14091dbe6661761c4de7d06b03eb5fad45724b","messageTitle":"Update version number to v1.2.1","messageBody":"","tags":["v1.2.1"],"fileTypesAndContributionMap":{"functional-code":{"insertions":1,"deletions":1}}},{"hash":"9a225291b50f92c9ad8ff1643b30780c227e882c","messageTitle":"Draft Command Execution","messageBody":"","fileTypesAndContributionMap":{"docs":{"insertions":7,"deletions":0}}}]},{"date":"2022-03-20","commitResults":[{"hash":"bf90159352bd55ad61e26ffaf270671d2b07fcc3","messageTitle":"Add getValue() to Money class","messageBody":"","fileTypesAndContributionMap":{"functional-code":{"insertions":4,"deletions":0}}},{"hash":"8c311f43626672f7540e6837ee4cba1fecb00b3d","messageTitle":"Implement getTotalMoney()","messageBody":"","fileTypesAndContributionMap":{"functional-code":{"insertions":8,"deletions":0}}},{"hash":"6eac28fc3eafe956ab18e30a5445ff6294df05e2","messageTitle":"Execute getTotalMoney() via EditCommand logging","messageBody":"","fileTypesAndContributionMap":{"functional-code":{"insertions":18,"deletions":0}}},{"hash":"5ad79486824a521a6f4b871becc42c084a3aa598","messageTitle":"Add blank getTotalMoney() to ModelStub","messageBody":"","fileTypesAndContributionMap":{"test-code":{"insertions":5,"deletions":0}}}]},{"date":"2022-03-22","commitResults":[{"hash":"e8749a440cc791bbbcc3aad0c6c6f1b7333961e2","messageTitle":"Draft OverviewPanel","messageBody":"","fileTypesAndContributionMap":{"functional-code":{"insertions":33,"deletions":0}}},{"hash":"78e52ac7e5277035a396bb5f3d1cfbfa79f6a51f","messageTitle":"Style OverviewPanel with minor change on ResultDisplay","messageBody":"","fileTypesAndContributionMap":{"functional-code":{"insertions":22,"deletions":4}}},{"hash":"d88627f0c78189c0eff8ca2158d2c588796c57ee","messageTitle":"Link OverviewPanel Label with totalMoney via property listener","messageBody":"","fileTypesAndContributionMap":{"functional-code":{"insertions":40,"deletions":7}}},{"hash":"5a81368e4c9dc80676856297d5cac512d1742d3c","messageTitle":"Add empty addPropertyChangeListener() to ModelStub","messageBody":"","fileTypesAndContributionMap":{"test-code":{"insertions":6,"deletions":0}}},{"hash":"a08ca592b763939bc4b146143416e6bbd2202bb0","messageTitle":"Add prefix text to OverviewPanel Label","messageBody":"","fileTypesAndContributionMap":{"functional-code":{"insertions":1,"deletions":1}}},{"hash":"cdccb78deb878963b8229474eb93fdad280c10ee","messageTitle":"Refactor updateTotalMoney()","messageBody":"","fileTypesAndContributionMap":{"functional-code":{"insertions":4,"deletions":13},"test-code":{"insertions":1,"deletions":1}}},{"hash":"f71b7e74861dae8dc2a9d3e8eaa47a053bdd5fe9","messageTitle":"Execute model.updateTotalMoney() from init \u0026 EditCommand","messageBody":"","fileTypesAndContributionMap":{"functional-code":{"insertions":3,"deletions":0}}},{"hash":"01304c35d89ebc6e45c7708e560b6f9ec3b7f666","messageTitle":"Ensure UI text display during totalMoney 0 init","messageBody":"","fileTypesAndContributionMap":{"functional-code":{"insertions":7,"deletions":1}}}]},{"date":"2022-03-23","commitResults":[{"hash":"0d0b83841ffdcf3882bf85b09832d526c53e613c","messageTitle":"Change text of OverviewPanel money label","messageBody":"","fileTypesAndContributionMap":{"functional-code":{"insertions":1,"deletions":1}}},{"hash":"91071f4456bd52af079eb59f717e31a5ae65a7fa","messageTitle":"Add contactCount Label","messageBody":"","fileTypesAndContributionMap":{"functional-code":{"insertions":3,"deletions":0}}},{"hash":"3a661f0682ec2d78930286d7eded6d6471740071","messageTitle":"Add logic to count contacts with money owed","messageBody":"","fileTypesAndContributionMap":{"functional-code":{"insertions":50,"deletions":2},"test-code":{"insertions":5,"deletions":0}}},{"hash":"559db3c7f71424023843dd1afc7ba41d018f75b1","messageTitle":"Update OverviewPanel Labels text + refactors","messageBody":"","fileTypesAndContributionMap":{"functional-code":{"insertions":7,"deletions":4}}},{"hash":"9a65c9f07cbd6389a735107590baa7a45df65161","messageTitle":"Add singular Label text for contacts count \u003c 1","messageBody":"","fileTypesAndContributionMap":{"functional-code":{"insertions":5,"deletions":2}}}]},{"date":"2022-03-24","commitResults":[{"hash":"f0f5ee242df695e33dff42b1e008e3979eef61df","messageTitle":"Enhance input constraint for Money","messageBody":"","fileTypesAndContributionMap":{"functional-code":{"insertions":3,"deletions":2}}},{"hash":"14c60aba207c3dcd0ecfb58ad55f1536fce97caa","messageTitle":"Round getTotalMoney() to 2dp","messageBody":"","fileTypesAndContributionMap":{"functional-code":{"insertions":3,"deletions":0}}},{"hash":"75416ffd0818a836a20fe5b55c0962eaeca5e0ff","messageTitle":"Add getTotalMoney_test_success()","messageBody":"","fileTypesAndContributionMap":{"test-code":{"insertions":9,"deletions":0}}},{"hash":"caed2ba4343bf422a8ac5fcc8aaeca48c71b1351","messageTitle":"Add countContactsWithMoney_test_success()","messageBody":"","fileTypesAndContributionMap":{"test-code":{"insertions":8,"deletions":0}}},{"hash":"df22e753fc2c518fe5287c2d561a05967a6b0889","messageTitle":"Add assert check to getTotalMoney()","messageBody":"","fileTypesAndContributionMap":{"functional-code":{"insertions":1,"deletions":0}}},{"hash":"0bf7b627cc335a758dedc3e4be6d755b3e6ef76a","messageTitle":"Reset ListCommand to not handle Money","messageBody":"","fileTypesAndContributionMap":{"docs":{"insertions":2,"deletions":5}}},{"hash":"8eb32d00c11a8958cd424cff10d777ec57f2d0bf","messageTitle":"Add some points on Money for EditCommand","messageBody":"","fileTypesAndContributionMap":{"docs":{"insertions":4,"deletions":0}}},{"hash":"b04a4f24f7947e0d741c36a4f604c63913571b48","messageTitle":"Remove trailing space","messageBody":"","fileTypesAndContributionMap":{"docs":{"insertions":1,"deletions":1}}},{"hash":"d912f96a77db918f14708b68528e50549b6c0f58","messageTitle":"Add task HBox + correct Label text","messageBody":"","fileTypesAndContributionMap":{"functional-code":{"insertions":7,"deletions":3}}},{"hash":"2d08efc3d6a59a941ae6f43996c78a3d35eaba0e","messageTitle":"Update version number","messageBody":"","fileTypesAndContributionMap":{"functional-code":{"insertions":1,"deletions":1}}}]},{"date":"2022-04-04","commitResults":[{"hash":"a9688aa35866b6b905e28079139b5beddfc9e593","messageTitle":"Change Money limit to 999,999.99","messageBody":"","fileTypesAndContributionMap":{"functional-code":{"insertions":2,"deletions":2}}}]},{"date":"2022-04-05","commitResults":[{"hash":"b196cd6399e4024d51d993c2358e1bba60e64629","messageTitle":"Change Money limit to 9,999.99","messageBody":"","fileTypesAndContributionMap":{"functional-code":{"insertions":2,"deletions":2}}},{"hash":"30f41df5a16dc607c1805a14da3c480e709efcb2","messageTitle":"Add recommendation 1000 contacts soft limit","messageBody":"","fileTypesAndContributionMap":{"docs":{"insertions":3,"deletions":0}}}]},{"date":"2022-04-07","commitResults":[{"hash":"4ffc2b0388bb7c94704b301b90c0311537492261","messageTitle":"Add Enhancements \u0026 Code","messageBody":"","fileTypesAndContributionMap":{"docs":{"insertions":8,"deletions":1}}}]},{"date":"2022-04-10","commitResults":[{"hash":"cda9960bddf3f9c1d17186a2b8d174d6c830b240","messageTitle":"Save Task to Storage","messageBody":"","fileTypesAndContributionMap":{"functional-code":{"insertions":10,"deletions":2},"test-code":{"insertions":40,"deletions":21}}},{"hash":"bb91846e88e521e59ff4138e6507fecccc40398f","messageTitle":"Remove Money parameter listed in AddCommand UG","messageBody":"","fileTypesAndContributionMap":{"docs":{"insertions":1,"deletions":1}}}]},{"date":"2022-04-11","commitResults":[{"hash":"cbd723ee93394a56cce7654c181cfccbc6b25864","messageTitle":"Allow Task to be set to \"\" from EditCommand","messageBody":"","fileTypesAndContributionMap":{"functional-code":{"insertions":6,"deletions":6}}},{"hash":"0037d09ab6ff2e2370f5a7c9c7a8e6689776abe8","messageTitle":"Align EditCommand parameters for UG","messageBody":"","fileTypesAndContributionMap":{"docs":{"insertions":2,"deletions":2}}},{"hash":"73eb0639875d7d4794d9a7cb9d9f4c2bd08ae9ac","messageTitle":"Correct AddCommand \u0026 EditCommand parameters in UG","messageBody":"","fileTypesAndContributionMap":{"docs":{"insertions":2,"deletions":2}}},{"hash":"94d2be12187f17c75fb98ca31242a6bbd75d7f83","messageTitle":"Further integrate Task to Person model","messageBody":"","fileTypesAndContributionMap":{"functional-code":{"insertions":4,"deletions":2},"test-code":{"insertions":3,"deletions":0}}},{"hash":"c7860f302b5e8fbc0658e34c74c5589e3c8b9143","messageTitle":"Set tk/ parameter of add to optional","messageBody":"","fileTypesAndContributionMap":{"docs":{"insertions":1,"deletions":1}}},{"hash":"b145ddf303edb5045e08d1dee13bee965071c824","messageTitle":"Add UG for Money owed overview","messageBody":"","fileTypesAndContributionMap":{"docs":{"insertions":9,"deletions":0}}},{"hash":"83f2da23c04f1c84066e14d3e3153c40be975b73","messageTitle":"Set bold text","messageBody":"","fileTypesAndContributionMap":{"docs":{"insertions":1,"deletions":1}}},{"hash":"18936cc25a8f06cbc9e79adfe9c198d90d581f39","messageTitle":"Add OverviewPanel class in UiClassDiagram.puml","messageBody":"","fileTypesAndContributionMap":{"docs":{"insertions":5,"deletions":1}}},{"hash":"a6f7e7ef231b5bf55105892a2c0ecc4b126163e5","messageTitle":"Add OverviewPanel to DG UI component","messageBody":"","fileTypesAndContributionMap":{"docs":{"insertions":1,"deletions":1}}},{"hash":"2e49af16dbcdf0d5bf69f33fc5fad43d17dcca92","messageTitle":"Add task to Person class","messageBody":"","fileTypesAndContributionMap":{"docs":{"insertions":5,"deletions":1}}},{"hash":"1cc24225a5126e571fd8560aa0198f51b132bb2a","messageTitle":"Update Model attributes implementation","messageBody":"","fileTypesAndContributionMap":{"docs":{"insertions":3,"deletions":1}}},{"hash":"cdd61d4a66f394676a1c3cc9a0731799b93d8394","messageTitle":"Draft CommandExecutionSequenceDiagram","messageBody":"","fileTypesAndContributionMap":{"docs":{"insertions":52,"deletions":0}}},{"hash":"2de6a27f7c9366914368c2c8e8418340f034a0fa","messageTitle":"Style sequence diagram","messageBody":"","fileTypesAndContributionMap":{"docs":{"insertions":16,"deletions":6}}},{"hash":"40c3e5c4a0617916043088d12722abdcee73be96","messageTitle":"Describe command input execution with sequence diagram","messageBody":"","fileTypesAndContributionMap":{"docs":{"insertions":5,"deletions":4}}},{"hash":"67c18212b1a7204f6bf39f63f5908944ef5b8e70","messageTitle":"Mention bug of setting the output logging level","messageBody":"","fileTypesAndContributionMap":{"docs":{"insertions":1,"deletions":1}}},{"hash":"d1d44c60736901a5119e555b81e3a179c393eb12","messageTitle":"Update Money overview after DeleteCommand","messageBody":"","fileTypesAndContributionMap":{"functional-code":{"insertions":4,"deletions":0}}},{"hash":"0d253ab4bbddd077bf505c556478e9d9c3fc1e38","messageTitle":"Move Money Overview update to LogicManager execute()","messageBody":"","fileTypesAndContributionMap":{"functional-code":{"insertions":3,"deletions":6}}},{"hash":"9f6041beae2c5f7fe42f7ee13c819a0b64aec258","messageTitle":"Design MoneyOverviewClassDiagram","messageBody":"","fileTypesAndContributionMap":{"docs":{"insertions":31,"deletions":0}}},{"hash":"e3c7453a985e55e4816400631441e08b46873e59","messageTitle":"Design MoneyOverviewSequenceDiagramInit","messageBody":"","fileTypesAndContributionMap":{"docs":{"insertions":77,"deletions":0}}},{"hash":"578ff772d01fde8797f1aa968e40f51536811ef1","messageTitle":"Design MoneyOverviewSequenceDiagramFire","messageBody":"","fileTypesAndContributionMap":{"docs":{"insertions":41,"deletions":0}}},{"hash":"0b44e1634c4d2dc643a896c7b749dde65fbadd57","messageTitle":"Update DG with Money Overview implementation","messageBody":"","fileTypesAndContributionMap":{"docs":{"insertions":16,"deletions":0}}},{"hash":"8863a06602a2438cbda44f3cfe59f825ff5b4a85","messageTitle":"DG minor corrections","messageBody":"* Add missed out div\r\n* Remove repeated lines","fileTypesAndContributionMap":{"docs":{"insertions":1,"deletions":3}}},{"hash":"695059d0f4154a32f702dafff1d030d681e0387a","messageTitle":"Update PPP","messageBody":"","fileTypesAndContributionMap":{"docs":{"insertions":37,"deletions":3}}},{"hash":"7af28669dfe7973c911bd9f38941abf31199f37c","messageTitle":"Update help","messageBody":"","fileTypesAndContributionMap":{"functional-code":{"insertions":1,"deletions":1}}},{"hash":"e51bd016422beb641948bb66097291e47a0a73e2","messageTitle":"Remove role","messageBody":"","fileTypesAndContributionMap":{"docs":{"insertions":0,"deletions":2}}}]}],"yaololo":[{"date":"2022-02-18","commitResults":[{"hash":"c7e0a7c215c4e3f68d02faf70df82e2ffdc1007f","messageTitle":"Add about us doc","messageBody":"","fileTypesAndContributionMap":{"docs":{"insertions":24,"deletions":0}}},{"hash":"4ba08f89e91bc70ad9df40e383e8d87f3221bc43","messageTitle":"Update readme","messageBody":"","fileTypesAndContributionMap":{"docs":{"insertions":64,"deletions":12}}}]},{"date":"2022-03-01","commitResults":[{"hash":"fb0954dff81bc6a5240a3069cbae5c32a4452c90","messageTitle":"Update Person, add and edit command to handle task.","messageBody":"","fileTypesAndContributionMap":{"functional-code":{"insertions":46,"deletions":27}}},{"hash":"243516cb8232d7bae419063a9b6d3adac9a56e14","messageTitle":"Update ui to display task","messageBody":"","fileTypesAndContributionMap":{"functional-code":{"insertions":6,"deletions":0}}}]},{"date":"2022-03-04","commitResults":[{"hash":"29c22f60082fa703fcbddfe2bc6b18d6efcef862","messageTitle":"Fix check style error","messageBody":"","fileTypesAndContributionMap":{"functional-code":{"insertions":26,"deletions":7}}},{"hash":"4c96318184ca21a70c374eb8f2f3bdf4aaaef999","messageTitle":"Fix check style error","messageBody":"","fileTypesAndContributionMap":{"functional-code":{"insertions":1,"deletions":1}}},{"hash":"d26ed8ce03567c4d6f8b50765bcae2616c900d35","messageTitle":"Update ReadMe","messageBody":"","fileTypesAndContributionMap":{"docs":{"insertions":4,"deletions":57}}}]},{"date":"2022-03-15","commitResults":[{"hash":"2853a905ae06cdd33a18dd2e68d733a7a39bad82","messageTitle":"Make tk/ command optional","messageBody":"","fileTypesAndContributionMap":{"functional-code":{"insertions":1,"deletions":1}}}]},{"date":"2022-03-18","commitResults":[{"hash":"ab3c0e120e69bedf0c09b6e106f1cc2e01ee5f2f","messageTitle":"Update View layout","messageBody":"","fileTypesAndContributionMap":{"functional-code":{"insertions":16,"deletions":4}}},{"hash":"f0e6a875e70633bbb365f49ca85a40092f12226f","messageTitle":"Update View layout","messageBody":"","fileTypesAndContributionMap":{"functional-code":{"insertions":16,"deletions":12}}}]},{"date":"2022-04-08","commitResults":[{"hash":"c41ac11bfe4508f3e765417ab28212f7f256debf","messageTitle":"Update error message for add and edit command","messageBody":"","fileTypesAndContributionMap":{"functional-code":{"insertions":3,"deletions":7},"docs":{"insertions":5,"deletions":3}}},{"hash":"e5a856e0c7d5d6d47c1ad78885069858edad6942","messageTitle":"Fix style error","messageBody":"","fileTypesAndContributionMap":{"functional-code":{"insertions":6,"deletions":1}}}]},{"date":"2022-04-11","commitResults":[{"hash":"37b8878f977b31d948bf215f8b90a51e1c641aec","messageTitle":"Update edit command error message and update person to string method","messageBody":"","fileTypesAndContributionMap":{"functional-code":{"insertions":15,"deletions":11}}},{"hash":"441dbb3c31b9d5a9b6e3992ac8bb64fc14a40e0d","messageTitle":"Update User guide md","messageBody":"","fileTypesAndContributionMap":{"docs":{"insertions":1,"deletions":0}}},{"hash":"9135cf77eac913b3c5551daa04a18a29400d8a64","messageTitle":"Update developer profile and UG,DG","messageBody":"","fileTypesAndContributionMap":{"docs":{"insertions":37,"deletions":8}}},{"hash":"e825bc3c6a4e3994e98dd50aabf978b025dde89a","messageTitle":"Update webpage content","messageBody":"","fileTypesAndContributionMap":{"docs":{"insertions":4,"deletions":4}}},{"hash":"74456d812a0af41333351c5a81f9d01d1772236d","messageTitle":"Fix type","messageBody":"","fileTypesAndContributionMap":{"docs":{"insertions":1,"deletions":1}}},{"hash":"a50cdd1273e48ef2b3d2aa2c7969d7d73cec4343","messageTitle":"Fix type","messageBody":"","fileTypesAndContributionMap":{"docs":{"insertions":1,"deletions":1}}}]}],"Opkko":[]},"authorFileTypeContributionMap":{"ivanhlb":{"docs":40,"functional-code":84,"test-code":36},"TanChiaChun":{"docs":373,"functional-code":321,"test-code":119,"other":5},"yaololo":{"docs":61,"functional-code":79,"test-code":0},"Opkko":{"docs":0,"functional-code":0,"test-code":0}},"authorContributionVariance":{"ivanhlb":3557.4478,"TanChiaChun":4286.1978,"yaololo":538.4452,"Opkko":0.0},"authorDisplayNameMap":{"ivanhlb":"TIC4002-F18-4 IVAN..BOON","TanChiaChun":"TIC4002-F18-4 TAN ..CHUN","yaololo":"TIC4002-F18-4 ZHUA..MING","Opkko":"TIC4002-F18-4 LIM ..KANG"}}
