{"authorDailyContributionsMap":{"ivanhlb":[],"TanChiaChun":[{"date":"2022-02-11","commitResults":[{"hash":"1054b82b1d33341823111f7fc354b7e4ddfb2a45","messageTitle":"Update index.md","messageBody":"","fileTypesAndContributionMap":{"docs":{"insertions":1,"deletions":1}}}]},{"date":"2022-02-26","commitResults":[{"hash":"ceeba783b2d44bc97e5d66cd6f10e04ce09ba2ab","messageTitle":"Add PPP","messageBody":"","fileTypesAndContributionMap":{"docs":{"insertions":12,"deletions":0}}},{"hash":"ddbd39d131920bc6cba8ed30c1b20fad44e9a556","messageTitle":"Update AboutUs","messageBody":"","fileTypesAndContributionMap":{"docs":{"insertions":5,"deletions":45}}},{"hash":"978dc103a21a61fd4e96945392661ff2dea2a133","messageTitle":"Add new line at EOF","messageBody":"","fileTypesAndContributionMap":{"docs":{"insertions":1,"deletions":1}}},{"hash":"247713c9ea6b6a6c8dc265bc56deffcf3d7b678f","messageTitle":"Update for Contact Manager","messageBody":"","fileTypesAndContributionMap":{"docs":{"insertions":10,"deletions":10}}},{"hash":"d38e5ba4dcdec95bd6e01e428fcf62f72002eecd","messageTitle":"Add argument to edit money owed","messageBody":"","fileTypesAndContributionMap":{"docs":{"insertions":4,"deletions":3}}},{"hash":"a06d271931f4c52b00fc740b1b6c06345cb1fec2","messageTitle":"Update command summary","messageBody":"","fileTypesAndContributionMap":{"docs":{"insertions":1,"deletions":1}}},{"hash":"1d3379707bc834e2ac392ee82e57883dcc12023d","messageTitle":"Add argument to list money owed","messageBody":"","fileTypesAndContributionMap":{"docs":{"insertions":5,"deletions":2}}},{"hash":"bb14616e8304865717fc34ea3c060d82c9f8f8a4","messageTitle":"Further update for Contact Manager","messageBody":"","fileTypesAndContributionMap":{"docs":{"insertions":6,"deletions":6}}},{"hash":"115171ab5804fa3f899270433535930ae242c3e6","messageTitle":"Update for Contact Manager","messageBody":"","fileTypesAndContributionMap":{"docs":{"insertions":10,"deletions":10}}},{"hash":"eceb6d71c354fa4a026d390603108ea366041f81","messageTitle":"Undo UG changes","messageBody":"","fileTypesAndContributionMap":{"docs":{"insertions":26,"deletions":30}}},{"hash":"8e40632263f94d95c306ff4d535dfe4b3eecdf40","messageTitle":"Further undo UG changes","messageBody":"","fileTypesAndContributionMap":{"docs":{"insertions":7,"deletions":7}}},{"hash":"3e65f72b42e1ec1aa6d2367bc32bd8209eb105af","messageTitle":"Further undo UG changes","messageBody":"","fileTypesAndContributionMap":{"docs":{"insertions":1,"deletions":1}}},{"hash":"2b674f8494f1274c8870fe0e01249870f2aadb00","messageTitle":"Further align changes","messageBody":"","fileTypesAndContributionMap":{"docs":{"insertions":14,"deletions":14}}},{"hash":"9c8556bda12cacc19faa1a0b5e29a72a7ec63dff","messageTitle":"Update target user profile","messageBody":"","fileTypesAndContributionMap":{"docs":{"insertions":2,"deletions":0}}},{"hash":"cb0367d05f2369382c7c381bfc2dfa2bfcdc2e18","messageTitle":"Update value proposition","messageBody":"","fileTypesAndContributionMap":{"docs":{"insertions":1,"deletions":1}}},{"hash":"8b1789d8f823ddb5f80fae814371444d41ddda6e","messageTitle":"Add user stories","messageBody":"","fileTypesAndContributionMap":{"docs":{"insertions":10,"deletions":8}}},{"hash":"70e7313063b7a9ec279cf2fcaaf80caea29bfe93","messageTitle":"Add use case","messageBody":"","fileTypesAndContributionMap":{"docs":{"insertions":9,"deletions":0}}},{"hash":"b84471f5b82dba705f2e92803510e2528962553a","messageTitle":"Add glossary","messageBody":"","fileTypesAndContributionMap":{"docs":{"insertions":5,"deletions":3}}},{"hash":"c386e3b42d33d9467e5e6e7943b48548972e8d38","messageTitle":"Add glossary","messageBody":"","fileTypesAndContributionMap":{"docs":{"insertions":1,"deletions":1}}},{"hash":"21c78c528799701f313d3266493d541153b46dc4","messageTitle":"Change verb","messageBody":"","fileTypesAndContributionMap":{"docs":{"insertions":1,"deletions":1}}},{"hash":"2921c799823e9d0f86795eb6bfcdce9fe316a92b","messageTitle":"Init Money class","messageBody":"","fileTypesAndContributionMap":{"functional-code":{"insertions":4,"deletions":0}}},{"hash":"edb6ee43e1d339d5e43fc58a5a96ea3cc863f8a5","messageTitle":"Undo","messageBody":"","fileTypesAndContributionMap":{"functional-code":{"insertions":0,"deletions":4}}},{"hash":"51e56d48eb14e6f639e207a739c7b0396d74da92","messageTitle":"Init Money class","messageBody":"","fileTypesAndContributionMap":{"functional-code":{"insertions":4,"deletions":0}}}]},{"date":"2022-03-04","commitResults":[{"hash":"92b8ee8e543d03abb6f75a79f1fa15edd9bb688a","messageTitle":"Corrected previous DG merge conflict","messageBody":"","fileTypesAndContributionMap":{"docs":{"insertions":7,"deletions":6}}}]},{"date":"2022-03-06","commitResults":[{"hash":"fedfa7edddbb80c8c6abc709e91c131cd07a47b6","messageTitle":"Correct link of GitHub Actions build status badge","messageBody":"","fileTypesAndContributionMap":{"docs":{"insertions":1,"deletions":1}}}]},{"date":"2022-03-10","commitResults":[{"hash":"fa834f1701f0638be134dab5a8a09dbe43d8c903","messageTitle":"Add class comment","messageBody":"","fileTypesAndContributionMap":{"functional-code":{"insertions":3,"deletions":0}}},{"hash":"3d5d741d4d5c72c767d6cad376a7a2ad70c5d92d","messageTitle":"Add attribute","messageBody":"","fileTypesAndContributionMap":{"functional-code":{"insertions":1,"deletions":0}}},{"hash":"efc2b48178fca897085094f827a4c1501ed1ec11","messageTitle":"Add constructor","messageBody":"","fileTypesAndContributionMap":{"functional-code":{"insertions":12,"deletions":0}}},{"hash":"9ac219f9440b2cf68ac546a34d542e658a5c8fe0","messageTitle":"Change attribute to final","messageBody":"","fileTypesAndContributionMap":{"functional-code":{"insertions":1,"deletions":1}}},{"hash":"a45b3ec0469d8f6db38cac2c0d6126be3494f8bf","messageTitle":"Change float to double","messageBody":"","fileTypesAndContributionMap":{"functional-code":{"insertions":2,"deletions":2}}},{"hash":"a802cf31cf164c988ac50fdbd751f1c184fd078f","messageTitle":"Add Money to Person class","messageBody":"","fileTypesAndContributionMap":{"functional-code":{"insertions":16,"deletions":10},"test-code":{"insertions":2,"deletions":1}}},{"hash":"e138a2a62fe5b22b3bfabb18060cc63b7a460f86","messageTitle":"Override toString() for Money class","messageBody":"","fileTypesAndContributionMap":{"functional-code":{"insertions":5,"deletions":0}}},{"hash":"f856c3c4145b0c84cdc54c8e1a2c8fc37be6b3e5","messageTitle":"Update Person toString()","messageBody":"","fileTypesAndContributionMap":{"functional-code":{"insertions":7,"deletions":1}}},{"hash":"f6bd747b484f2d4afda9a80d420b4fc8f71f3423","messageTitle":"Add PREFIX_MONEY","messageBody":"","fileTypesAndContributionMap":{"functional-code":{"insertions":1,"deletions":0}}},{"hash":"c6e70b4bca67e20cc27b4d366f9f6fdec233a0fb","messageTitle":"Add PREFIX_MONEY to ArgumentTokenizer","messageBody":"","fileTypesAndContributionMap":{"functional-code":{"insertions":3,"deletions":1}}},{"hash":"dbab70be0efddf19822890bed22e4e6ed4ccb36e","messageTitle":"Add Money regex check","messageBody":"","fileTypesAndContributionMap":{"functional-code":{"insertions":8,"deletions":0}}},{"hash":"b91ede2ca66728995f0039dc77a1757a7203ff8c","messageTitle":"Add Money MESSAGE_CONSTRAINTS","messageBody":"","fileTypesAndContributionMap":{"functional-code":{"insertions":1,"deletions":0}}},{"hash":"c13ace3246d474997521e939b8144961ca7ebada","messageTitle":"Add parseMoney()","messageBody":"","fileTypesAndContributionMap":{"functional-code":{"insertions":16,"deletions":0}}},{"hash":"13ca59e2615e35966f6f682855842a12d530778d","messageTitle":"Add Money to EditPersonDescriptor","messageBody":"","fileTypesAndContributionMap":{"functional-code":{"insertions":6,"deletions":0}}},{"hash":"d15a682c1bf12b1c56ce97763ac0ad59ad6f955a","messageTitle":"Add Money to EditCommand parse()","messageBody":"","fileTypesAndContributionMap":{"functional-code":{"insertions":3,"deletions":0}}},{"hash":"e50591c91f7cfe2a1a2cf0a43cfe23bb14e72981","messageTitle":"Add getMoney()","messageBody":"","fileTypesAndContributionMap":{"functional-code":{"insertions":4,"deletions":0}}},{"hash":"89d3dd8fd5fdd7a35d0be4bf5f4ec8f27143983f","messageTitle":"Add Money to createEditedPerson()","messageBody":"","fileTypesAndContributionMap":{"functional-code":{"insertions":2,"deletions":1}}}]},{"date":"2022-03-11","commitResults":[{"hash":"cda752ed6ee95958856718254af754190211c8f7","messageTitle":"Add Money to isAnyFieldEdited()","messageBody":"","fileTypesAndContributionMap":{"functional-code":{"insertions":1,"deletions":1}}},{"hash":"6745c56b3bb326af840982832deada61db91fc0f","messageTitle":"Add Money to PersonBuilder","messageBody":"","fileTypesAndContributionMap":{"test-code":{"insertions":13,"deletions":1}}},{"hash":"9d7363e02541b0eed9f0eda3ec6b1b3204305104","messageTitle":"Add getValue()","messageBody":"","fileTypesAndContributionMap":{"functional-code":{"insertions":4,"deletions":0}}},{"hash":"ea8e9b8a2b821d4ce12363e61aa323c52fe9d999","messageTitle":"Add Money to JsonAdaptedPerson \u0026 Test","messageBody":"","fileTypesAndContributionMap":{"functional-code":{"insertions":13,"deletions":2},"test-code":{"insertions":32,"deletions":9}}},{"hash":"0252c78fe199a8c14edacac7da5029b8f30846d7","messageTitle":"Address tests","messageBody":"","fileTypesAndContributionMap":{"test-code":{"insertions":8,"deletions":7}}},{"hash":"637f63e10acd1e645b1a92be0bab857745343897","messageTitle":"Add Money to PersonListCard UI","messageBody":"","fileTypesAndContributionMap":{"functional-code":{"insertions":4,"deletions":0}}},{"hash":"57b557ca13333013cfae3f4a1e466947e5d0c7cc","messageTitle":"Remove getValue()","messageBody":"","fileTypesAndContributionMap":{"functional-code":{"insertions":1,"deletions":5}}},{"hash":"f1d43bacc53e5ee549d571016c5d796c52a08306","messageTitle":"Update EditCommand MESSAGE_USAGE","messageBody":"","fileTypesAndContributionMap":{"functional-code":{"insertions":2,"deletions":0}}},{"hash":"e30d79bce629c9f79c328f5d6747cf7c4aff5ec5","messageTitle":"Update equals() for EditCommand + Money","messageBody":"","fileTypesAndContributionMap":{"functional-code":{"insertions":8,"deletions":0}}},{"hash":"cd74a4d86832cdb7af0ed3ff2d3d607eb6f76c4d","messageTitle":"Address test","messageBody":"","fileTypesAndContributionMap":{"test-code":{"insertions":2,"deletions":0}}},{"hash":"7905d195305326a6d420ecbb4753c42e94ff5131","messageTitle":"Add Money to Person equals()","messageBody":"","fileTypesAndContributionMap":{"functional-code":{"insertions":1,"deletions":0}}},{"hash":"4a52f684d5e477e9c4bbac4fd7f06ea928483ca8","messageTitle":"Address test","messageBody":"","fileTypesAndContributionMap":{"test-code":{"insertions":5,"deletions":4}}},{"hash":"83c124a2c8824a9d4f77d96497d2f2cfea647838","messageTitle":"Add Money to Person hashCode()","messageBody":"","fileTypesAndContributionMap":{"functional-code":{"insertions":1,"deletions":1}}},{"hash":"2603aaf497518484c1a051f20ec0bcd4912eeb5b","messageTitle":"Remove trailing white spaces","messageBody":"","fileTypesAndContributionMap":{"docs":{"insertions":1,"deletions":1}}},{"hash":"a8ad4f099581e9d05ad73acb079cb64ab4dd7e4c","messageTitle":"Resolve CI","messageBody":"","fileTypesAndContributionMap":{"test-code":{"insertions":1,"deletions":1}}},{"hash":"4e9329d5c7fbad0bebf4b24292ef9b642ec2e051","messageTitle":"Add hashCode() to Money","messageBody":"","fileTypesAndContributionMap":{"functional-code":{"insertions":5,"deletions":0}}}]},{"date":"2022-03-12","commitResults":[{"hash":"e9fec46d907613e4e6cae26de32cb1b4a9659a91","messageTitle":"Enable assertions","messageBody":"","fileTypesAndContributionMap":{"other":{"insertions":4,"deletions":0}}}]},{"date":"2022-03-17","commitResults":[{"hash":"c206df9e8ac5ef286070902e56e34c7cdfdd390d","messageTitle":"Add Money class to Model diagrams","messageBody":"","fileTypesAndContributionMap":{"docs":{"insertions":3,"deletions":0}}},{"hash":"4b87209c672f3da9545f40822e5dcde81e4fb173","messageTitle":"Add brief description of Person class attribute","messageBody":"","fileTypesAndContributionMap":{"docs":{"insertions":2,"deletions":0}}},{"hash":"2d14091dbe6661761c4de7d06b03eb5fad45724b","messageTitle":"Update version number to v1.2.1","messageBody":"","tags":["v1.2.1"],"fileTypesAndContributionMap":{"functional-code":{"insertions":1,"deletions":1}}},{"hash":"9a225291b50f92c9ad8ff1643b30780c227e882c","messageTitle":"Draft Command Execution","messageBody":"","fileTypesAndContributionMap":{"docs":{"insertions":7,"deletions":0}}}]}],"yaololo":[{"date":"2022-02-18","commitResults":[{"hash":"c7e0a7c215c4e3f68d02faf70df82e2ffdc1007f","messageTitle":"Add about us doc","messageBody":"","fileTypesAndContributionMap":{"docs":{"insertions":24,"deletions":0}}},{"hash":"4ba08f89e91bc70ad9df40e383e8d87f3221bc43","messageTitle":"Update readme","messageBody":"","fileTypesAndContributionMap":{"docs":{"insertions":64,"deletions":12}}}]},{"date":"2022-03-04","commitResults":[{"hash":"d26ed8ce03567c4d6f8b50765bcae2616c900d35","messageTitle":"Update ReadMe","messageBody":"","fileTypesAndContributionMap":{"docs":{"insertions":4,"deletions":57}}}]}],"Opkko":[]},"authorFileTypeContributionMap":{"ivanhlb":{"docs":0,"functional-code":0,"test-code":0},"TanChiaChun":{"docs":80,"functional-code":126,"test-code":60,"other":5},"yaololo":{"docs":28,"functional-code":0,"test-code":0},"Opkko":{"docs":0,"functional-code":0,"test-code":0}},"authorContributionVariance":{"ivanhlb":0.0,"TanChiaChun":2961.7422,"yaololo":370.86868,"Opkko":0.0},"authorDisplayNameMap":{"ivanhlb":"TIC4002-F18-4 IVAN..BOON","TanChiaChun":"TIC4002-F18-4 TAN ..CHUN","yaololo":"TIC4002-F18-4 ZHUA..MING","Opkko":"TIC4002-F18-4 LIM ..KANG"}}
