{"authorDailyContributionsMap":{"ivanhlb":[],"TanChiaChun":[{"date":"2022-02-11","commitResults":[{"hash":"1054b82b1d33341823111f7fc354b7e4ddfb2a45","messageTitle":"Update index.md","messageBody":"","fileTypesAndContributionMap":{"docs":{"insertions":1,"deletions":1}}}]}],"yaololo":[],"Opkko":[]},"authorFileTypeContributionMap":{"ivanhlb":{"docs":0,"functional-code":0,"test-code":0},"TanChiaChun":{"docs":1,"functional-code":0,"test-code":0,"other":1},"yaololo":{"docs":0,"functional-code":0,"test-code":0},"Opkko":{"docs":0,"functional-code":0,"test-code":0}},"authorContributionVariance":{"ivanhlb":0.0,"TanChiaChun":0.0,"yaololo":0.0,"Opkko":0.0},"authorDisplayNameMap":{"ivanhlb":"TIC4002-F18-4 IVAN..BOON","TanChiaChun":"TIC4002-F18-4 TAN ..CHUN","yaololo":"TIC4002-F18-4 ZHUA..MING","Opkko":"TIC4002-F18-4 LIM ..KANG"}}
