{"authorDailyContributionsMap":{"ivanhlb":[],"TanChiaChun":[{"date":"2022-02-11","commitResults":[{"hash":"1054b82b1d33341823111f7fc354b7e4ddfb2a45","messageTitle":"Update index.md","messageBody":"","fileTypesAndContributionMap":{"docs":{"insertions":1,"deletions":1}}}]},{"date":"2022-02-26","commitResults":[{"hash":"ceeba783b2d44bc97e5d66cd6f10e04ce09ba2ab","messageTitle":"Add PPP","messageBody":"","fileTypesAndContributionMap":{"docs":{"insertions":12,"deletions":0}}},{"hash":"ddbd39d131920bc6cba8ed30c1b20fad44e9a556","messageTitle":"Update AboutUs","messageBody":"","fileTypesAndContributionMap":{"docs":{"insertions":5,"deletions":45}}},{"hash":"978dc103a21a61fd4e96945392661ff2dea2a133","messageTitle":"Add new line at EOF","messageBody":"","fileTypesAndContributionMap":{"docs":{"insertions":1,"deletions":1}}},{"hash":"247713c9ea6b6a6c8dc265bc56deffcf3d7b678f","messageTitle":"Update for Contact Manager","messageBody":"","fileTypesAndContributionMap":{"docs":{"insertions":10,"deletions":10}}},{"hash":"d38e5ba4dcdec95bd6e01e428fcf62f72002eecd","messageTitle":"Add argument to edit money owed","messageBody":"","fileTypesAndContributionMap":{"docs":{"insertions":4,"deletions":3}}},{"hash":"a06d271931f4c52b00fc740b1b6c06345cb1fec2","messageTitle":"Update command summary","messageBody":"","fileTypesAndContributionMap":{"docs":{"insertions":1,"deletions":1}}},{"hash":"1d3379707bc834e2ac392ee82e57883dcc12023d","messageTitle":"Add argument to list money owed","messageBody":"","fileTypesAndContributionMap":{"docs":{"insertions":5,"deletions":2}}},{"hash":"bb14616e8304865717fc34ea3c060d82c9f8f8a4","messageTitle":"Further update for Contact Manager","messageBody":"","fileTypesAndContributionMap":{"docs":{"insertions":6,"deletions":6}}},{"hash":"115171ab5804fa3f899270433535930ae242c3e6","messageTitle":"Update for Contact Manager","messageBody":"","fileTypesAndContributionMap":{"docs":{"insertions":10,"deletions":10}}},{"hash":"eceb6d71c354fa4a026d390603108ea366041f81","messageTitle":"Undo UG changes","messageBody":"","fileTypesAndContributionMap":{"docs":{"insertions":26,"deletions":30}}},{"hash":"8e40632263f94d95c306ff4d535dfe4b3eecdf40","messageTitle":"Further undo UG changes","messageBody":"","fileTypesAndContributionMap":{"docs":{"insertions":7,"deletions":7}}},{"hash":"3e65f72b42e1ec1aa6d2367bc32bd8209eb105af","messageTitle":"Further undo UG changes","messageBody":"","fileTypesAndContributionMap":{"docs":{"insertions":1,"deletions":1}}},{"hash":"2b674f8494f1274c8870fe0e01249870f2aadb00","messageTitle":"Further align changes","messageBody":"","fileTypesAndContributionMap":{"docs":{"insertions":14,"deletions":14}}},{"hash":"9c8556bda12cacc19faa1a0b5e29a72a7ec63dff","messageTitle":"Update target user profile","messageBody":"","fileTypesAndContributionMap":{"docs":{"insertions":2,"deletions":0}}},{"hash":"cb0367d05f2369382c7c381bfc2dfa2bfcdc2e18","messageTitle":"Update value proposition","messageBody":"","fileTypesAndContributionMap":{"docs":{"insertions":1,"deletions":1}}},{"hash":"8b1789d8f823ddb5f80fae814371444d41ddda6e","messageTitle":"Add user stories","messageBody":"","fileTypesAndContributionMap":{"docs":{"insertions":10,"deletions":8}}},{"hash":"70e7313063b7a9ec279cf2fcaaf80caea29bfe93","messageTitle":"Add use case","messageBody":"","fileTypesAndContributionMap":{"docs":{"insertions":9,"deletions":0}}},{"hash":"b84471f5b82dba705f2e92803510e2528962553a","messageTitle":"Add glossary","messageBody":"","fileTypesAndContributionMap":{"docs":{"insertions":5,"deletions":3}}},{"hash":"c386e3b42d33d9467e5e6e7943b48548972e8d38","messageTitle":"Add glossary","messageBody":"","fileTypesAndContributionMap":{"docs":{"insertions":1,"deletions":1}}},{"hash":"21c78c528799701f313d3266493d541153b46dc4","messageTitle":"Change verb","messageBody":"","fileTypesAndContributionMap":{"docs":{"insertions":1,"deletions":1}}}]},{"date":"2022-03-04","commitResults":[{"hash":"92b8ee8e543d03abb6f75a79f1fa15edd9bb688a","messageTitle":"Corrected previous DG merge conflict","messageBody":"","fileTypesAndContributionMap":{"docs":{"insertions":7,"deletions":6}}}]}],"yaololo":[{"date":"2022-02-18","commitResults":[{"hash":"c7e0a7c215c4e3f68d02faf70df82e2ffdc1007f","messageTitle":"Add about us doc","messageBody":"","fileTypesAndContributionMap":{"docs":{"insertions":24,"deletions":0}}},{"hash":"4ba08f89e91bc70ad9df40e383e8d87f3221bc43","messageTitle":"Update readme","messageBody":"","fileTypesAndContributionMap":{"docs":{"insertions":64,"deletions":12}}}]},{"date":"2022-03-04","commitResults":[{"hash":"d26ed8ce03567c4d6f8b50765bcae2616c900d35","messageTitle":"Update ReadMe","messageBody":"","fileTypesAndContributionMap":{"docs":{"insertions":4,"deletions":57}}}]}],"Opkko":[]},"authorFileTypeContributionMap":{"ivanhlb":{"docs":0,"functional-code":0,"test-code":0},"TanChiaChun":{"docs":67,"functional-code":0,"test-code":0,"other":1},"yaololo":{"docs":29,"functional-code":0,"test-code":0},"Opkko":{"docs":0,"functional-code":0,"test-code":0}},"authorContributionVariance":{"ivanhlb":0.0,"TanChiaChun":3271.6025,"yaololo":570.1259,"Opkko":0.0},"authorDisplayNameMap":{"ivanhlb":"TIC4002-F18-4 IVAN..BOON","TanChiaChun":"TIC4002-F18-4 TAN ..CHUN","yaololo":"TIC4002-F18-4 ZHUA..MING","Opkko":"TIC4002-F18-4 LIM ..KANG"}}
