[{"path":"README.md","fileType":"docs","lines":[{"lineNumber":1,"author":{"gitId":"zyjarvis"},"content":"[![CI Status](https://github.com/se-edu/addressbook-level3/workflows/Java%20CI/badge.svg)](https://github.com/AY2122S2-TIC4002-F18-2/tp2/actions)","lastModifiedDate":"2022-02-24"},{"lineNumber":2,"author":{"gitId":"-"},"content":"","lastModifiedDate":"2020-05-23"},{"lineNumber":3,"author":{"gitId":"-"},"content":"![Ui](docs/images/Ui.png)","lastModifiedDate":"2020-05-23"},{"lineNumber":4,"author":{"gitId":"-"},"content":"","lastModifiedDate":"2020-05-23"},{"lineNumber":5,"author":{"gitId":"zyjarvis"},"content":"# GreatBook: A Grade Management App - for teachers to record and track students\u0027 scores","lastModifiedDate":"2022-02-24"},{"lineNumber":6,"author":{"gitId":"-"},"content":"","lastModifiedDate":"2022-02-24"},{"lineNumber":7,"author":{"gitId":"zyjarvis"},"content":"- **GreatBook** is an easy-to-use _(mainly CLI, with some GUI support)_ **Java / JavaFx Program**","lastModifiedDate":"2022-02-24"},{"lineNumber":8,"author":{"gitId":"zyjarvis"},"content":"","lastModifiedDate":"2022-02-24"},{"lineNumber":9,"author":{"gitId":"zyjarvis"},"content":"### Useful links:","lastModifiedDate":"2022-02-24"},{"lineNumber":10,"author":{"gitId":"zyjarvis"},"content":"* [User Guide](docs/UserGuide.md)","lastModifiedDate":"2022-02-24"},{"lineNumber":11,"author":{"gitId":"zyjarvis"},"content":"* [Developer Guide](docs/DeveloperGuide.md)","lastModifiedDate":"2022-02-24"},{"lineNumber":12,"author":{"gitId":"zyjarvis"},"content":"* [About Us](docs/AboutUs.md)","lastModifiedDate":"2022-02-24"},{"lineNumber":13,"author":{"gitId":"zyjarvis"},"content":"","lastModifiedDate":"2022-02-24"},{"lineNumber":14,"author":{"gitId":"zyjarvis"},"content":"Product Name: GreatBook","lastModifiedDate":"2022-02-24"},{"lineNumber":15,"author":{"gitId":"zyjarvis"},"content":"","lastModifiedDate":"2022-02-24"},{"lineNumber":16,"author":{"gitId":"zyjarvis"},"content":"Brief Description of App:","lastModifiedDate":"2022-02-24"},{"lineNumber":17,"author":{"gitId":"zyjarvis"},"content":"","lastModifiedDate":"2022-02-24"},{"lineNumber":18,"author":{"gitId":"zyjarvis"},"content":"A specialized grade management application (mainly CLI-based, with JavaFx GUI support) for teachers.","lastModifiedDate":"2022-02-24"},{"lineNumber":19,"author":{"gitId":"zyjarvis"},"content":"The app should help teachers to record, track and analyse students\u0027 scores easily and quickly.","lastModifiedDate":"2022-02-24"},{"lineNumber":20,"author":{"gitId":"zyjarvis"},"content":"We will add core features and continual updates to the project, to make it more useful for teachers to manage scores of class.","lastModifiedDate":"2022-02-24"}],"authorContributionMap":{"zyjarvis":16,"-":4}},{"path":"docs/AboutUs.md","fileType":"docs","lines":[{"lineNumber":1,"author":{"gitId":"-"},"content":"---","lastModifiedDate":"2020-05-23"},{"lineNumber":2,"author":{"gitId":"-"},"content":"layout: page","lastModifiedDate":"2020-05-23"},{"lineNumber":3,"author":{"gitId":"-"},"content":"title: About Us","lastModifiedDate":"2020-05-23"},{"lineNumber":4,"author":{"gitId":"-"},"content":"---","lastModifiedDate":"2020-05-23"},{"lineNumber":5,"author":{"gitId":"-"},"content":"","lastModifiedDate":"2020-05-23"},{"lineNumber":6,"author":{"gitId":"-"},"content":"We are a team based in the [School of Computing, National University of Singapore](http://www.comp.nus.edu.sg).","lastModifiedDate":"2020-05-23"},{"lineNumber":7,"author":{"gitId":"-"},"content":"","lastModifiedDate":"2020-05-23"},{"lineNumber":8,"author":{"gitId":"-"},"content":"You can reach us at the email `seer[at]comp.nus.edu.sg`","lastModifiedDate":"2020-06-17"},{"lineNumber":9,"author":{"gitId":"-"},"content":"","lastModifiedDate":"2020-06-17"},{"lineNumber":10,"author":{"gitId":"-"},"content":"## Project team","lastModifiedDate":"2020-06-07"},{"lineNumber":11,"author":{"gitId":"-"},"content":"","lastModifiedDate":"2020-05-23"},{"lineNumber":12,"author":{"gitId":"zyjarvis"},"content":"### Zhang Yun","lastModifiedDate":"2022-02-24"},{"lineNumber":13,"author":{"gitId":"-"},"content":"","lastModifiedDate":"2020-05-23"},{"lineNumber":14,"author":{"gitId":"zyjarvis"},"content":"\u003cimg src\u003d\"images/zhangyun.png\" width\u003d\"200px\"\u003e","lastModifiedDate":"2022-02-24"},{"lineNumber":15,"author":{"gitId":"-"},"content":"","lastModifiedDate":"2020-05-23"},{"lineNumber":16,"author":{"gitId":"zyjarvis"},"content":"[[github](https://github.com/zyjarvis)]","lastModifiedDate":"2022-02-24"},{"lineNumber":17,"author":{"gitId":"zyjarvis"},"content":"[[portfolio](team/zhangyun.md)]","lastModifiedDate":"2022-02-24"},{"lineNumber":18,"author":{"gitId":"-"},"content":"","lastModifiedDate":"2020-05-23"},{"lineNumber":19,"author":{"gitId":"zyjarvis"},"content":"* Role: Developer","lastModifiedDate":"2022-02-24"},{"lineNumber":20,"author":{"gitId":"-"},"content":"","lastModifiedDate":"2020-05-23"},{"lineNumber":21,"author":{"gitId":"badfr0g"},"content":"### Joseph Guo Yang","lastModifiedDate":"2022-02-24"},{"lineNumber":22,"author":{"gitId":"-"},"content":"","lastModifiedDate":"2020-05-23"},{"lineNumber":23,"author":{"gitId":"badfr0g"},"content":"\u003cimg src\u003d\"images/Jospeh.png\" width\u003d\"200px\"\u003e","lastModifiedDate":"2022-02-24"},{"lineNumber":24,"author":{"gitId":"-"},"content":"","lastModifiedDate":"2020-05-23"},{"lineNumber":25,"author":{"gitId":"badfr0g"},"content":"[[github](http://github.com/badfr0g)]","lastModifiedDate":"2022-02-24"},{"lineNumber":26,"author":{"gitId":"badfr0g"},"content":"[[portfolio](team/joseph.md)]","lastModifiedDate":"2022-02-24"},{"lineNumber":27,"author":{"gitId":"-"},"content":"","lastModifiedDate":"2020-05-23"},{"lineNumber":28,"author":{"gitId":"badfr0g"},"content":"* Role: Developer","lastModifiedDate":"2022-02-24"},{"lineNumber":29,"author":{"gitId":"-"},"content":"","lastModifiedDate":"2020-05-23"},{"lineNumber":30,"author":{"gitId":"sohwkjames"},"content":"### Soh Weng Kit James","lastModifiedDate":"2022-02-24"},{"lineNumber":31,"author":{"gitId":"-"},"content":"","lastModifiedDate":"2020-05-23"},{"lineNumber":32,"author":{"gitId":"sohwkjames"},"content":"\u003cimg src\u003d\"images/james.jpg\" width\u003d\"200px\"\u003e","lastModifiedDate":"2022-02-24"},{"lineNumber":33,"author":{"gitId":"-"},"content":"","lastModifiedDate":"2020-05-23"},{"lineNumber":34,"author":{"gitId":"sohwkjames"},"content":"[[github](http://github.com/sohwkjames)] [[portfolio](team/james.md)]","lastModifiedDate":"2022-02-24"},{"lineNumber":35,"author":{"gitId":"-"},"content":"","lastModifiedDate":"2020-05-23"},{"lineNumber":36,"author":{"gitId":"-"},"content":"* Role: Developer","lastModifiedDate":"2020-05-23"},{"lineNumber":37,"author":{"gitId":"-"},"content":"","lastModifiedDate":"2020-05-23"},{"lineNumber":38,"author":{"gitId":"-"},"content":"### Jean Doe","lastModifiedDate":"2020-06-17"},{"lineNumber":39,"author":{"gitId":"-"},"content":"","lastModifiedDate":"2020-05-23"},{"lineNumber":40,"author":{"gitId":"-"},"content":"\u003cimg src\u003d\"images/johndoe.png\" width\u003d\"200px\"\u003e","lastModifiedDate":"2020-06-17"},{"lineNumber":41,"author":{"gitId":"-"},"content":"","lastModifiedDate":"2020-05-23"},{"lineNumber":42,"author":{"gitId":"-"},"content":"[[github](http://github.com/johndoe)]","lastModifiedDate":"2020-06-17"},{"lineNumber":43,"author":{"gitId":"sohwkjames"},"content":"[[portfolio](team/james.md)]","lastModifiedDate":"2022-02-24"},{"lineNumber":44,"author":{"gitId":"-"},"content":"","lastModifiedDate":"2020-05-23"},{"lineNumber":45,"author":{"gitId":"-"},"content":"* Role: Developer","lastModifiedDate":"2020-05-23"},{"lineNumber":46,"author":{"gitId":"-"},"content":"* Responsibilities: Dev Ops + Threading","lastModifiedDate":"2020-05-23"}],"authorContributionMap":{"badfr0g":5,"sohwkjames":4,"zyjarvis":5,"-":32}},{"path":"docs/DeveloperGuide.md","fileType":"docs","lines":[{"lineNumber":1,"author":{"gitId":"-"},"content":"---","lastModifiedDate":"2020-05-23"},{"lineNumber":2,"author":{"gitId":"-"},"content":"layout: page","lastModifiedDate":"2020-05-23"},{"lineNumber":3,"author":{"gitId":"-"},"content":"title: Developer Guide","lastModifiedDate":"2020-05-23"},{"lineNumber":4,"author":{"gitId":"-"},"content":"---","lastModifiedDate":"2020-05-23"},{"lineNumber":5,"author":{"gitId":"-"},"content":"* Table of Contents","lastModifiedDate":"2020-05-23"},{"lineNumber":6,"author":{"gitId":"-"},"content":"{:toc}","lastModifiedDate":"2020-05-23"},{"lineNumber":7,"author":{"gitId":"-"},"content":"","lastModifiedDate":"2020-05-23"},{"lineNumber":8,"author":{"gitId":"-"},"content":"--------------------------------------------------------------------------------------------------------------------","lastModifiedDate":"2020-05-23"},{"lineNumber":9,"author":{"gitId":"-"},"content":"","lastModifiedDate":"2021-07-30"},{"lineNumber":10,"author":{"gitId":"-"},"content":"## **Acknowledgements**","lastModifiedDate":"2021-07-30"},{"lineNumber":11,"author":{"gitId":"-"},"content":"","lastModifiedDate":"2021-07-30"},{"lineNumber":12,"author":{"gitId":"-"},"content":"* {list here sources of all reused/adapted ideas, code, documentation, and third-party libraries -- include links to the original source as well}","lastModifiedDate":"2021-07-30"},{"lineNumber":13,"author":{"gitId":"-"},"content":"","lastModifiedDate":"2021-07-30"},{"lineNumber":14,"author":{"gitId":"-"},"content":"--------------------------------------------------------------------------------------------------------------------","lastModifiedDate":"2021-07-30"},{"lineNumber":15,"author":{"gitId":"-"},"content":"","lastModifiedDate":"2020-05-23"},{"lineNumber":16,"author":{"gitId":"-"},"content":"## **Setting up, getting started**","lastModifiedDate":"2020-05-23"},{"lineNumber":17,"author":{"gitId":"-"},"content":"","lastModifiedDate":"2020-05-23"},{"lineNumber":18,"author":{"gitId":"-"},"content":"Refer to the guide [_Setting up and getting started_](SettingUp.md).","lastModifiedDate":"2020-05-23"},{"lineNumber":19,"author":{"gitId":"-"},"content":"","lastModifiedDate":"2020-05-23"},{"lineNumber":20,"author":{"gitId":"-"},"content":"--------------------------------------------------------------------------------------------------------------------","lastModifiedDate":"2020-05-23"},{"lineNumber":21,"author":{"gitId":"-"},"content":"","lastModifiedDate":"2020-05-23"},{"lineNumber":22,"author":{"gitId":"-"},"content":"## **Design**","lastModifiedDate":"2020-05-23"},{"lineNumber":23,"author":{"gitId":"-"},"content":"","lastModifiedDate":"2020-05-23"},{"lineNumber":24,"author":{"gitId":"-"},"content":"\u003cdiv markdown\u003d\"span\" class\u003d\"alert alert-primary\"\u003e","lastModifiedDate":"2021-07-31"},{"lineNumber":25,"author":{"gitId":"-"},"content":"","lastModifiedDate":"2020-05-23"},{"lineNumber":26,"author":{"gitId":"-"},"content":":bulb: **Tip:** The `.puml` files used to create diagrams in this document can be found in the [diagrams](https://github.com/se-edu/addressbook-level3/tree/master/docs/diagrams/) folder. Refer to the [_PlantUML Tutorial_ at se-edu/guides](https://se-education.org/guides/tutorials/plantUml.html) to learn how to create and edit diagrams.","lastModifiedDate":"2021-07-31"},{"lineNumber":27,"author":{"gitId":"-"},"content":"\u003c/div\u003e","lastModifiedDate":"2021-07-31"},{"lineNumber":28,"author":{"gitId":"-"},"content":"","lastModifiedDate":"2020-05-23"},{"lineNumber":29,"author":{"gitId":"-"},"content":"### Architecture","lastModifiedDate":"2021-07-31"},{"lineNumber":30,"author":{"gitId":"-"},"content":"","lastModifiedDate":"2020-05-23"},{"lineNumber":31,"author":{"gitId":"-"},"content":"\u003cimg src\u003d\"images/ArchitectureDiagram.png\" width\u003d\"280\" /\u003e","lastModifiedDate":"2021-07-31"},{"lineNumber":32,"author":{"gitId":"-"},"content":"","lastModifiedDate":"2020-05-23"},{"lineNumber":33,"author":{"gitId":"-"},"content":"The ***Architecture Diagram*** given above explains the high-level design of the App.","lastModifiedDate":"2021-07-31"},{"lineNumber":34,"author":{"gitId":"-"},"content":"","lastModifiedDate":"2020-05-23"},{"lineNumber":35,"author":{"gitId":"-"},"content":"Given below is a quick overview of main components and how they interact with each other.","lastModifiedDate":"2021-07-31"},{"lineNumber":36,"author":{"gitId":"-"},"content":"","lastModifiedDate":"2021-07-31"},{"lineNumber":37,"author":{"gitId":"-"},"content":"**Main components of the architecture**","lastModifiedDate":"2021-07-31"},{"lineNumber":38,"author":{"gitId":"-"},"content":"","lastModifiedDate":"2020-05-23"},{"lineNumber":39,"author":{"gitId":"-"},"content":"**`Main`** has two classes called [`Main`](https://github.com/se-edu/addressbook-level3/tree/master/src/main/java/seedu/address/Main.java) and [`MainApp`](https://github.com/se-edu/addressbook-level3/tree/master/src/main/java/seedu/address/MainApp.java). It is responsible for,","lastModifiedDate":"2020-05-23"},{"lineNumber":40,"author":{"gitId":"-"},"content":"* At app launch: Initializes the components in the correct sequence, and connects them up with each other.","lastModifiedDate":"2020-05-23"},{"lineNumber":41,"author":{"gitId":"-"},"content":"* At shut down: Shuts down the components and invokes cleanup methods where necessary.","lastModifiedDate":"2020-05-23"},{"lineNumber":42,"author":{"gitId":"-"},"content":"","lastModifiedDate":"2020-05-23"},{"lineNumber":43,"author":{"gitId":"-"},"content":"[**`Commons`**](#common-classes) represents a collection of classes used by multiple other components.","lastModifiedDate":"2020-05-23"},{"lineNumber":44,"author":{"gitId":"-"},"content":"","lastModifiedDate":"2020-05-23"},{"lineNumber":45,"author":{"gitId":"-"},"content":"The rest of the App consists of four components.","lastModifiedDate":"2020-05-23"},{"lineNumber":46,"author":{"gitId":"-"},"content":"","lastModifiedDate":"2020-05-23"},{"lineNumber":47,"author":{"gitId":"-"},"content":"* [**`UI`**](#ui-component): The UI of the App.","lastModifiedDate":"2020-05-23"},{"lineNumber":48,"author":{"gitId":"-"},"content":"* [**`Logic`**](#logic-component): The command executor.","lastModifiedDate":"2020-05-23"},{"lineNumber":49,"author":{"gitId":"-"},"content":"* [**`Model`**](#model-component): Holds the data of the App in memory.","lastModifiedDate":"2020-05-23"},{"lineNumber":50,"author":{"gitId":"-"},"content":"* [**`Storage`**](#storage-component): Reads data from, and writes data to, the hard disk.","lastModifiedDate":"2020-05-23"},{"lineNumber":51,"author":{"gitId":"-"},"content":"","lastModifiedDate":"2020-05-23"},{"lineNumber":52,"author":{"gitId":"-"},"content":"","lastModifiedDate":"2020-05-23"},{"lineNumber":53,"author":{"gitId":"-"},"content":"**How the architecture components interact with each other**","lastModifiedDate":"2020-05-23"},{"lineNumber":54,"author":{"gitId":"-"},"content":"","lastModifiedDate":"2020-05-23"},{"lineNumber":55,"author":{"gitId":"-"},"content":"The *Sequence Diagram* below shows how the components interact with each other for the scenario where the user issues the command `delete 1`.","lastModifiedDate":"2020-05-23"},{"lineNumber":56,"author":{"gitId":"-"},"content":"","lastModifiedDate":"2020-05-23"},{"lineNumber":57,"author":{"gitId":"-"},"content":"\u003cimg src\u003d\"images/ArchitectureSequenceDiagram.png\" width\u003d\"574\" /\u003e","lastModifiedDate":"2020-06-07"},{"lineNumber":58,"author":{"gitId":"-"},"content":"","lastModifiedDate":"2020-05-23"},{"lineNumber":59,"author":{"gitId":"-"},"content":"Each of the four main components (also shown in the diagram above),","lastModifiedDate":"2021-07-31"},{"lineNumber":60,"author":{"gitId":"-"},"content":"","lastModifiedDate":"2021-07-31"},{"lineNumber":61,"author":{"gitId":"-"},"content":"* defines its *API* in an `interface` with the same name as the Component.","lastModifiedDate":"2021-07-31"},{"lineNumber":62,"author":{"gitId":"-"},"content":"* implements its functionality using a concrete `{Component Name}Manager` class (which follows the corresponding API `interface` mentioned in the previous point.","lastModifiedDate":"2021-07-31"},{"lineNumber":63,"author":{"gitId":"-"},"content":"","lastModifiedDate":"2021-07-31"},{"lineNumber":64,"author":{"gitId":"-"},"content":"For example, the `Logic` component defines its API in the `Logic.java` interface and implements its functionality using the `LogicManager.java` class which follows the `Logic` interface. Other components interact with a given component through its interface rather than the concrete class (reason: to prevent outside component\u0027s being coupled to the implementation of a component), as illustrated in the (partial) class diagram below.","lastModifiedDate":"2021-07-31"},{"lineNumber":65,"author":{"gitId":"-"},"content":"","lastModifiedDate":"2021-07-31"},{"lineNumber":66,"author":{"gitId":"-"},"content":"\u003cimg src\u003d\"images/ComponentManagers.png\" width\u003d\"300\" /\u003e","lastModifiedDate":"2021-07-31"},{"lineNumber":67,"author":{"gitId":"-"},"content":"","lastModifiedDate":"2021-07-31"},{"lineNumber":68,"author":{"gitId":"-"},"content":"The sections below give more details of each component.","lastModifiedDate":"2020-05-23"},{"lineNumber":69,"author":{"gitId":"-"},"content":"","lastModifiedDate":"2020-05-23"},{"lineNumber":70,"author":{"gitId":"-"},"content":"### UI component","lastModifiedDate":"2020-05-23"},{"lineNumber":71,"author":{"gitId":"-"},"content":"","lastModifiedDate":"2020-05-23"},{"lineNumber":72,"author":{"gitId":"-"},"content":"The **API** of this component is specified in [`Ui.java`](https://github.com/se-edu/addressbook-level3/tree/master/src/main/java/seedu/address/ui/Ui.java)","lastModifiedDate":"2021-07-31"},{"lineNumber":73,"author":{"gitId":"-"},"content":"","lastModifiedDate":"2020-05-23"},{"lineNumber":74,"author":{"gitId":"-"},"content":"![Structure of the UI Component](images/UiClassDiagram.png)","lastModifiedDate":"2021-07-31"},{"lineNumber":75,"author":{"gitId":"-"},"content":"","lastModifiedDate":"2020-05-23"},{"lineNumber":76,"author":{"gitId":"-"},"content":"The UI consists of a `MainWindow` that is made up of parts e.g.`CommandBox`, `ResultDisplay`, `PersonListPanel`, `StatusBarFooter` etc. All these, including the `MainWindow`, inherit from the abstract `UiPart` class which captures the commonalities between classes that represent parts of the visible GUI.","lastModifiedDate":"2021-07-31"},{"lineNumber":77,"author":{"gitId":"-"},"content":"","lastModifiedDate":"2020-05-23"},{"lineNumber":78,"author":{"gitId":"-"},"content":"The `UI` component uses the JavaFx UI framework. The layout of these UI parts are defined in matching `.fxml` files that are in the `src/main/resources/view` folder. For example, the layout of the [`MainWindow`](https://github.com/se-edu/addressbook-level3/tree/master/src/main/java/seedu/address/ui/MainWindow.java) is specified in [`MainWindow.fxml`](https://github.com/se-edu/addressbook-level3/tree/master/src/main/resources/view/MainWindow.fxml)","lastModifiedDate":"2021-07-31"},{"lineNumber":79,"author":{"gitId":"-"},"content":"","lastModifiedDate":"2020-05-23"},{"lineNumber":80,"author":{"gitId":"-"},"content":"The `UI` component,","lastModifiedDate":"2020-05-23"},{"lineNumber":81,"author":{"gitId":"-"},"content":"","lastModifiedDate":"2020-05-23"},{"lineNumber":82,"author":{"gitId":"-"},"content":"* executes user commands using the `Logic` component.","lastModifiedDate":"2021-07-31"},{"lineNumber":83,"author":{"gitId":"-"},"content":"* listens for changes to `Model` data so that the UI can be updated with the modified data.","lastModifiedDate":"2021-07-31"},{"lineNumber":84,"author":{"gitId":"-"},"content":"* keeps a reference to the `Logic` component, because the `UI` relies on the `Logic` to execute commands.","lastModifiedDate":"2021-07-31"},{"lineNumber":85,"author":{"gitId":"-"},"content":"* depends on some classes in the `Model` component, as it displays `Person` object residing in the `Model`.","lastModifiedDate":"2021-07-31"},{"lineNumber":86,"author":{"gitId":"-"},"content":"","lastModifiedDate":"2020-05-23"},{"lineNumber":87,"author":{"gitId":"-"},"content":"### Logic component","lastModifiedDate":"2020-05-23"},{"lineNumber":88,"author":{"gitId":"-"},"content":"","lastModifiedDate":"2020-05-23"},{"lineNumber":89,"author":{"gitId":"-"},"content":"**API** : [`Logic.java`](https://github.com/se-edu/addressbook-level3/tree/master/src/main/java/seedu/address/logic/Logic.java)","lastModifiedDate":"2021-07-31"},{"lineNumber":90,"author":{"gitId":"-"},"content":"","lastModifiedDate":"2020-05-23"},{"lineNumber":91,"author":{"gitId":"-"},"content":"Here\u0027s a (partial) class diagram of the `Logic` component:","lastModifiedDate":"2021-07-31"},{"lineNumber":92,"author":{"gitId":"-"},"content":"","lastModifiedDate":"2020-05-23"},{"lineNumber":93,"author":{"gitId":"-"},"content":"\u003cimg src\u003d\"images/LogicClassDiagram.png\" width\u003d\"550\"/\u003e","lastModifiedDate":"2021-07-31"},{"lineNumber":94,"author":{"gitId":"-"},"content":"","lastModifiedDate":"2020-05-23"},{"lineNumber":95,"author":{"gitId":"-"},"content":"How the `Logic` component works:","lastModifiedDate":"2021-07-31"},{"lineNumber":96,"author":{"gitId":"-"},"content":"1. When `Logic` is called upon to execute a command, it uses the `AddressBookParser` class to parse the user command.","lastModifiedDate":"2021-07-31"},{"lineNumber":97,"author":{"gitId":"-"},"content":"1. This results in a `Command` object (more precisely, an object of one of its subclasses e.g., `AddCommand`) which is executed by the `LogicManager`.","lastModifiedDate":"2021-07-31"},{"lineNumber":98,"author":{"gitId":"-"},"content":"1. The command can communicate with the `Model` when it is executed (e.g. to add a person).","lastModifiedDate":"2021-07-31"},{"lineNumber":99,"author":{"gitId":"-"},"content":"1. The result of the command execution is encapsulated as a `CommandResult` object which is returned back from `Logic`.","lastModifiedDate":"2021-07-31"},{"lineNumber":100,"author":{"gitId":"-"},"content":"","lastModifiedDate":"2021-07-31"},{"lineNumber":101,"author":{"gitId":"-"},"content":"The Sequence Diagram below illustrates the interactions within the `Logic` component for the `execute(\"delete 1\")` API call.","lastModifiedDate":"2021-07-31"},{"lineNumber":102,"author":{"gitId":"-"},"content":"","lastModifiedDate":"2020-05-23"},{"lineNumber":103,"author":{"gitId":"-"},"content":"![Interactions Inside the Logic Component for the `delete 1` Command](images/DeleteSequenceDiagram.png)","lastModifiedDate":"2020-05-23"},{"lineNumber":104,"author":{"gitId":"-"},"content":"","lastModifiedDate":"2020-05-23"},{"lineNumber":105,"author":{"gitId":"-"},"content":"\u003cdiv markdown\u003d\"span\" class\u003d\"alert alert-info\"\u003e:information_source: **Note:** The lifeline for `DeleteCommandParser` should end at the destroy marker (X) but due to a limitation of PlantUML, the lifeline reaches the end of diagram.","lastModifiedDate":"2020-05-23"},{"lineNumber":106,"author":{"gitId":"-"},"content":"\u003c/div\u003e","lastModifiedDate":"2020-05-23"},{"lineNumber":107,"author":{"gitId":"-"},"content":"","lastModifiedDate":"2020-05-23"},{"lineNumber":108,"author":{"gitId":"-"},"content":"Here are the other classes in `Logic` (omitted from the class diagram above) that are used for parsing a user command:","lastModifiedDate":"2021-07-31"},{"lineNumber":109,"author":{"gitId":"-"},"content":"","lastModifiedDate":"2021-07-31"},{"lineNumber":110,"author":{"gitId":"-"},"content":"\u003cimg src\u003d\"images/ParserClasses.png\" width\u003d\"600\"/\u003e","lastModifiedDate":"2021-07-31"},{"lineNumber":111,"author":{"gitId":"-"},"content":"","lastModifiedDate":"2020-05-23"},{"lineNumber":112,"author":{"gitId":"-"},"content":"How the parsing works:","lastModifiedDate":"2021-07-31"},{"lineNumber":113,"author":{"gitId":"-"},"content":"* When called upon to parse a user command, the `AddressBookParser` class creates an `XYZCommandParser` (`XYZ` is a placeholder for the specific command name e.g., `AddCommandParser`) which uses the other classes shown above to parse the user command and create a `XYZCommand` object (e.g., `AddCommand`) which the `AddressBookParser` returns back as a `Command` object.","lastModifiedDate":"2021-07-31"},{"lineNumber":114,"author":{"gitId":"-"},"content":"* All `XYZCommandParser` classes (e.g., `AddCommandParser`, `DeleteCommandParser`, ...) inherit from the `Parser` interface so that they can be treated similarly where possible e.g, during testing.","lastModifiedDate":"2021-07-31"},{"lineNumber":115,"author":{"gitId":"-"},"content":"","lastModifiedDate":"2020-05-23"},{"lineNumber":116,"author":{"gitId":"-"},"content":"### Model component","lastModifiedDate":"2021-07-31"},{"lineNumber":117,"author":{"gitId":"-"},"content":"**API** : [`Model.java`](https://github.com/se-edu/addressbook-level3/tree/master/src/main/java/seedu/address/model/Model.java)","lastModifiedDate":"2020-05-23"},{"lineNumber":118,"author":{"gitId":"-"},"content":"","lastModifiedDate":"2020-05-23"},{"lineNumber":119,"author":{"gitId":"-"},"content":"\u003cimg src\u003d\"images/ModelClassDiagram.png\" width\u003d\"450\" /\u003e","lastModifiedDate":"2021-07-31"},{"lineNumber":120,"author":{"gitId":"-"},"content":"","lastModifiedDate":"2020-05-23"},{"lineNumber":121,"author":{"gitId":"-"},"content":"","lastModifiedDate":"2020-05-23"},{"lineNumber":122,"author":{"gitId":"-"},"content":"The `Model` component,","lastModifiedDate":"2021-07-31"},{"lineNumber":123,"author":{"gitId":"-"},"content":"","lastModifiedDate":"2020-05-23"},{"lineNumber":124,"author":{"gitId":"-"},"content":"* stores the address book data i.e., all `Person` objects (which are contained in a `UniquePersonList` object).","lastModifiedDate":"2021-07-31"},{"lineNumber":125,"author":{"gitId":"-"},"content":"* stores the currently \u0027selected\u0027 `Person` objects (e.g., results of a search query) as a separate _filtered_ list which is exposed to outsiders as an unmodifiable `ObservableList\u003cPerson\u003e` that can be \u0027observed\u0027 e.g. the UI can be bound to this list so that the UI automatically updates when the data in the list change.","lastModifiedDate":"2021-07-31"},{"lineNumber":126,"author":{"gitId":"-"},"content":"* stores a `UserPref` object that represents the user’s preferences. This is exposed to the outside as a `ReadOnlyUserPref` objects.","lastModifiedDate":"2021-07-31"},{"lineNumber":127,"author":{"gitId":"-"},"content":"* does not depend on any of the other three components (as the `Model` represents data entities of the domain, they should make sense on their own without depending on other components)","lastModifiedDate":"2021-07-31"},{"lineNumber":128,"author":{"gitId":"-"},"content":"","lastModifiedDate":"2021-07-31"},{"lineNumber":129,"author":{"gitId":"-"},"content":"\u003cdiv markdown\u003d\"span\" class\u003d\"alert alert-info\"\u003e:information_source: **Note:** An alternative (arguably, a more OOP) model is given below. It has a `Tag` list in the `AddressBook`, which `Person` references. This allows `AddressBook` to only require one `Tag` object per unique tag, instead of each `Person` needing their own `Tag` objects.\u003cbr\u003e","lastModifiedDate":"2021-07-31"},{"lineNumber":130,"author":{"gitId":"-"},"content":"","lastModifiedDate":"2021-07-31"},{"lineNumber":131,"author":{"gitId":"-"},"content":"\u003cimg src\u003d\"images/BetterModelClassDiagram.png\" width\u003d\"450\" /\u003e","lastModifiedDate":"2021-07-31"},{"lineNumber":132,"author":{"gitId":"-"},"content":"","lastModifiedDate":"2020-05-23"},{"lineNumber":133,"author":{"gitId":"-"},"content":"\u003c/div\u003e","lastModifiedDate":"2020-05-23"},{"lineNumber":134,"author":{"gitId":"-"},"content":"","lastModifiedDate":"2020-05-23"},{"lineNumber":135,"author":{"gitId":"-"},"content":"","lastModifiedDate":"2020-05-23"},{"lineNumber":136,"author":{"gitId":"-"},"content":"### Storage component","lastModifiedDate":"2020-05-23"},{"lineNumber":137,"author":{"gitId":"-"},"content":"","lastModifiedDate":"2020-05-23"},{"lineNumber":138,"author":{"gitId":"-"},"content":"**API** : [`Storage.java`](https://github.com/se-edu/addressbook-level3/tree/master/src/main/java/seedu/address/storage/Storage.java)","lastModifiedDate":"2020-05-23"},{"lineNumber":139,"author":{"gitId":"-"},"content":"","lastModifiedDate":"2020-05-23"},{"lineNumber":140,"author":{"gitId":"-"},"content":"\u003cimg src\u003d\"images/StorageClassDiagram.png\" width\u003d\"550\" /\u003e","lastModifiedDate":"2021-07-31"},{"lineNumber":141,"author":{"gitId":"-"},"content":"","lastModifiedDate":"2021-07-31"},{"lineNumber":142,"author":{"gitId":"-"},"content":"The `Storage` component,","lastModifiedDate":"2020-05-23"},{"lineNumber":143,"author":{"gitId":"-"},"content":"* can save both address book data and user preference data in json format, and read them back into corresponding objects.","lastModifiedDate":"2021-07-31"},{"lineNumber":144,"author":{"gitId":"-"},"content":"* inherits from both `AddressBookStorage` and `UserPrefStorage`, which means it can be treated as either one (if only the functionality of only one is needed).","lastModifiedDate":"2021-07-31"},{"lineNumber":145,"author":{"gitId":"-"},"content":"* depends on some classes in the `Model` component (because the `Storage` component\u0027s job is to save/retrieve objects that belong to the `Model`)","lastModifiedDate":"2021-07-21"},{"lineNumber":146,"author":{"gitId":"-"},"content":"","lastModifiedDate":"2020-05-23"},{"lineNumber":147,"author":{"gitId":"-"},"content":"### Common classes","lastModifiedDate":"2020-05-23"},{"lineNumber":148,"author":{"gitId":"-"},"content":"","lastModifiedDate":"2020-05-23"},{"lineNumber":149,"author":{"gitId":"-"},"content":"Classes used by multiple components are in the `seedu.addressbook.commons` package.","lastModifiedDate":"2020-05-23"},{"lineNumber":150,"author":{"gitId":"-"},"content":"","lastModifiedDate":"2020-05-23"},{"lineNumber":151,"author":{"gitId":"-"},"content":"--------------------------------------------------------------------------------------------------------------------","lastModifiedDate":"2020-05-23"},{"lineNumber":152,"author":{"gitId":"-"},"content":"","lastModifiedDate":"2020-05-23"},{"lineNumber":153,"author":{"gitId":"-"},"content":"## **Implementation**","lastModifiedDate":"2020-05-23"},{"lineNumber":154,"author":{"gitId":"-"},"content":"","lastModifiedDate":"2020-05-23"},{"lineNumber":155,"author":{"gitId":"-"},"content":"This section describes some noteworthy details on how certain features are implemented.","lastModifiedDate":"2020-05-23"},{"lineNumber":156,"author":{"gitId":"-"},"content":"","lastModifiedDate":"2020-05-23"},{"lineNumber":157,"author":{"gitId":"-"},"content":"### \\[Proposed\\] Undo/redo feature","lastModifiedDate":"2020-06-07"},{"lineNumber":158,"author":{"gitId":"-"},"content":"","lastModifiedDate":"2020-05-23"},{"lineNumber":159,"author":{"gitId":"-"},"content":"#### Proposed Implementation","lastModifiedDate":"2020-05-23"},{"lineNumber":160,"author":{"gitId":"-"},"content":"","lastModifiedDate":"2020-05-23"},{"lineNumber":161,"author":{"gitId":"-"},"content":"The proposed undo/redo mechanism is facilitated by `VersionedAddressBook`. It extends `AddressBook` with an undo/redo history, stored internally as an `addressBookStateList` and `currentStatePointer`. Additionally, it implements the following operations:","lastModifiedDate":"2020-05-23"},{"lineNumber":162,"author":{"gitId":"-"},"content":"","lastModifiedDate":"2020-05-23"},{"lineNumber":163,"author":{"gitId":"-"},"content":"* `VersionedAddressBook#commit()` — Saves the current address book state in its history.","lastModifiedDate":"2020-05-23"},{"lineNumber":164,"author":{"gitId":"-"},"content":"* `VersionedAddressBook#undo()` — Restores the previous address book state from its history.","lastModifiedDate":"2020-05-23"},{"lineNumber":165,"author":{"gitId":"-"},"content":"* `VersionedAddressBook#redo()` — Restores a previously undone address book state from its history.","lastModifiedDate":"2020-05-23"},{"lineNumber":166,"author":{"gitId":"-"},"content":"","lastModifiedDate":"2020-05-23"},{"lineNumber":167,"author":{"gitId":"-"},"content":"These operations are exposed in the `Model` interface as `Model#commitAddressBook()`, `Model#undoAddressBook()` and `Model#redoAddressBook()` respectively.","lastModifiedDate":"2020-05-23"},{"lineNumber":168,"author":{"gitId":"-"},"content":"","lastModifiedDate":"2020-05-23"},{"lineNumber":169,"author":{"gitId":"-"},"content":"Given below is an example usage scenario and how the undo/redo mechanism behaves at each step.","lastModifiedDate":"2020-05-23"},{"lineNumber":170,"author":{"gitId":"-"},"content":"","lastModifiedDate":"2020-05-23"},{"lineNumber":171,"author":{"gitId":"-"},"content":"Step 1. The user launches the application for the first time. The `VersionedAddressBook` will be initialized with the initial address book state, and the `currentStatePointer` pointing to that single address book state.","lastModifiedDate":"2020-05-23"},{"lineNumber":172,"author":{"gitId":"-"},"content":"","lastModifiedDate":"2020-05-23"},{"lineNumber":173,"author":{"gitId":"-"},"content":"![UndoRedoState0](images/UndoRedoState0.png)","lastModifiedDate":"2020-05-23"},{"lineNumber":174,"author":{"gitId":"-"},"content":"","lastModifiedDate":"2020-05-23"},{"lineNumber":175,"author":{"gitId":"-"},"content":"Step 2. The user executes `delete 5` command to delete the 5th person in the address book. The `delete` command calls `Model#commitAddressBook()`, causing the modified state of the address book after the `delete 5` command executes to be saved in the `addressBookStateList`, and the `currentStatePointer` is shifted to the newly inserted address book state.","lastModifiedDate":"2020-05-23"},{"lineNumber":176,"author":{"gitId":"-"},"content":"","lastModifiedDate":"2020-05-23"},{"lineNumber":177,"author":{"gitId":"-"},"content":"![UndoRedoState1](images/UndoRedoState1.png)","lastModifiedDate":"2020-05-23"},{"lineNumber":178,"author":{"gitId":"-"},"content":"","lastModifiedDate":"2020-05-23"},{"lineNumber":179,"author":{"gitId":"-"},"content":"Step 3. The user executes `add n/David …​` to add a new person. The `add` command also calls `Model#commitAddressBook()`, causing another modified address book state to be saved into the `addressBookStateList`.","lastModifiedDate":"2020-05-23"},{"lineNumber":180,"author":{"gitId":"-"},"content":"","lastModifiedDate":"2020-05-23"},{"lineNumber":181,"author":{"gitId":"-"},"content":"![UndoRedoState2](images/UndoRedoState2.png)","lastModifiedDate":"2020-05-23"},{"lineNumber":182,"author":{"gitId":"-"},"content":"","lastModifiedDate":"2020-05-23"},{"lineNumber":183,"author":{"gitId":"-"},"content":"\u003cdiv markdown\u003d\"span\" class\u003d\"alert alert-info\"\u003e:information_source: **Note:** If a command fails its execution, it will not call `Model#commitAddressBook()`, so the address book state will not be saved into the `addressBookStateList`.","lastModifiedDate":"2020-05-23"},{"lineNumber":184,"author":{"gitId":"-"},"content":"","lastModifiedDate":"2020-05-23"},{"lineNumber":185,"author":{"gitId":"-"},"content":"\u003c/div\u003e","lastModifiedDate":"2020-05-23"},{"lineNumber":186,"author":{"gitId":"-"},"content":"","lastModifiedDate":"2020-05-23"},{"lineNumber":187,"author":{"gitId":"-"},"content":"Step 4. The user now decides that adding the person was a mistake, and decides to undo that action by executing the `undo` command. The `undo` command will call `Model#undoAddressBook()`, which will shift the `currentStatePointer` once to the left, pointing it to the previous address book state, and restores the address book to that state.","lastModifiedDate":"2020-05-23"},{"lineNumber":188,"author":{"gitId":"-"},"content":"","lastModifiedDate":"2020-05-23"},{"lineNumber":189,"author":{"gitId":"-"},"content":"![UndoRedoState3](images/UndoRedoState3.png)","lastModifiedDate":"2020-05-23"},{"lineNumber":190,"author":{"gitId":"-"},"content":"","lastModifiedDate":"2020-05-23"},{"lineNumber":191,"author":{"gitId":"-"},"content":"\u003cdiv markdown\u003d\"span\" class\u003d\"alert alert-info\"\u003e:information_source: **Note:** If the `currentStatePointer` is at index 0, pointing to the initial AddressBook state, then there are no previous AddressBook states to restore. The `undo` command uses `Model#canUndoAddressBook()` to check if this is the case. If so, it will return an error to the user rather","lastModifiedDate":"2020-05-23"},{"lineNumber":192,"author":{"gitId":"-"},"content":"than attempting to perform the undo.","lastModifiedDate":"2020-05-23"},{"lineNumber":193,"author":{"gitId":"-"},"content":"","lastModifiedDate":"2020-05-23"},{"lineNumber":194,"author":{"gitId":"-"},"content":"\u003c/div\u003e","lastModifiedDate":"2020-05-23"},{"lineNumber":195,"author":{"gitId":"-"},"content":"","lastModifiedDate":"2020-05-23"},{"lineNumber":196,"author":{"gitId":"-"},"content":"The following sequence diagram shows how the undo operation works:","lastModifiedDate":"2020-05-23"},{"lineNumber":197,"author":{"gitId":"-"},"content":"","lastModifiedDate":"2020-05-23"},{"lineNumber":198,"author":{"gitId":"-"},"content":"![UndoSequenceDiagram](images/UndoSequenceDiagram.png)","lastModifiedDate":"2020-05-23"},{"lineNumber":199,"author":{"gitId":"-"},"content":"","lastModifiedDate":"2020-05-23"},{"lineNumber":200,"author":{"gitId":"-"},"content":"\u003cdiv markdown\u003d\"span\" class\u003d\"alert alert-info\"\u003e:information_source: **Note:** The lifeline for `UndoCommand` should end at the destroy marker (X) but due to a limitation of PlantUML, the lifeline reaches the end of diagram.","lastModifiedDate":"2020-05-23"},{"lineNumber":201,"author":{"gitId":"-"},"content":"","lastModifiedDate":"2020-05-23"},{"lineNumber":202,"author":{"gitId":"-"},"content":"\u003c/div\u003e","lastModifiedDate":"2020-05-23"},{"lineNumber":203,"author":{"gitId":"-"},"content":"","lastModifiedDate":"2020-05-23"},{"lineNumber":204,"author":{"gitId":"-"},"content":"The `redo` command does the opposite — it calls `Model#redoAddressBook()`, which shifts the `currentStatePointer` once to the right, pointing to the previously undone state, and restores the address book to that state.","lastModifiedDate":"2020-05-23"},{"lineNumber":205,"author":{"gitId":"-"},"content":"","lastModifiedDate":"2020-05-23"},{"lineNumber":206,"author":{"gitId":"-"},"content":"\u003cdiv markdown\u003d\"span\" class\u003d\"alert alert-info\"\u003e:information_source: **Note:** If the `currentStatePointer` is at index `addressBookStateList.size() - 1`, pointing to the latest address book state, then there are no undone AddressBook states to restore. The `redo` command uses `Model#canRedoAddressBook()` to check if this is the case. If so, it will return an error to the user rather than attempting to perform the redo.","lastModifiedDate":"2020-05-23"},{"lineNumber":207,"author":{"gitId":"-"},"content":"","lastModifiedDate":"2020-05-23"},{"lineNumber":208,"author":{"gitId":"-"},"content":"\u003c/div\u003e","lastModifiedDate":"2020-05-23"},{"lineNumber":209,"author":{"gitId":"-"},"content":"","lastModifiedDate":"2020-05-23"},{"lineNumber":210,"author":{"gitId":"-"},"content":"Step 5. The user then decides to execute the command `list`. Commands that do not modify the address book, such as `list`, will usually not call `Model#commitAddressBook()`, `Model#undoAddressBook()` or `Model#redoAddressBook()`. Thus, the `addressBookStateList` remains unchanged.","lastModifiedDate":"2020-05-23"},{"lineNumber":211,"author":{"gitId":"-"},"content":"","lastModifiedDate":"2020-05-23"},{"lineNumber":212,"author":{"gitId":"-"},"content":"![UndoRedoState4](images/UndoRedoState4.png)","lastModifiedDate":"2020-05-23"},{"lineNumber":213,"author":{"gitId":"-"},"content":"","lastModifiedDate":"2020-05-23"},{"lineNumber":214,"author":{"gitId":"-"},"content":"Step 6. The user executes `clear`, which calls `Model#commitAddressBook()`. Since the `currentStatePointer` is not pointing at the end of the `addressBookStateList`, all address book states after the `currentStatePointer` will be purged. Reason: It no longer makes sense to redo the `add n/David …​` command. This is the behavior that most modern desktop applications follow.","lastModifiedDate":"2020-05-23"},{"lineNumber":215,"author":{"gitId":"-"},"content":"","lastModifiedDate":"2020-05-23"},{"lineNumber":216,"author":{"gitId":"-"},"content":"![UndoRedoState5](images/UndoRedoState5.png)","lastModifiedDate":"2020-05-23"},{"lineNumber":217,"author":{"gitId":"-"},"content":"","lastModifiedDate":"2020-05-23"},{"lineNumber":218,"author":{"gitId":"-"},"content":"The following activity diagram summarizes what happens when a user executes a new command:","lastModifiedDate":"2020-05-23"},{"lineNumber":219,"author":{"gitId":"-"},"content":"","lastModifiedDate":"2020-05-23"},{"lineNumber":220,"author":{"gitId":"-"},"content":"\u003cimg src\u003d\"images/CommitActivityDiagram.png\" width\u003d\"250\" /\u003e","lastModifiedDate":"2021-07-31"},{"lineNumber":221,"author":{"gitId":"-"},"content":"","lastModifiedDate":"2020-05-23"},{"lineNumber":222,"author":{"gitId":"-"},"content":"#### Design considerations:","lastModifiedDate":"2021-07-31"},{"lineNumber":223,"author":{"gitId":"-"},"content":"","lastModifiedDate":"2020-05-23"},{"lineNumber":224,"author":{"gitId":"-"},"content":"**Aspect: How undo \u0026 redo executes:**","lastModifiedDate":"2021-07-31"},{"lineNumber":225,"author":{"gitId":"-"},"content":"","lastModifiedDate":"2020-05-23"},{"lineNumber":226,"author":{"gitId":"-"},"content":"* **Alternative 1 (current choice):** Saves the entire address book.","lastModifiedDate":"2020-05-23"},{"lineNumber":227,"author":{"gitId":"-"},"content":"  * Pros: Easy to implement.","lastModifiedDate":"2020-05-23"},{"lineNumber":228,"author":{"gitId":"-"},"content":"  * Cons: May have performance issues in terms of memory usage.","lastModifiedDate":"2020-05-23"},{"lineNumber":229,"author":{"gitId":"-"},"content":"","lastModifiedDate":"2020-05-23"},{"lineNumber":230,"author":{"gitId":"-"},"content":"* **Alternative 2:** Individual command knows how to undo/redo by","lastModifiedDate":"2020-05-23"},{"lineNumber":231,"author":{"gitId":"-"},"content":"  itself.","lastModifiedDate":"2020-05-23"},{"lineNumber":232,"author":{"gitId":"-"},"content":"  * Pros: Will use less memory (e.g. for `delete`, just save the person being deleted).","lastModifiedDate":"2020-05-23"},{"lineNumber":233,"author":{"gitId":"-"},"content":"  * Cons: We must ensure that the implementation of each individual command are correct.","lastModifiedDate":"2020-05-23"},{"lineNumber":234,"author":{"gitId":"-"},"content":"","lastModifiedDate":"2020-05-23"},{"lineNumber":235,"author":{"gitId":"-"},"content":"_{more aspects and alternatives to be added}_","lastModifiedDate":"2020-05-23"},{"lineNumber":236,"author":{"gitId":"-"},"content":"","lastModifiedDate":"2020-05-23"},{"lineNumber":237,"author":{"gitId":"-"},"content":"### \\[Proposed\\] Data archiving","lastModifiedDate":"2020-05-23"},{"lineNumber":238,"author":{"gitId":"-"},"content":"","lastModifiedDate":"2020-05-23"},{"lineNumber":239,"author":{"gitId":"-"},"content":"_{Explain here how the data archiving feature will be implemented}_","lastModifiedDate":"2020-05-23"},{"lineNumber":240,"author":{"gitId":"-"},"content":"","lastModifiedDate":"2020-05-23"},{"lineNumber":241,"author":{"gitId":"-"},"content":"","lastModifiedDate":"2020-05-23"},{"lineNumber":242,"author":{"gitId":"-"},"content":"--------------------------------------------------------------------------------------------------------------------","lastModifiedDate":"2020-05-23"},{"lineNumber":243,"author":{"gitId":"-"},"content":"","lastModifiedDate":"2020-05-23"},{"lineNumber":244,"author":{"gitId":"-"},"content":"## **Documentation, logging, testing, configuration, dev-ops**","lastModifiedDate":"2020-06-07"},{"lineNumber":245,"author":{"gitId":"-"},"content":"","lastModifiedDate":"2020-05-23"},{"lineNumber":246,"author":{"gitId":"-"},"content":"* [Documentation guide](Documentation.md)","lastModifiedDate":"2020-06-07"},{"lineNumber":247,"author":{"gitId":"-"},"content":"* [Testing guide](Testing.md)","lastModifiedDate":"2020-06-07"},{"lineNumber":248,"author":{"gitId":"-"},"content":"* [Logging guide](Logging.md)","lastModifiedDate":"2020-06-07"},{"lineNumber":249,"author":{"gitId":"-"},"content":"* [Configuration guide](Configuration.md)","lastModifiedDate":"2020-06-07"},{"lineNumber":250,"author":{"gitId":"-"},"content":"* [DevOps guide](DevOps.md)","lastModifiedDate":"2020-06-07"},{"lineNumber":251,"author":{"gitId":"-"},"content":"","lastModifiedDate":"2020-05-23"},{"lineNumber":252,"author":{"gitId":"-"},"content":"--------------------------------------------------------------------------------------------------------------------","lastModifiedDate":"2020-05-23"},{"lineNumber":253,"author":{"gitId":"-"},"content":"","lastModifiedDate":"2020-05-23"},{"lineNumber":254,"author":{"gitId":"-"},"content":"## **Appendix: Requirements**","lastModifiedDate":"2020-05-23"},{"lineNumber":255,"author":{"gitId":"-"},"content":"","lastModifiedDate":"2020-05-23"},{"lineNumber":256,"author":{"gitId":"-"},"content":"### Product scope","lastModifiedDate":"2020-05-23"},{"lineNumber":257,"author":{"gitId":"-"},"content":"","lastModifiedDate":"2020-05-23"},{"lineNumber":258,"author":{"gitId":"-"},"content":"**Target user profile**:","lastModifiedDate":"2020-05-23"},{"lineNumber":259,"author":{"gitId":"-"},"content":"","lastModifiedDate":"2020-05-23"},{"lineNumber":260,"author":{"gitId":"sohwkjames"},"content":"* User is secondary school teacher","lastModifiedDate":"2022-02-24"},{"lineNumber":261,"author":{"gitId":"sohwkjames"},"content":"* Keeps track of multiple classes, keeps tracks of students grades","lastModifiedDate":"2022-02-24"},{"lineNumber":262,"author":{"gitId":"-"},"content":"* prefer desktop apps over other types","lastModifiedDate":"2020-05-23"},{"lineNumber":263,"author":{"gitId":"-"},"content":"* can type fast","lastModifiedDate":"2020-05-23"},{"lineNumber":264,"author":{"gitId":"-"},"content":"* prefers typing to mouse interactions","lastModifiedDate":"2020-05-26"},{"lineNumber":265,"author":{"gitId":"-"},"content":"* is reasonably comfortable using CLI apps","lastModifiedDate":"2020-05-23"},{"lineNumber":266,"author":{"gitId":"-"},"content":"","lastModifiedDate":"2020-05-23"},{"lineNumber":267,"author":{"gitId":"sohwkjames"},"content":"","lastModifiedDate":"2022-02-24"},{"lineNumber":268,"author":{"gitId":"sohwkjames"},"content":"**Value proposition**: GreatBook helps our user keep track of all the students he teaches, which class they are under, which subjects they are taking, and current grade for the subjects. He can use the product to update student’s current grades, and personal information such as address, phone number as well.","lastModifiedDate":"2022-02-24"},{"lineNumber":269,"author":{"gitId":"-"},"content":"","lastModifiedDate":"2020-05-23"},{"lineNumber":270,"author":{"gitId":"-"},"content":"","lastModifiedDate":"2020-05-23"},{"lineNumber":271,"author":{"gitId":"-"},"content":"### User stories","lastModifiedDate":"2020-06-07"},{"lineNumber":272,"author":{"gitId":"-"},"content":"","lastModifiedDate":"2020-05-23"},{"lineNumber":273,"author":{"gitId":"-"},"content":"Priorities: High (must have) - `* * *`, Medium (nice to have) - `* *`, Low (unlikely to have) - `*`","lastModifiedDate":"2020-05-23"},{"lineNumber":274,"author":{"gitId":"-"},"content":"","lastModifiedDate":"2020-05-23"},{"lineNumber":275,"author":{"gitId":"-"},"content":"| Priority | As a …​                                    | I want to …​                     | So that I can…​                                                        |","lastModifiedDate":"2020-05-23"},{"lineNumber":276,"author":{"gitId":"-"},"content":"| -------- | ------------------------------------------ | ------------------------------ | ---------------------------------------------------------------------- |","lastModifiedDate":"2020-05-23"},{"lineNumber":277,"author":{"gitId":"sohwkjames"},"content":"| `* * *`  | As a teacher exploring the app                                   | I can see the app with sample data, and some user interface         | so I can easily see how the app will look and feel after I input my own data                 |","lastModifiedDate":"2022-02-24"},{"lineNumber":278,"author":{"gitId":"sohwkjames"},"content":"| `* *`  | As a teacher who just started the app                                       | I can load in my sample data in json form               |   so I do not need to key in data individually.","lastModifiedDate":"2022-02-24"},{"lineNumber":279,"author":{"gitId":"sohwkjames"},"content":"|","lastModifiedDate":"2022-02-24"},{"lineNumber":280,"author":{"gitId":"sohwkjames"},"content":"| `* *`  | As a teacher who just started the app                                       | I can load in my sample data in csv format                |  so I do not need to key in data individually.                                   |","lastModifiedDate":"2022-02-24"},{"lineNumber":281,"author":{"gitId":"sohwkjames"},"content":"| `* * *`  | As a teacher who just started using the app                                       | I can add student information such as name, contact details, and what class they are in          | so I can look this information up in the future.","lastModifiedDate":"2022-02-24"},{"lineNumber":282,"author":{"gitId":"sohwkjames"},"content":"|","lastModifiedDate":"2022-02-24"},{"lineNumber":283,"author":{"gitId":"sohwkjames"},"content":"| `* * `    | As a teacher who just started using the app                                       | when adding students, I pre-select a class to add to   |  so that I can save time when entering all students data from the same class.","lastModifiedDate":"2022-02-24"},{"lineNumber":284,"author":{"gitId":"sohwkjames"},"content":"|","lastModifiedDate":"2022-02-24"},{"lineNumber":285,"author":{"gitId":"sohwkjames"},"content":"| `* * *`      | As a teacher who is currently using the app | I can update info such as the grade and class of a student           | so that I can ensure student data is always updated                      |","lastModifiedDate":"2022-02-24"},{"lineNumber":286,"author":{"gitId":"sohwkjames"},"content":"| `*`      | As a teacher who is currently using the app | I can turn on “student mode”           |  so I can ask students to come to my computer to enter their own information |","lastModifiedDate":"2022-02-24"},{"lineNumber":287,"author":{"gitId":"sohwkjames"},"content":"| `* * *`      | As a teacher who is currently using the app |  I can view a master list of all the students I have saved before          |  so I can have a clear overview of all my students |","lastModifiedDate":"2022-02-24"},{"lineNumber":288,"author":{"gitId":"sohwkjames"},"content":"| `* * *`      | As a teacher who is currently using the app |  in my master list view, I can sort the student by fields such as Age          |  so I do not have to sort students manaully |","lastModifiedDate":"2022-02-24"},{"lineNumber":289,"author":{"gitId":"sohwkjames"},"content":"| `* * *`      | As a teacher who is currently using the app |   I can use a graphical User Interface to interact with the app          |  so that I am not restricted to just input from the keyboard |","lastModifiedDate":"2022-02-24"},{"lineNumber":290,"author":{"gitId":"sohwkjames"},"content":"| `* *`      | As a teacher who is currently using the app |  I should be able to access the add student feature from the main menu. |  so I can add students with ease |","lastModifiedDate":"2022-02-24"},{"lineNumber":291,"author":{"gitId":"sohwkjames"},"content":"| `* * *`      | As a teacher who is currently using the app |  I should be able to also view the CLI input field at all times in the app          |  so I can key in commands anytime I need |","lastModifiedDate":"2022-02-24"},{"lineNumber":292,"author":{"gitId":"sohwkjames"},"content":"| `* * *`      | As a teacher who is currently using the app |   I can see usage instructions          |  so that I can refer to instructions when I forget how to use the App.","lastModifiedDate":"2022-02-24"},{"lineNumber":293,"author":{"gitId":"sohwkjames"},"content":"|","lastModifiedDate":"2022-02-24"},{"lineNumber":294,"author":{"gitId":"sohwkjames"},"content":"| `* * *`      | As a teacher who is currently using the app |  I can delete the student          |  so that I can remove the students who have left the class.|","lastModifiedDate":"2022-02-24"},{"lineNumber":295,"author":{"gitId":"sohwkjames"},"content":"| `* * *`      | As a teacher who is currently using the app |  I can add a new student with their information          |  so that I can update the list when there are new students.|","lastModifiedDate":"2022-02-24"},{"lineNumber":296,"author":{"gitId":"sohwkjames"},"content":"| `* * *`      | As a teacher who is currently using the app |   I can find the student by name          |  so that I can locate details of persons without having to go through the entire list.|","lastModifiedDate":"2022-02-24"},{"lineNumber":297,"author":{"gitId":"sohwkjames"},"content":"| `* *`      | As a teacher who is currently using the app |  I can hide private contact details          |  so that I can minimize the chance of someone else seeing them by accident.|","lastModifiedDate":"2022-02-24"},{"lineNumber":298,"author":{"gitId":"sohwkjames"},"content":"| `* * *`      | As a teacher who is currently using the app |  I can edit the information of existing students          |  so that I can update the entries without deleting them.|","lastModifiedDate":"2022-02-24"},{"lineNumber":299,"author":{"gitId":"sohwkjames"},"content":"| `* * *`      | As a teacher who is currently using the app |   I can classify my students into different classes          |  so I can group students by class |","lastModifiedDate":"2022-02-24"},{"lineNumber":300,"author":{"gitId":"sohwkjames"},"content":"| `* *`      | As a teacher who is currently using the app |   I am able to search for student by using different field with keywords          |  so I can search for students with more detail |","lastModifiedDate":"2022-02-24"},{"lineNumber":301,"author":{"gitId":"sohwkjames"},"content":"| `* *`      | As a teacher who is currently using the app |  I can export selected student info into a csv file          |  so I can use this with spreadsheet software easily |","lastModifiedDate":"2022-02-24"},{"lineNumber":302,"author":{"gitId":"sohwkjames"},"content":"| `* *`      | As a teacher who is currently using the app |  in the graphical UI, I should be able to filter students by Class, from a dropdown menu or a text input          |  so I can view students by Class |","lastModifiedDate":"2022-02-24"},{"lineNumber":303,"author":{"gitId":"sohwkjames"},"content":"| `* *`      | As a teacher who is currently using the app |  in the graphical UI, when I view a list of students, I should be able to set a toggle to highlight students that are failing the class (Eg: Students grade is currently 50 marks or worse)","lastModifiedDate":"2022-02-24"},{"lineNumber":304,"author":{"gitId":"sohwkjames"},"content":"|  so I can easily view students who need more attention |","lastModifiedDate":"2022-02-24"},{"lineNumber":305,"author":{"gitId":"sohwkjames"},"content":"| `* *`      | As a teacher who is currently using the app |  I can highlight the top 10% or bottom 10% students of a subject          |  so I can assign well performing student to student who need more attention |","lastModifiedDate":"2022-02-24"},{"lineNumber":306,"author":{"gitId":"sohwkjames"},"content":"| `* * *`      | As a teacher who is currently using the app |  I can save data automatically when I add or update data          |  so I do not accidentally lose my progress |","lastModifiedDate":"2022-02-24"},{"lineNumber":307,"author":{"gitId":"sohwkjames"},"content":"| `* *`      | As a teacher who is currently using the app |  I can write remarks for each student          |  so I can note students who need special attention |","lastModifiedDate":"2022-02-24"},{"lineNumber":308,"author":{"gitId":"sohwkjames"},"content":"| `* * *`      | As a teacher who is currently using the app |  when I click on the student in the list it can bring me to the student’s detail page.","lastModifiedDate":"2022-02-24"},{"lineNumber":309,"author":{"gitId":"sohwkjames"},"content":"|  so I can use mouse to navigate |","lastModifiedDate":"2022-02-24"},{"lineNumber":310,"author":{"gitId":"sohwkjames"},"content":"| `* * *`      | As a teacher who is currently using the app |  I can record the method that students select to receive their results (e.g. mailing, e-mail or sms)          |  so that I can send the result to students according to their preference|","lastModifiedDate":"2022-02-24"},{"lineNumber":311,"author":{"gitId":"sohwkjames"},"content":"| `* * *`      | As a teacher who is currently using the app |   I can add in the marks to each student          |  so that I can keep track of the student\u0027s result |","lastModifiedDate":"2022-02-24"},{"lineNumber":312,"author":{"gitId":"sohwkjames"},"content":"","lastModifiedDate":"2022-02-24"},{"lineNumber":313,"author":{"gitId":"sohwkjames"},"content":"","lastModifiedDate":"2022-02-24"},{"lineNumber":314,"author":{"gitId":"sohwkjames"},"content":"","lastModifiedDate":"2022-02-24"},{"lineNumber":315,"author":{"gitId":"sohwkjames"},"content":"","lastModifiedDate":"2022-02-24"},{"lineNumber":316,"author":{"gitId":"sohwkjames"},"content":"","lastModifiedDate":"2022-02-24"},{"lineNumber":317,"author":{"gitId":"-"},"content":"","lastModifiedDate":"2020-05-23"},{"lineNumber":318,"author":{"gitId":"-"},"content":"*{More to be added}*","lastModifiedDate":"2020-05-23"},{"lineNumber":319,"author":{"gitId":"-"},"content":"","lastModifiedDate":"2020-05-23"},{"lineNumber":320,"author":{"gitId":"-"},"content":"### Use cases","lastModifiedDate":"2020-06-07"},{"lineNumber":321,"author":{"gitId":"-"},"content":"","lastModifiedDate":"2020-05-23"},{"lineNumber":322,"author":{"gitId":"sohwkjames"},"content":"(For all use cases below, the **System** is the `GreatBook` and the **Actor** is the `user`, unless specified otherwise)","lastModifiedDate":"2022-02-24"},{"lineNumber":323,"author":{"gitId":"-"},"content":"","lastModifiedDate":"2020-05-23"},{"lineNumber":324,"author":{"gitId":"-"},"content":"**Use case: Delete a person**","lastModifiedDate":"2020-05-23"},{"lineNumber":325,"author":{"gitId":"-"},"content":"","lastModifiedDate":"2020-05-23"},{"lineNumber":326,"author":{"gitId":"-"},"content":"**MSS**","lastModifiedDate":"2020-05-23"},{"lineNumber":327,"author":{"gitId":"-"},"content":"","lastModifiedDate":"2020-05-23"},{"lineNumber":328,"author":{"gitId":"sohwkjames"},"content":"1.  User requests to list students","lastModifiedDate":"2022-02-24"},{"lineNumber":329,"author":{"gitId":"sohwkjames"},"content":"2.  AddressBook shows a list of students","lastModifiedDate":"2022-02-24"},{"lineNumber":330,"author":{"gitId":"sohwkjames"},"content":"3.  User requests to delete a specific student in the list","lastModifiedDate":"2022-02-24"},{"lineNumber":331,"author":{"gitId":"-"},"content":"4.  AddressBook deletes the person","lastModifiedDate":"2020-05-23"},{"lineNumber":332,"author":{"gitId":"-"},"content":"","lastModifiedDate":"2020-05-23"},{"lineNumber":333,"author":{"gitId":"-"},"content":"    Use case ends.","lastModifiedDate":"2020-05-23"},{"lineNumber":334,"author":{"gitId":"-"},"content":"","lastModifiedDate":"2020-05-23"},{"lineNumber":335,"author":{"gitId":"-"},"content":"**Extensions**","lastModifiedDate":"2020-05-23"},{"lineNumber":336,"author":{"gitId":"-"},"content":"","lastModifiedDate":"2020-05-23"},{"lineNumber":337,"author":{"gitId":"-"},"content":"* 2a. The list is empty.","lastModifiedDate":"2020-05-23"},{"lineNumber":338,"author":{"gitId":"-"},"content":"","lastModifiedDate":"2020-05-23"},{"lineNumber":339,"author":{"gitId":"-"},"content":"  Use case ends.","lastModifiedDate":"2020-05-23"},{"lineNumber":340,"author":{"gitId":"-"},"content":"","lastModifiedDate":"2020-05-23"},{"lineNumber":341,"author":{"gitId":"-"},"content":"* 3a. The given index is invalid.","lastModifiedDate":"2020-05-23"},{"lineNumber":342,"author":{"gitId":"-"},"content":"","lastModifiedDate":"2020-05-23"},{"lineNumber":343,"author":{"gitId":"-"},"content":"    * 3a1. AddressBook shows an error message.","lastModifiedDate":"2020-05-23"},{"lineNumber":344,"author":{"gitId":"-"},"content":"","lastModifiedDate":"2020-05-23"},{"lineNumber":345,"author":{"gitId":"-"},"content":"      Use case resumes at step 2.","lastModifiedDate":"2020-05-23"},{"lineNumber":346,"author":{"gitId":"-"},"content":"","lastModifiedDate":"2020-05-23"},{"lineNumber":347,"author":{"gitId":"sohwkjames"},"content":"**Use case: Add a student**","lastModifiedDate":"2022-02-24"},{"lineNumber":348,"author":{"gitId":"sohwkjames"},"content":"","lastModifiedDate":"2022-02-24"},{"lineNumber":349,"author":{"gitId":"sohwkjames"},"content":"**MSS**","lastModifiedDate":"2022-02-24"},{"lineNumber":350,"author":{"gitId":"sohwkjames"},"content":"","lastModifiedDate":"2022-02-24"},{"lineNumber":351,"author":{"gitId":"sohwkjames"},"content":"1.  User keys in add student command with student info","lastModifiedDate":"2022-02-24"},{"lineNumber":352,"author":{"gitId":"sohwkjames"},"content":"2.  GreatBook saves student to list, shows success message.","lastModifiedDate":"2022-02-24"},{"lineNumber":353,"author":{"gitId":"sohwkjames"},"content":"","lastModifiedDate":"2022-02-24"},{"lineNumber":354,"author":{"gitId":"sohwkjames"},"content":"    Use case ends.","lastModifiedDate":"2022-02-24"},{"lineNumber":355,"author":{"gitId":"sohwkjames"},"content":"","lastModifiedDate":"2022-02-24"},{"lineNumber":356,"author":{"gitId":"sohwkjames"},"content":"**Extensions**","lastModifiedDate":"2022-02-24"},{"lineNumber":357,"author":{"gitId":"sohwkjames"},"content":"","lastModifiedDate":"2022-02-24"},{"lineNumber":358,"author":{"gitId":"sohwkjames"},"content":"* 2a. Format is incorrect.","lastModifiedDate":"2022-02-24"},{"lineNumber":359,"author":{"gitId":"sohwkjames"},"content":"","lastModifiedDate":"2022-02-24"},{"lineNumber":360,"author":{"gitId":"sohwkjames"},"content":"  GreatBook shows a error message..","lastModifiedDate":"2022-02-24"},{"lineNumber":361,"author":{"gitId":"sohwkjames"},"content":"","lastModifiedDate":"2022-02-24"},{"lineNumber":362,"author":{"gitId":"-"},"content":"*{More to be added}*","lastModifiedDate":"2020-05-23"},{"lineNumber":363,"author":{"gitId":"-"},"content":"","lastModifiedDate":"2020-05-23"},{"lineNumber":364,"author":{"gitId":"-"},"content":"### Non-Functional Requirements","lastModifiedDate":"2020-05-23"},{"lineNumber":365,"author":{"gitId":"-"},"content":"","lastModifiedDate":"2020-05-23"},{"lineNumber":366,"author":{"gitId":"-"},"content":"1.  Should work on any _mainstream OS_ as long as it has Java `11` or above installed.","lastModifiedDate":"2020-05-23"},{"lineNumber":367,"author":{"gitId":"-"},"content":"2.  Should be able to hold up to 1000 persons without a noticeable sluggishness in performance for typical usage.","lastModifiedDate":"2020-05-23"},{"lineNumber":368,"author":{"gitId":"-"},"content":"3.  A user with above average typing speed for regular English text (i.e. not code, not system admin commands) should be able to accomplish most of the tasks faster using commands than using the mouse.","lastModifiedDate":"2020-05-23"},{"lineNumber":369,"author":{"gitId":"-"},"content":"","lastModifiedDate":"2020-05-23"},{"lineNumber":370,"author":{"gitId":"-"},"content":"*{More to be added}*","lastModifiedDate":"2020-05-23"},{"lineNumber":371,"author":{"gitId":"-"},"content":"","lastModifiedDate":"2020-05-23"},{"lineNumber":372,"author":{"gitId":"-"},"content":"### Glossary","lastModifiedDate":"2020-05-23"},{"lineNumber":373,"author":{"gitId":"-"},"content":"","lastModifiedDate":"2020-05-23"},{"lineNumber":374,"author":{"gitId":"-"},"content":"* **Mainstream OS**: Windows, Linux, Unix, OS-X","lastModifiedDate":"2020-05-23"},{"lineNumber":375,"author":{"gitId":"-"},"content":"* **Private contact detail**: A contact detail that is not meant to be shared with others","lastModifiedDate":"2020-05-23"},{"lineNumber":376,"author":{"gitId":"-"},"content":"","lastModifiedDate":"2020-05-23"},{"lineNumber":377,"author":{"gitId":"-"},"content":"--------------------------------------------------------------------------------------------------------------------","lastModifiedDate":"2020-05-23"},{"lineNumber":378,"author":{"gitId":"-"},"content":"","lastModifiedDate":"2020-05-23"},{"lineNumber":379,"author":{"gitId":"-"},"content":"## **Appendix: Instructions for manual testing**","lastModifiedDate":"2020-05-23"},{"lineNumber":380,"author":{"gitId":"-"},"content":"","lastModifiedDate":"2020-05-23"},{"lineNumber":381,"author":{"gitId":"-"},"content":"Given below are instructions to test the app manually.","lastModifiedDate":"2020-05-23"},{"lineNumber":382,"author":{"gitId":"-"},"content":"","lastModifiedDate":"2020-05-23"},{"lineNumber":383,"author":{"gitId":"-"},"content":"\u003cdiv markdown\u003d\"span\" class\u003d\"alert alert-info\"\u003e:information_source: **Note:** These instructions only provide a starting point for testers to work on;","lastModifiedDate":"2020-05-23"},{"lineNumber":384,"author":{"gitId":"-"},"content":"testers are expected to do more *exploratory* testing.","lastModifiedDate":"2020-05-23"},{"lineNumber":385,"author":{"gitId":"-"},"content":"","lastModifiedDate":"2020-05-23"},{"lineNumber":386,"author":{"gitId":"-"},"content":"\u003c/div\u003e","lastModifiedDate":"2020-05-23"},{"lineNumber":387,"author":{"gitId":"-"},"content":"","lastModifiedDate":"2020-05-23"},{"lineNumber":388,"author":{"gitId":"-"},"content":"### Launch and shutdown","lastModifiedDate":"2020-05-23"},{"lineNumber":389,"author":{"gitId":"-"},"content":"","lastModifiedDate":"2020-05-23"},{"lineNumber":390,"author":{"gitId":"-"},"content":"1. Initial launch","lastModifiedDate":"2020-05-23"},{"lineNumber":391,"author":{"gitId":"-"},"content":"","lastModifiedDate":"2020-05-23"},{"lineNumber":392,"author":{"gitId":"-"},"content":"   1. Download the jar file and copy into an empty folder","lastModifiedDate":"2020-05-23"},{"lineNumber":393,"author":{"gitId":"-"},"content":"","lastModifiedDate":"2020-05-23"},{"lineNumber":394,"author":{"gitId":"-"},"content":"   1. Double-click the jar file Expected: Shows the GUI with a set of sample contacts. The window size may not be optimum.","lastModifiedDate":"2020-05-23"},{"lineNumber":395,"author":{"gitId":"-"},"content":"","lastModifiedDate":"2020-05-23"},{"lineNumber":396,"author":{"gitId":"-"},"content":"1. Saving window preferences","lastModifiedDate":"2020-05-23"},{"lineNumber":397,"author":{"gitId":"-"},"content":"","lastModifiedDate":"2020-05-23"},{"lineNumber":398,"author":{"gitId":"-"},"content":"   1. Resize the window to an optimum size. Move the window to a different location. Close the window.","lastModifiedDate":"2020-05-23"},{"lineNumber":399,"author":{"gitId":"-"},"content":"","lastModifiedDate":"2020-05-23"},{"lineNumber":400,"author":{"gitId":"-"},"content":"   1. Re-launch the app by double-clicking the jar file.\u003cbr\u003e","lastModifiedDate":"2020-05-23"},{"lineNumber":401,"author":{"gitId":"-"},"content":"       Expected: The most recent window size and location is retained.","lastModifiedDate":"2020-05-23"},{"lineNumber":402,"author":{"gitId":"-"},"content":"","lastModifiedDate":"2020-05-23"},{"lineNumber":403,"author":{"gitId":"-"},"content":"1. _{ more test cases …​ }_","lastModifiedDate":"2020-05-23"},{"lineNumber":404,"author":{"gitId":"-"},"content":"","lastModifiedDate":"2020-05-23"},{"lineNumber":405,"author":{"gitId":"-"},"content":"### Deleting a person","lastModifiedDate":"2020-05-23"},{"lineNumber":406,"author":{"gitId":"-"},"content":"","lastModifiedDate":"2020-05-23"},{"lineNumber":407,"author":{"gitId":"-"},"content":"1. Deleting a person while all persons are being shown","lastModifiedDate":"2020-05-23"},{"lineNumber":408,"author":{"gitId":"-"},"content":"","lastModifiedDate":"2020-05-23"},{"lineNumber":409,"author":{"gitId":"-"},"content":"   1. Prerequisites: List all persons using the `list` command. Multiple persons in the list.","lastModifiedDate":"2020-05-23"},{"lineNumber":410,"author":{"gitId":"-"},"content":"","lastModifiedDate":"2020-05-23"},{"lineNumber":411,"author":{"gitId":"-"},"content":"   1. Test case: `delete 1`\u003cbr\u003e","lastModifiedDate":"2020-05-23"},{"lineNumber":412,"author":{"gitId":"-"},"content":"      Expected: First contact is deleted from the list. Details of the deleted contact shown in the status message. Timestamp in the status bar is updated.","lastModifiedDate":"2020-05-23"},{"lineNumber":413,"author":{"gitId":"-"},"content":"","lastModifiedDate":"2020-05-23"},{"lineNumber":414,"author":{"gitId":"-"},"content":"   1. Test case: `delete 0`\u003cbr\u003e","lastModifiedDate":"2020-05-23"},{"lineNumber":415,"author":{"gitId":"-"},"content":"      Expected: No person is deleted. Error details shown in the status message. Status bar remains the same.","lastModifiedDate":"2020-05-23"},{"lineNumber":416,"author":{"gitId":"-"},"content":"","lastModifiedDate":"2020-05-23"},{"lineNumber":417,"author":{"gitId":"-"},"content":"   1. Other incorrect delete commands to try: `delete`, `delete x`, `...` (where x is larger than the list size)\u003cbr\u003e","lastModifiedDate":"2020-05-23"},{"lineNumber":418,"author":{"gitId":"-"},"content":"      Expected: Similar to previous.","lastModifiedDate":"2020-05-23"},{"lineNumber":419,"author":{"gitId":"-"},"content":"","lastModifiedDate":"2020-05-23"},{"lineNumber":420,"author":{"gitId":"-"},"content":"1. _{ more test cases …​ }_","lastModifiedDate":"2020-05-23"},{"lineNumber":421,"author":{"gitId":"-"},"content":"","lastModifiedDate":"2020-05-23"},{"lineNumber":422,"author":{"gitId":"-"},"content":"### Saving data","lastModifiedDate":"2020-05-23"},{"lineNumber":423,"author":{"gitId":"-"},"content":"","lastModifiedDate":"2020-05-23"},{"lineNumber":424,"author":{"gitId":"-"},"content":"1. Dealing with missing/corrupted data files","lastModifiedDate":"2020-05-23"},{"lineNumber":425,"author":{"gitId":"-"},"content":"","lastModifiedDate":"2020-05-23"},{"lineNumber":426,"author":{"gitId":"-"},"content":"   1. _{explain how to simulate a missing/corrupted file, and the expected behavior}_","lastModifiedDate":"2020-05-23"},{"lineNumber":427,"author":{"gitId":"-"},"content":"","lastModifiedDate":"2020-05-23"},{"lineNumber":428,"author":{"gitId":"-"},"content":"1. _{ more test cases …​ }_","lastModifiedDate":"2020-05-23"}],"authorContributionMap":{"sohwkjames":63,"-":365}},{"path":"docs/UserGuide.md","fileType":"docs","lines":[{"lineNumber":1,"author":{"gitId":"-"},"content":"---","lastModifiedDate":"2020-05-23"},{"lineNumber":2,"author":{"gitId":"-"},"content":"layout: page","lastModifiedDate":"2020-05-23"},{"lineNumber":3,"author":{"gitId":"-"},"content":"title: User Guide","lastModifiedDate":"2020-05-23"},{"lineNumber":4,"author":{"gitId":"-"},"content":"---","lastModifiedDate":"2020-05-23"},{"lineNumber":5,"author":{"gitId":"-"},"content":"","lastModifiedDate":"2020-05-23"},{"lineNumber":6,"author":{"gitId":"badfr0g"},"content":"GreatBook is a **desktop app for teachers to manage grades of students, optimized for use via a Command Line Interface** (CLI) while still having the benefits of a Graphical User Interface (GUI).","lastModifiedDate":"2022-02-23"},{"lineNumber":7,"author":{"gitId":"badfr0g"},"content":"","lastModifiedDate":"2022-02-23"},{"lineNumber":8,"author":{"gitId":"-"},"content":"","lastModifiedDate":"2020-05-23"},{"lineNumber":9,"author":{"gitId":"-"},"content":"* Table of Contents","lastModifiedDate":"2020-05-23"},{"lineNumber":10,"author":{"gitId":"-"},"content":"{:toc}","lastModifiedDate":"2020-05-23"},{"lineNumber":11,"author":{"gitId":"-"},"content":"","lastModifiedDate":"2020-05-23"},{"lineNumber":12,"author":{"gitId":"-"},"content":"--------------------------------------------------------------------------------------------------------------------","lastModifiedDate":"2020-05-23"},{"lineNumber":13,"author":{"gitId":"-"},"content":"","lastModifiedDate":"2020-05-23"},{"lineNumber":14,"author":{"gitId":"-"},"content":"## Quick start","lastModifiedDate":"2020-05-23"},{"lineNumber":15,"author":{"gitId":"-"},"content":"","lastModifiedDate":"2020-05-23"},{"lineNumber":16,"author":{"gitId":"-"},"content":"1. Ensure you have Java `11` or above installed in your Computer.","lastModifiedDate":"2020-05-23"},{"lineNumber":17,"author":{"gitId":"-"},"content":"","lastModifiedDate":"2020-05-23"},{"lineNumber":18,"author":{"gitId":"badfr0g"},"content":"1. Download the latest `greatbook.jar` from [here](https://github.com/se-edu/addressbook-level3/releases).","lastModifiedDate":"2022-02-23"},{"lineNumber":19,"author":{"gitId":"-"},"content":"","lastModifiedDate":"2020-05-23"},{"lineNumber":20,"author":{"gitId":"badfr0g"},"content":"1. Copy the file to the folder you want to use as the _home folder_ for your GreatBook.","lastModifiedDate":"2022-02-23"},{"lineNumber":21,"author":{"gitId":"-"},"content":"","lastModifiedDate":"2020-05-23"},{"lineNumber":22,"author":{"gitId":"-"},"content":"1. Double-click the file to start the app. The GUI similar to the below should appear in a few seconds. Note how the app contains some sample data.\u003cbr\u003e","lastModifiedDate":"2020-05-23"},{"lineNumber":23,"author":{"gitId":"-"},"content":"","lastModifiedDate":"2020-05-23"},{"lineNumber":24,"author":{"gitId":"-"},"content":"1. Type the command in the command box and press Enter to execute it. e.g. typing **`help`** and pressing Enter will open the help window.\u003cbr\u003e","lastModifiedDate":"2020-05-23"},{"lineNumber":25,"author":{"gitId":"-"},"content":"   Some example commands you can try:","lastModifiedDate":"2020-05-23"},{"lineNumber":26,"author":{"gitId":"-"},"content":"","lastModifiedDate":"2020-05-23"},{"lineNumber":27,"author":{"gitId":"-"},"content":"   * **`list`** : Lists all contacts.","lastModifiedDate":"2020-05-23"},{"lineNumber":28,"author":{"gitId":"-"},"content":"","lastModifiedDate":"2020-05-23"},{"lineNumber":29,"author":{"gitId":"badfr0g"},"content":"   * **`add`**`n/James Ho p/22224444 en/90 mt/90 m/90 s/90 : Adds a contact named `John Doe` to the Address Book.","lastModifiedDate":"2022-02-23"},{"lineNumber":30,"author":{"gitId":"-"},"content":"","lastModifiedDate":"2020-05-23"},{"lineNumber":31,"author":{"gitId":"-"},"content":"   * **`delete`**`3` : Deletes the 3rd contact shown in the current list.","lastModifiedDate":"2020-05-23"},{"lineNumber":32,"author":{"gitId":"-"},"content":"","lastModifiedDate":"2020-05-23"},{"lineNumber":33,"author":{"gitId":"-"},"content":"   * **`clear`** : Deletes all contacts.","lastModifiedDate":"2020-05-23"},{"lineNumber":34,"author":{"gitId":"-"},"content":"","lastModifiedDate":"2020-05-23"},{"lineNumber":35,"author":{"gitId":"-"},"content":"   * **`exit`** : Exits the app.","lastModifiedDate":"2020-05-23"},{"lineNumber":36,"author":{"gitId":"-"},"content":"","lastModifiedDate":"2020-05-23"},{"lineNumber":37,"author":{"gitId":"-"},"content":"1. Refer to the [Features](#features) below for details of each command.","lastModifiedDate":"2020-05-23"},{"lineNumber":38,"author":{"gitId":"-"},"content":"","lastModifiedDate":"2020-05-23"},{"lineNumber":39,"author":{"gitId":"-"},"content":"--------------------------------------------------------------------------------------------------------------------","lastModifiedDate":"2020-05-23"},{"lineNumber":40,"author":{"gitId":"-"},"content":"","lastModifiedDate":"2020-05-23"},{"lineNumber":41,"author":{"gitId":"-"},"content":"## Features","lastModifiedDate":"2020-05-23"},{"lineNumber":42,"author":{"gitId":"-"},"content":"","lastModifiedDate":"2020-05-23"},{"lineNumber":43,"author":{"gitId":"-"},"content":"\u003cdiv markdown\u003d\"block\" class\u003d\"alert alert-info\"\u003e","lastModifiedDate":"2020-05-23"},{"lineNumber":44,"author":{"gitId":"-"},"content":"","lastModifiedDate":"2020-05-23"},{"lineNumber":45,"author":{"gitId":"-"},"content":"**:information_source: Notes about the command format:**\u003cbr\u003e","lastModifiedDate":"2020-05-23"},{"lineNumber":46,"author":{"gitId":"-"},"content":"","lastModifiedDate":"2020-05-23"},{"lineNumber":47,"author":{"gitId":"-"},"content":"* Words in `UPPER_CASE` are the parameters to be supplied by the user.\u003cbr\u003e","lastModifiedDate":"2020-05-23"},{"lineNumber":48,"author":{"gitId":"-"},"content":"  e.g. in `add n/NAME`, `NAME` is a parameter which can be used as `add n/John Doe`.","lastModifiedDate":"2020-05-23"},{"lineNumber":49,"author":{"gitId":"-"},"content":"","lastModifiedDate":"2020-05-23"},{"lineNumber":50,"author":{"gitId":"-"},"content":"* Items in square brackets are optional.\u003cbr\u003e","lastModifiedDate":"2020-05-23"},{"lineNumber":51,"author":{"gitId":"badfr0g"},"content":"  e.g `n/NAME [p/PHONE_NUMBER]` can be used as ` n/John Doe p/23333333` or as `n/John Doe`.","lastModifiedDate":"2022-02-23"},{"lineNumber":52,"author":{"gitId":"-"},"content":"","lastModifiedDate":"2020-05-23"},{"lineNumber":53,"author":{"gitId":"-"},"content":"* Parameters can be in any order.\u003cbr\u003e","lastModifiedDate":"2020-05-23"},{"lineNumber":54,"author":{"gitId":"-"},"content":"  e.g. if the command specifies `n/NAME p/PHONE_NUMBER`, `p/PHONE_NUMBER n/NAME` is also acceptable.","lastModifiedDate":"2020-05-23"},{"lineNumber":55,"author":{"gitId":"-"},"content":"","lastModifiedDate":"2020-05-23"},{"lineNumber":56,"author":{"gitId":"-"},"content":"* If a parameter is expected only once in the command but you specified it multiple times, only the last occurrence of the parameter will be taken.\u003cbr\u003e","lastModifiedDate":"2021-02-04"},{"lineNumber":57,"author":{"gitId":"-"},"content":"  e.g. if you specify `p/12341234 p/56785678`, only `p/56785678` will be taken.","lastModifiedDate":"2021-02-04"},{"lineNumber":58,"author":{"gitId":"-"},"content":"","lastModifiedDate":"2021-02-04"},{"lineNumber":59,"author":{"gitId":"-"},"content":"* Extraneous parameters for commands that do not take in parameters (such as `help`, `list`, `exit` and `clear`) will be ignored.\u003cbr\u003e","lastModifiedDate":"2021-02-03"},{"lineNumber":60,"author":{"gitId":"-"},"content":"  e.g. if the command specifies `help 123`, it will be interpreted as `help`.","lastModifiedDate":"2021-02-03"},{"lineNumber":61,"author":{"gitId":"-"},"content":"","lastModifiedDate":"2021-02-03"},{"lineNumber":62,"author":{"gitId":"-"},"content":"\u003c/div\u003e","lastModifiedDate":"2020-05-23"},{"lineNumber":63,"author":{"gitId":"-"},"content":"","lastModifiedDate":"2020-05-23"},{"lineNumber":64,"author":{"gitId":"-"},"content":"### Viewing help : `help`","lastModifiedDate":"2020-05-23"},{"lineNumber":65,"author":{"gitId":"-"},"content":"","lastModifiedDate":"2020-05-23"},{"lineNumber":66,"author":{"gitId":"-"},"content":"Shows a message explaning how to access the help page.","lastModifiedDate":"2020-05-23"},{"lineNumber":67,"author":{"gitId":"-"},"content":"","lastModifiedDate":"2020-05-23"},{"lineNumber":68,"author":{"gitId":"-"},"content":"Format: `help`","lastModifiedDate":"2020-05-23"},{"lineNumber":69,"author":{"gitId":"-"},"content":"","lastModifiedDate":"2020-05-23"},{"lineNumber":70,"author":{"gitId":"-"},"content":"","lastModifiedDate":"2020-05-23"},{"lineNumber":71,"author":{"gitId":"-"},"content":"### Adding a person: `add`","lastModifiedDate":"2020-05-23"},{"lineNumber":72,"author":{"gitId":"-"},"content":"","lastModifiedDate":"2020-05-23"},{"lineNumber":73,"author":{"gitId":"badfr0g"},"content":"Adds a person to the GreatBook.","lastModifiedDate":"2022-02-23"},{"lineNumber":74,"author":{"gitId":"-"},"content":"","lastModifiedDate":"2020-05-23"},{"lineNumber":75,"author":{"gitId":"badfr0g"},"content":"Format: `add n/NAME p/PHONE_NUMBER e/CLASS en/SCORE mt/SCORE m/SCORE s/SCORE​`","lastModifiedDate":"2022-02-23"},{"lineNumber":76,"author":{"gitId":"-"},"content":"","lastModifiedDate":"2020-05-23"},{"lineNumber":77,"author":{"gitId":"badfr0g"},"content":"There are only 4 subjects in the primary school syllabus. En refers to English, MT to Mother Tongue, M to Maths, S to science","lastModifiedDate":"2022-02-23"},{"lineNumber":78,"author":{"gitId":"-"},"content":"","lastModifiedDate":"2020-05-23"},{"lineNumber":79,"author":{"gitId":"-"},"content":"Examples:","lastModifiedDate":"2020-05-23"},{"lineNumber":80,"author":{"gitId":"badfr0g"},"content":"* `add n/James Ho p/22224444 en/90 mt/90 m/90 s/90`","lastModifiedDate":"2022-02-23"},{"lineNumber":81,"author":{"gitId":"badfr0g"},"content":"* `add n/Betsy Crowe p/55556666 en/70 mt/80 m/78 s/97`","lastModifiedDate":"2022-02-23"},{"lineNumber":82,"author":{"gitId":"badfr0g"},"content":"","lastModifiedDate":"2022-02-23"},{"lineNumber":83,"author":{"gitId":"-"},"content":"","lastModifiedDate":"2020-05-23"},{"lineNumber":84,"author":{"gitId":"-"},"content":"### Listing all persons : `list`","lastModifiedDate":"2020-05-23"},{"lineNumber":85,"author":{"gitId":"-"},"content":"","lastModifiedDate":"2020-05-23"},{"lineNumber":86,"author":{"gitId":"badfr0g"},"content":"Shows a list of all persons in the GreatBook.","lastModifiedDate":"2022-02-23"},{"lineNumber":87,"author":{"gitId":"-"},"content":"","lastModifiedDate":"2020-05-23"},{"lineNumber":88,"author":{"gitId":"-"},"content":"Format: `list`","lastModifiedDate":"2020-05-23"},{"lineNumber":89,"author":{"gitId":"-"},"content":"","lastModifiedDate":"2020-05-23"},{"lineNumber":90,"author":{"gitId":"badfr0g"},"content":"","lastModifiedDate":"2022-02-23"},{"lineNumber":91,"author":{"gitId":"-"},"content":"### Editing a person : `edit`","lastModifiedDate":"2020-05-23"},{"lineNumber":92,"author":{"gitId":"-"},"content":"","lastModifiedDate":"2020-05-23"},{"lineNumber":93,"author":{"gitId":"badfr0g"},"content":"Edits an existing person in the GreatBook.","lastModifiedDate":"2022-02-23"},{"lineNumber":94,"author":{"gitId":"-"},"content":"","lastModifiedDate":"2020-05-23"},{"lineNumber":95,"author":{"gitId":"badfr0g"},"content":"Format: `edit INDEX [n/NAME] [p/PHONE_NUMBER] [e/CLASS] [en/ENGLISH] [mt/MOTHER TONGUE] [m/MATH] [s/SCIENCE]`","lastModifiedDate":"2022-02-23"},{"lineNumber":96,"author":{"gitId":"-"},"content":"","lastModifiedDate":"2020-05-23"},{"lineNumber":97,"author":{"gitId":"-"},"content":"* Edits the person at the specified `INDEX`. The index refers to the index number shown in the displayed person list. The index **must be a positive integer** 1, 2, 3, …​","lastModifiedDate":"2020-05-23"},{"lineNumber":98,"author":{"gitId":"-"},"content":"* At least one of the optional fields must be provided.","lastModifiedDate":"2020-05-23"},{"lineNumber":99,"author":{"gitId":"-"},"content":"* Existing values will be updated to the input values.","lastModifiedDate":"2020-05-23"},{"lineNumber":100,"author":{"gitId":"-"},"content":"","lastModifiedDate":"2020-05-23"},{"lineNumber":101,"author":{"gitId":"-"},"content":"Examples:","lastModifiedDate":"2020-05-23"},{"lineNumber":102,"author":{"gitId":"badfr0g"},"content":"*  `edit 2 n/James Lee en/80` Edits the 2nd student in GreatBook, updates student name to James Lee and English grade to `80`.","lastModifiedDate":"2022-02-23"},{"lineNumber":103,"author":{"gitId":"badfr0g"},"content":"","lastModifiedDate":"2022-02-23"},{"lineNumber":104,"author":{"gitId":"-"},"content":"","lastModifiedDate":"2020-05-23"},{"lineNumber":105,"author":{"gitId":"-"},"content":"### Locating persons by name: `find`","lastModifiedDate":"2020-05-23"},{"lineNumber":106,"author":{"gitId":"-"},"content":"","lastModifiedDate":"2020-05-23"},{"lineNumber":107,"author":{"gitId":"badfr0g"},"content":"Finds student whose names contain any of the given keywords.","lastModifiedDate":"2022-02-23"},{"lineNumber":108,"author":{"gitId":"-"},"content":"","lastModifiedDate":"2020-05-23"},{"lineNumber":109,"author":{"gitId":"badfr0g"},"content":"Format: `find NAME`","lastModifiedDate":"2022-02-23"},{"lineNumber":110,"author":{"gitId":"-"},"content":"","lastModifiedDate":"2020-05-23"},{"lineNumber":111,"author":{"gitId":"-"},"content":"* The search is case-insensitive. e.g `hans` will match `Hans`","lastModifiedDate":"2020-05-23"},{"lineNumber":112,"author":{"gitId":"-"},"content":"* The order of the keywords does not matter. e.g. `Hans Bo` will match `Bo Hans`","lastModifiedDate":"2020-05-23"},{"lineNumber":113,"author":{"gitId":"-"},"content":"* Only the name is searched.","lastModifiedDate":"2020-05-23"},{"lineNumber":114,"author":{"gitId":"-"},"content":"* Only full words will be matched e.g. `Han` will not match `Hans`","lastModifiedDate":"2020-05-23"},{"lineNumber":115,"author":{"gitId":"-"},"content":"* Persons matching at least one keyword will be returned (i.e. `OR` search).","lastModifiedDate":"2020-05-23"},{"lineNumber":116,"author":{"gitId":"-"},"content":"  e.g. `Hans Bo` will return `Hans Gruber`, `Bo Yang`","lastModifiedDate":"2020-05-23"},{"lineNumber":117,"author":{"gitId":"-"},"content":"","lastModifiedDate":"2020-05-23"},{"lineNumber":118,"author":{"gitId":"-"},"content":"Examples:","lastModifiedDate":"2020-05-23"},{"lineNumber":119,"author":{"gitId":"-"},"content":"* `find John` returns `john` and `John Doe`","lastModifiedDate":"2020-05-23"},{"lineNumber":120,"author":{"gitId":"-"},"content":"* `find alex david` returns `Alex Yeoh`, `David Li`\u003cbr\u003e","lastModifiedDate":"2020-05-23"},{"lineNumber":121,"author":{"gitId":"badfr0g"},"content":"","lastModifiedDate":"2022-02-23"},{"lineNumber":122,"author":{"gitId":"-"},"content":"","lastModifiedDate":"2020-05-23"},{"lineNumber":123,"author":{"gitId":"-"},"content":"### Deleting a person : `delete`","lastModifiedDate":"2020-05-23"},{"lineNumber":124,"author":{"gitId":"-"},"content":"","lastModifiedDate":"2020-05-23"},{"lineNumber":125,"author":{"gitId":"badfr0g"},"content":"Deletes the specified person from the GreatBook.","lastModifiedDate":"2022-02-23"},{"lineNumber":126,"author":{"gitId":"-"},"content":"","lastModifiedDate":"2020-05-23"},{"lineNumber":127,"author":{"gitId":"-"},"content":"Format: `delete INDEX`","lastModifiedDate":"2020-05-23"},{"lineNumber":128,"author":{"gitId":"-"},"content":"","lastModifiedDate":"2020-05-23"},{"lineNumber":129,"author":{"gitId":"-"},"content":"* Deletes the person at the specified `INDEX`.","lastModifiedDate":"2020-05-23"},{"lineNumber":130,"author":{"gitId":"-"},"content":"* The index refers to the index number shown in the displayed person list.","lastModifiedDate":"2020-05-23"},{"lineNumber":131,"author":{"gitId":"-"},"content":"* The index **must be a positive integer** 1, 2, 3, …​","lastModifiedDate":"2020-05-23"},{"lineNumber":132,"author":{"gitId":"-"},"content":"","lastModifiedDate":"2020-05-23"},{"lineNumber":133,"author":{"gitId":"-"},"content":"Examples:","lastModifiedDate":"2020-05-23"},{"lineNumber":134,"author":{"gitId":"badfr0g"},"content":"* `list` followed by `delete 2` deletes the 2nd person in the GreatBook.","lastModifiedDate":"2022-02-23"},{"lineNumber":135,"author":{"gitId":"-"},"content":"* `find Betsy` followed by `delete 1` deletes the 1st person in the results of the `find` command.","lastModifiedDate":"2020-05-23"},{"lineNumber":136,"author":{"gitId":"-"},"content":"","lastModifiedDate":"2020-05-23"},{"lineNumber":137,"author":{"gitId":"-"},"content":"### Clearing all entries : `clear`","lastModifiedDate":"2020-05-23"},{"lineNumber":138,"author":{"gitId":"-"},"content":"","lastModifiedDate":"2020-05-23"},{"lineNumber":139,"author":{"gitId":"-"},"content":"Clears all entries from the address book.","lastModifiedDate":"2020-05-23"},{"lineNumber":140,"author":{"gitId":"-"},"content":"","lastModifiedDate":"2020-05-23"},{"lineNumber":141,"author":{"gitId":"-"},"content":"Format: `clear`","lastModifiedDate":"2020-05-23"},{"lineNumber":142,"author":{"gitId":"-"},"content":"","lastModifiedDate":"2020-05-23"},{"lineNumber":143,"author":{"gitId":"-"},"content":"### Exiting the program : `exit`","lastModifiedDate":"2020-05-23"},{"lineNumber":144,"author":{"gitId":"-"},"content":"","lastModifiedDate":"2020-05-23"},{"lineNumber":145,"author":{"gitId":"-"},"content":"Exits the program.","lastModifiedDate":"2020-05-23"},{"lineNumber":146,"author":{"gitId":"-"},"content":"","lastModifiedDate":"2020-05-23"},{"lineNumber":147,"author":{"gitId":"-"},"content":"Format: `exit`","lastModifiedDate":"2020-05-23"},{"lineNumber":148,"author":{"gitId":"-"},"content":"","lastModifiedDate":"2020-05-23"},{"lineNumber":149,"author":{"gitId":"-"},"content":"### Saving the data","lastModifiedDate":"2020-05-23"},{"lineNumber":150,"author":{"gitId":"-"},"content":"","lastModifiedDate":"2020-05-23"},{"lineNumber":151,"author":{"gitId":"badfr0g"},"content":"GreatBook data are saved in the hard disk automatically after any command that changes the data. There is no need to save manually.","lastModifiedDate":"2022-02-23"},{"lineNumber":152,"author":{"gitId":"-"},"content":"","lastModifiedDate":"2020-05-23"},{"lineNumber":153,"author":{"gitId":"-"},"content":"### Editing the data file","lastModifiedDate":"2021-02-04"},{"lineNumber":154,"author":{"gitId":"-"},"content":"","lastModifiedDate":"2021-02-04"},{"lineNumber":155,"author":{"gitId":"badfr0g"},"content":"GreatBook data are saved as a JSON file `[JAR file location]/data/GreatBook.json`. Advanced users are welcome to update data directly by editing that data file.","lastModifiedDate":"2022-02-23"},{"lineNumber":156,"author":{"gitId":"-"},"content":"","lastModifiedDate":"2021-02-04"},{"lineNumber":157,"author":{"gitId":"-"},"content":"\u003cdiv markdown\u003d\"span\" class\u003d\"alert alert-warning\"\u003e:exclamation: **Caution:**","lastModifiedDate":"2021-02-04"},{"lineNumber":158,"author":{"gitId":"-"},"content":"If your changes to the data file makes its format invalid, AddressBook will discard all data and start with an empty data file at the next run.","lastModifiedDate":"2021-02-04"},{"lineNumber":159,"author":{"gitId":"-"},"content":"\u003c/div\u003e","lastModifiedDate":"2021-02-04"},{"lineNumber":160,"author":{"gitId":"-"},"content":"","lastModifiedDate":"2021-02-04"},{"lineNumber":161,"author":{"gitId":"-"},"content":"### Archiving data files `[coming in v2.0]`","lastModifiedDate":"2020-05-23"},{"lineNumber":162,"author":{"gitId":"-"},"content":"","lastModifiedDate":"2020-05-23"},{"lineNumber":163,"author":{"gitId":"-"},"content":"_Details coming soon ..._","lastModifiedDate":"2021-02-04"},{"lineNumber":164,"author":{"gitId":"-"},"content":"","lastModifiedDate":"2020-05-23"},{"lineNumber":165,"author":{"gitId":"-"},"content":"--------------------------------------------------------------------------------------------------------------------","lastModifiedDate":"2020-05-23"},{"lineNumber":166,"author":{"gitId":"-"},"content":"","lastModifiedDate":"2020-05-23"},{"lineNumber":167,"author":{"gitId":"-"},"content":"## FAQ","lastModifiedDate":"2020-05-23"},{"lineNumber":168,"author":{"gitId":"-"},"content":"","lastModifiedDate":"2020-05-23"},{"lineNumber":169,"author":{"gitId":"-"},"content":"**Q**: How do I transfer my data to another Computer?\u003cbr\u003e","lastModifiedDate":"2020-05-23"},{"lineNumber":170,"author":{"gitId":"-"},"content":"**A**: Install the app in the other computer and overwrite the empty data file it creates with the file that contains the data of your previous AddressBook home folder.","lastModifiedDate":"2020-05-23"},{"lineNumber":171,"author":{"gitId":"-"},"content":"","lastModifiedDate":"2020-05-23"},{"lineNumber":172,"author":{"gitId":"-"},"content":"--------------------------------------------------------------------------------------------------------------------","lastModifiedDate":"2020-05-23"},{"lineNumber":173,"author":{"gitId":"-"},"content":"","lastModifiedDate":"2020-05-23"},{"lineNumber":174,"author":{"gitId":"-"},"content":"## Command summary","lastModifiedDate":"2020-05-23"},{"lineNumber":175,"author":{"gitId":"-"},"content":"","lastModifiedDate":"2020-05-23"},{"lineNumber":176,"author":{"gitId":"-"},"content":"Action | Format, Examples","lastModifiedDate":"2020-05-23"},{"lineNumber":177,"author":{"gitId":"-"},"content":"--------|------------------","lastModifiedDate":"2020-05-23"},{"lineNumber":178,"author":{"gitId":"badfr0g"},"content":"**Add** | `add n/NAME p/PHONE_NUMBER e/CLASS en/SCORE mt/SCORE m/SCORE s/SCORE ` \u003cbr\u003e e.g., `add n/James Ho p/22224444 e/jamesho@example.com a/123, Clementi Rd, 1234665 t/friend t/colleague` \u003cbr\u003eEn refers to English, MT to Mother Tongue, M to Maths, S to science","lastModifiedDate":"2022-02-23"},{"lineNumber":179,"author":{"gitId":"-"},"content":"**Clear** | `clear`","lastModifiedDate":"2020-05-23"},{"lineNumber":180,"author":{"gitId":"-"},"content":"**Delete** | `delete INDEX`\u003cbr\u003e e.g., `delete 3`","lastModifiedDate":"2020-05-23"},{"lineNumber":181,"author":{"gitId":"badfr0g"},"content":"**Edit** | `edit INDEX [n/NAME] [p/PHONE_NUMBER] [e/CLASS] [en/ENGLISH] [mt/MOTHER TONGUE] [m/MATH] [s/SCIENCE]​`\u003cbr\u003e e.g.,`edit 2 n/James Lee en/80`","lastModifiedDate":"2022-02-23"},{"lineNumber":182,"author":{"gitId":"badfr0g"},"content":"**Find** | `find NAME`\u003cbr\u003e e.g., `find James Jake`","lastModifiedDate":"2022-02-23"},{"lineNumber":183,"author":{"gitId":"-"},"content":"**List** | `list`","lastModifiedDate":"2020-05-23"},{"lineNumber":184,"author":{"gitId":"-"},"content":"**Help** | `help`","lastModifiedDate":"2020-05-23"}],"authorContributionMap":{"badfr0g":28,"-":156}},{"path":"docs/team/james.md","fileType":"docs","lines":[{"lineNumber":1,"author":{"gitId":"sohwkjames"},"content":"---","lastModifiedDate":"2022-02-24"},{"lineNumber":2,"author":{"gitId":"sohwkjames"},"content":"layout: page","lastModifiedDate":"2022-02-24"},{"lineNumber":3,"author":{"gitId":"sohwkjames"},"content":"title: James\u0027s Project Portfolio Page","lastModifiedDate":"2022-02-24"},{"lineNumber":4,"author":{"gitId":"sohwkjames"},"content":"---","lastModifiedDate":"2022-02-24"},{"lineNumber":5,"author":{"gitId":"sohwkjames"},"content":"","lastModifiedDate":"2022-02-24"},{"lineNumber":6,"author":{"gitId":"sohwkjames"},"content":"### Project: GreatBook","lastModifiedDate":"2022-02-24"}],"authorContributionMap":{"sohwkjames":6}}]
