{"authorDailyContributionsMap":{"badfr0g":[{"date":"2022-02-23","commitResults":[{"hash":"5395bcff5a4b2bc150ebc113522859e3669abdde","messageTitle":"Update UserGuide.md","messageBody":"","fileTypesAndContributionMap":{"docs":{"insertions":28,"deletions":36}}}]},{"date":"2022-02-24","commitResults":[{"hash":"3c4be4ddab2849cdbb2412053b2897ec253cbe86","messageTitle":"about-us-joseph","messageBody":"","fileTypesAndContributionMap":{"docs":{"insertions":5,"deletions":6}}}]},{"date":"2022-03-09","commitResults":[{"hash":"2e25fafb49bbf34b80940a57ad1afb1689c18ce3","messageTitle":"update user guide link","messageBody":"","fileTypesAndContributionMap":{"functional-code":{"insertions":3,"deletions":1}}},{"hash":"8d1c6250eac0669b1e9a88f58c6f89b8d3272abc","messageTitle":"add usage instruction to help command","messageBody":"","fileTypesAndContributionMap":{"functional-code":{"insertions":15,"deletions":2}}}]},{"date":"2022-03-10","commitResults":[{"hash":"ef3b1b2836b5c77949b770e5075750b0076351ca","messageTitle":"edit code style","messageBody":"","fileTypesAndContributionMap":{"functional-code":{"insertions":21,"deletions":16}}}]}],"hana-oxy":[],"sohwkjames":[{"date":"2022-02-24","commitResults":[{"hash":"15009ae2fa5b7c32149fecd3c0da534a48579d57","messageTitle":"Add about me details, add photo","messageBody":"","fileTypesAndContributionMap":{"docs":{"insertions":10,"deletions":51}}},{"hash":"2de64ec72bf7dd967ea6e6f27861ffdccac9d58a","messageTitle":"Add developer guide details","messageBody":"","fileTypesAndContributionMap":{"docs":{"insertions":63,"deletions":12}}}]},{"date":"2022-03-02","commitResults":[{"hash":"6fe5c290563ced14658d90f7de78af9b8e059e14","messageTitle":"Edit index.md for github pages","messageBody":"","fileTypesAndContributionMap":{"docs":{"insertions":4,"deletions":4}}},{"hash":"aadde7174bb4ec4fd73872aecab32077c858d2ab","messageTitle":"Refactor AddressBook to Greatbook in code","messageBody":"","fileTypesAndContributionMap":{"functional-code":{"insertions":27,"deletions":30},"other":{"insertions":33,"deletions":33},"docs":{"insertions":1,"deletions":1},"test-code":{"insertions":34,"deletions":34}}},{"hash":"0e6fa961da1cfa8c788db388ec260d515e62f864","messageTitle":"Fix import * error","messageBody":"","fileTypesAndContributionMap":{"functional-code":{"insertions":5,"deletions":1}}}]},{"date":"2022-03-04","commitResults":[{"hash":"9483e1abc7252f1d8c18f7bbe884ed15d478eab8","messageTitle":"Implement Classroom class for Person","messageBody":"","fileTypesAndContributionMap":{"functional-code":{"insertions":117,"deletions":34},"other":{"insertions":580,"deletions":0},"test-code":{"insertions":11,"deletions":9}}},{"hash":"93aa152ea0d90dcbf5a9b39b1ab70dc8c3073e77","messageTitle":"Remove bin","messageBody":"","fileTypesAndContributionMap":{"other":{"insertions":0,"deletions":580}}},{"hash":"883d18cdcf0d236d4fc4be7c1f336d5a64fa451e","messageTitle":"Modify personListCard to take classroom label","messageBody":"","fileTypesAndContributionMap":{"functional-code":{"insertions":17,"deletions":5}}},{"hash":"cf6ed53d8fc4e1c17380e97cc116a6564719409c","messageTitle":"Fixing person tests","messageBody":"","fileTypesAndContributionMap":{"test-code":{"insertions":11,"deletions":7}}}]},{"date":"2022-03-05","commitResults":[{"hash":"5ddab01774141c04a3472714ddc3ce11b85d35d7","messageTitle":"Temporarily remove some tests","messageBody":"","fileTypesAndContributionMap":{"functional-code":{"insertions":1,"deletions":10},"test-code":{"insertions":34,"deletions":145}}},{"hash":"84865a70c3b28485668dd0194e1fa52fb182384e","messageTitle":"Fix some styling","messageBody":"","fileTypesAndContributionMap":{"functional-code":{"insertions":30,"deletions":15}}},{"hash":"26980d366f86c9964ced21b8165a49c9f669c361","messageTitle":"Fix styling","messageBody":"","fileTypesAndContributionMap":{"functional-code":{"insertions":6,"deletions":3}}},{"hash":"2d95353e59951ef94bf20b0fbfbe927087440822","messageTitle":"Fix styling again","messageBody":"","fileTypesAndContributionMap":{"test-code":{"insertions":53,"deletions":31}}}]},{"date":"2022-03-24","commitResults":[{"hash":"0ecdd632c930cb12b61421e61964e7c1db9e18e3","messageTitle":"Tmp commit","messageBody":"","fileTypesAndContributionMap":{"docs":{"insertions":18,"deletions":3}}},{"hash":"376634bbae4c84165355548570836b585458bbd5","messageTitle":"tmp commit","messageBody":"","fileTypesAndContributionMap":{"docs":{"insertions":1,"deletions":1}}},{"hash":"1f34eaf4bc9b672b57eb9dcd221dce44c9a43027","messageTitle":"User guide Add features complete","messageBody":"","fileTypesAndContributionMap":{"docs":{"insertions":19,"deletions":9}}},{"hash":"09811d9cf28614d758d28e49e068c7619dd1c54b","messageTitle":"Update v1.3 features in User Guie","messageBody":"","fileTypesAndContributionMap":{"docs":{"insertions":7,"deletions":7}}},{"hash":"bee53662fb6d225c53d945a2da14ed075259d188","messageTitle":"Improve labels","messageBody":"","fileTypesAndContributionMap":{"functional-code":{"insertions":5,"deletions":5}}},{"hash":"a9f2454733d795922c2bfb2a24c54f0e1fd13c9b","messageTitle":"Update landing page","messageBody":"","fileTypesAndContributionMap":{"docs":{"insertions":1,"deletions":2}}}]}],"zyjarvis":[{"date":"2022-02-24","commitResults":[{"hash":"a6e7bfa408047c457e8feac63c00072766c242c7","messageTitle":"upload photo","messageBody":"","fileTypesAndContributionMap":{"docs":{"insertions":50,"deletions":15}}},{"hash":"490de033856bd687cf189b7941091582d1369324","messageTitle":"update README.md","messageBody":"","fileTypesAndContributionMap":{"docs":{"insertions":18,"deletions":12}}}]},{"date":"2022-03-08","commitResults":[{"hash":"3291d8b32a37f956a2757a67f67c5de72806f82c","messageTitle":"add subject","messageBody":"","fileTypesAndContributionMap":{"functional-code":{"insertions":390,"deletions":59}}}]},{"date":"2022-03-09","commitResults":[{"hash":"9c344e2b85c3ae17465d1eeb314ea091888726f3","messageTitle":"update checkstyle","messageBody":"","fileTypesAndContributionMap":{"functional-code":{"insertions":155,"deletions":48}}},{"hash":"5eff7b5eee9330b67a4c88cc0b4c6e08363bee60","messageTitle":"update test","messageBody":"","fileTypesAndContributionMap":{"test-code":{"insertions":139,"deletions":32}}}]},{"date":"2022-03-10","commitResults":[{"hash":"e587c579c96ccde3ac7be2bdb49931d56f99d2e9","messageTitle":"Update PersonListCard.fxml","messageBody":"","fileTypesAndContributionMap":{"functional-code":{"insertions":1,"deletions":1}}}]},{"date":"2022-03-19","commitResults":[{"hash":"540b624b3ad43e94fa89543f92060f9655caa349","messageTitle":"edit feature updated","messageBody":"work with the v1.2 additions (classroom and subject)\n","fileTypesAndContributionMap":{"functional-code":{"insertions":22,"deletions":5}}}]},{"date":"2022-03-24","commitResults":[{"hash":"2fa4796c741b8ce4849cfc47507058115fae8ef8","messageTitle":"DG update for edit feature","messageBody":"","fileTypesAndContributionMap":{"docs":{"insertions":85,"deletions":48}}},{"hash":"6a35f5f3a33e1b02789e68de004a6a9d900e3472","messageTitle":"UG update for edit feature","messageBody":"","fileTypesAndContributionMap":{"docs":{"insertions":12,"deletions":8}}}]}]},"authorFileTypeContributionMap":{"badfr0g":{"docs":19,"functional-code":23,"test-code":0},"hana-oxy":{"docs":0,"functional-code":0,"test-code":0},"sohwkjames":{"docs":92,"functional-code":135,"test-code":91},"zyjarvis":{"docs":98,"functional-code":481,"test-code":139}},"authorContributionVariance":{"badfr0g":133.47224,"hana-oxy":0.0,"sohwkjames":46372.5,"zyjarvis":8234.153},"authorDisplayNameMap":{"badfr0g":"TIC4002-F18-2 JOSE..YANG","hana-oxy":"TIC4002-F18-2 OEI ..NNAH","sohwkjames":"TIC4002-F18-2 SOH ..AMES","zyjarvis":"TIC4002-F18-2 ZHAN.. YUN"}}
