{"authorDailyContributionsMap":{"badfr0g":[{"date":"2022-02-23","commitResults":[{"hash":"5395bcff5a4b2bc150ebc113522859e3669abdde","messageTitle":"Update UserGuide.md","messageBody":"","fileTypesAndContributionMap":{"docs":{"insertions":28,"deletions":36}}}]},{"date":"2022-02-24","commitResults":[{"hash":"3c4be4ddab2849cdbb2412053b2897ec253cbe86","messageTitle":"about-us-joseph","messageBody":"","fileTypesAndContributionMap":{"docs":{"insertions":5,"deletions":6}}}]}],"hana-oxy":[],"sohwkjames":[{"date":"2022-02-24","commitResults":[{"hash":"15009ae2fa5b7c32149fecd3c0da534a48579d57","messageTitle":"Add about me details, add photo","messageBody":"","fileTypesAndContributionMap":{"docs":{"insertions":10,"deletions":51}}},{"hash":"2de64ec72bf7dd967ea6e6f27861ffdccac9d58a","messageTitle":"Add developer guide details","messageBody":"","fileTypesAndContributionMap":{"docs":{"insertions":63,"deletions":12}}}]},{"date":"2022-03-02","commitResults":[{"hash":"6fe5c290563ced14658d90f7de78af9b8e059e14","messageTitle":"Edit index.md for github pages","messageBody":"","fileTypesAndContributionMap":{"docs":{"insertions":4,"deletions":4}}},{"hash":"aadde7174bb4ec4fd73872aecab32077c858d2ab","messageTitle":"Refactor AddressBook to Greatbook in code","messageBody":"","fileTypesAndContributionMap":{"functional-code":{"insertions":27,"deletions":30},"other":{"insertions":33,"deletions":33},"docs":{"insertions":1,"deletions":1},"test-code":{"insertions":34,"deletions":34}}},{"hash":"0e6fa961da1cfa8c788db388ec260d515e62f864","messageTitle":"Fix import * error","messageBody":"","fileTypesAndContributionMap":{"functional-code":{"insertions":5,"deletions":1}}}]}],"zyjarvis":[{"date":"2022-02-24","commitResults":[{"hash":"a6e7bfa408047c457e8feac63c00072766c242c7","messageTitle":"upload photo","messageBody":"","fileTypesAndContributionMap":{"docs":{"insertions":50,"deletions":15}}},{"hash":"490de033856bd687cf189b7941091582d1369324","messageTitle":"update README.md","messageBody":"","fileTypesAndContributionMap":{"docs":{"insertions":18,"deletions":12}}}]}]},"authorFileTypeContributionMap":{"badfr0g":{"docs":33,"functional-code":0,"test-code":0},"hana-oxy":{"docs":0,"functional-code":0,"test-code":0},"sohwkjames":{"docs":78,"functional-code":31,"test-code":62},"zyjarvis":{"docs":21,"functional-code":0,"test-code":0}},"authorContributionVariance":{"badfr0g":196.7875,"hana-oxy":0.0,"sohwkjames":2773.1277,"zyjarvis":428.6875},"authorDisplayNameMap":{"badfr0g":"TIC4002-F18-2 JOSE..YANG","hana-oxy":"TIC4002-F18-2 OEI ..NNAH","sohwkjames":"TIC4002-F18-2 SOH ..AMES","zyjarvis":"TIC4002-F18-2 ZHAN.. YUN"}}
