[{"path":"README.md","fileType":"docs","lines":[{"lineNumber":1,"author":{"gitId":"-"},"content":"[![CI Status](https://github.com/AY2122S2-TIC4002-F18-3/tp2/workflows/Java%20CI/badge.svg)](https://github.com/AY2122S2-TIC4002-F18-3/tp2/actions)","lastModifiedDate":"2022-02-18"},{"lineNumber":2,"author":{"gitId":"-"},"content":"","lastModifiedDate":"2020-05-23"},{"lineNumber":3,"author":{"gitId":"l-shihao"},"content":"### Mock up UI","lastModifiedDate":"2022-02-25"},{"lineNumber":4,"author":{"gitId":"-"},"content":"![Ui](docs/images/Ui.png)","lastModifiedDate":"2020-05-23"},{"lineNumber":5,"author":{"gitId":"-"},"content":"","lastModifiedDate":"2020-05-23"},{"lineNumber":6,"author":{"gitId":"-"},"content":"* A desktop application (called _project BUDDY_) used for manage Teacher’s Contact Management Application","lastModifiedDate":"2022-02-18"},{"lineNumber":7,"author":{"gitId":"-"},"content":"  * Project BUDDY is a Teacher’s Contact Management Application supported by CLI text input commands.","lastModifiedDate":"2022-02-18"},{"lineNumber":8,"author":{"gitId":"-"},"content":"  * Teachers can enter contact information for a swift search and retrieve desired contact information within a few keystrokes.","lastModifiedDate":"2022-02-18"},{"lineNumber":9,"author":{"gitId":"-"},"content":"  * The application provides an all-in-one display of the contacts related information and their details are presented in a beautiful scrolling view.","lastModifiedDate":"2022-02-18"},{"lineNumber":10,"author":{"gitId":"-"},"content":"* For the detailed documentation of this project, see the **[Project BUDDY](https://ay2122s2-tic4002-f18-3.github.io/tp2/)**.","lastModifiedDate":"2022-02-17"},{"lineNumber":11,"author":{"gitId":"l-shihao"},"content":"","lastModifiedDate":"2022-02-25"},{"lineNumber":12,"author":{"gitId":"l-shihao"},"content":"----","lastModifiedDate":"2022-02-25"},{"lineNumber":13,"author":{"gitId":"l-shihao"},"content":"### Acknowledgement","lastModifiedDate":"2022-02-25"},{"lineNumber":14,"author":{"gitId":"l-shihao"},"content":"This project is based on the AddressBook-Level3 project created by the [SE-EDU initiative](https://se-education.org).","lastModifiedDate":"2022-02-25"}],"authorContributionMap":{"l-shihao":5,"-":9}},{"path":"docs/AboutUs.md","fileType":"docs","lines":[{"lineNumber":1,"author":{"gitId":"-"},"content":"---","lastModifiedDate":"2020-05-23"},{"lineNumber":2,"author":{"gitId":"-"},"content":"layout: page","lastModifiedDate":"2020-05-23"},{"lineNumber":3,"author":{"gitId":"-"},"content":"title: About Us","lastModifiedDate":"2020-05-23"},{"lineNumber":4,"author":{"gitId":"-"},"content":"---","lastModifiedDate":"2020-05-23"},{"lineNumber":5,"author":{"gitId":"-"},"content":"","lastModifiedDate":"2020-05-23"},{"lineNumber":6,"author":{"gitId":"-"},"content":"We are a team based in the [School of Computing, National University of Singapore](http://www.comp.nus.edu.sg).","lastModifiedDate":"2020-05-23"},{"lineNumber":7,"author":{"gitId":"-"},"content":"","lastModifiedDate":"2020-05-23"},{"lineNumber":8,"author":{"gitId":"-"},"content":"","lastModifiedDate":"2020-06-17"},{"lineNumber":9,"author":{"gitId":"l-shihao"},"content":"## Project Team 3","lastModifiedDate":"2022-02-24"},{"lineNumber":10,"author":{"gitId":"-"},"content":"","lastModifiedDate":"2020-05-23"},{"lineNumber":11,"author":{"gitId":"l-shihao"},"content":"| LI SHIHAO                                                                                          | CHENG HUI YUAN                                                                        | LIM WAN YIN                                                                     | Lim CHUN YONG                                                                   |","lastModifiedDate":"2022-02-24"},{"lineNumber":12,"author":{"gitId":"l-shihao"},"content":"|----------------------------------------------------------------------------------------------------|---------------------------------------------------------------------------------------|---------------------------------------------------------------------------------|---------------------------------------------------------------------------------|","lastModifiedDate":"2022-02-24"},{"lineNumber":13,"author":{"gitId":"l-shihao"},"content":"| \u003cimg src\u003d\"images/l-shihao.png\" height\u003d\"150\"\u003e                                                       | \u003cimg src\u003d\"images/chenghuiyuan.png\" height\u003d\"150\"\u003e                                      | \u003cimg src\u003d\"images/yinyin377.png\" height\u003d\"150\"\u003e                                   | \u003cimg src\u003d\"images/jr-mojito.png\" height\u003d\"150\"\u003e                                   |","lastModifiedDate":"2022-02-24"},{"lineNumber":14,"author":{"gitId":"l-shihao"},"content":"| [[Github Profile](http://github.com/l-shihao)][[Portfolio](team/[TIC4002-F18-3][Li Shihao]PPP.md)] | [[Github Profile](http://github.com/chenghuiyuan)][[Portfolio](team/chenghuiyuan.md)] | [[Github Profile](http://github.com/yinyin377)][[Portfolio](team/yinyin377.md)] | [[Github Profile](http://github.com/jr-mojito)][[Portfolio](team/jr-mojito.md)] |","lastModifiedDate":"2022-02-24"},{"lineNumber":15,"author":{"gitId":"l-shihao"},"content":" | * Role: Developer \u003cbr\u003e * Responsibilities: Logic/Documentation                                     | * Role: Developer \u003cbr\u003e * Responsibilities: Data/ Documentation                        | * Role: Developer \u003cbr\u003e * Responsibilities: Dev Ops/Documentation                | * Role: Developer \u003cbr\u003e * Responsibilities: UI/Documentation                     |","lastModifiedDate":"2022-02-24"},{"lineNumber":16,"author":{"gitId":"-"},"content":"","lastModifiedDate":"2020-05-23"},{"lineNumber":17,"author":{"gitId":"-"},"content":"","lastModifiedDate":"2020-05-23"},{"lineNumber":18,"author":{"gitId":"-"},"content":"","lastModifiedDate":"2020-05-23"},{"lineNumber":19,"author":{"gitId":"-"},"content":"","lastModifiedDate":"2020-05-23"},{"lineNumber":20,"author":{"gitId":"-"},"content":"","lastModifiedDate":"2020-05-23"}],"authorContributionMap":{"l-shihao":6,"-":14}},{"path":"docs/UserGuide.md","fileType":"docs","lines":[{"lineNumber":1,"author":{"gitId":"-"},"content":"---","lastModifiedDate":"2020-05-23"},{"lineNumber":2,"author":{"gitId":"-"},"content":"layout: page","lastModifiedDate":"2020-05-23"},{"lineNumber":3,"author":{"gitId":"-"},"content":"title: User Guide","lastModifiedDate":"2020-05-23"},{"lineNumber":4,"author":{"gitId":"-"},"content":"---","lastModifiedDate":"2020-05-23"},{"lineNumber":5,"author":{"gitId":"-"},"content":"","lastModifiedDate":"2020-05-23"},{"lineNumber":6,"author":{"gitId":"l-shihao"},"content":"Project BUDDY is a Teacher’s Contact Management Application supported by CLI text input commands. Teachers can enter contact information for a swift search and retrieve desired contact information within a few keystrokes. The application provides an all-in-one display of the contacts related information and their details are presented in a beautiful scrolling view.","lastModifiedDate":"2022-02-25"},{"lineNumber":7,"author":{"gitId":"-"},"content":"","lastModifiedDate":"2020-05-23"},{"lineNumber":8,"author":{"gitId":"-"},"content":"* Table of Contents","lastModifiedDate":"2020-05-23"},{"lineNumber":9,"author":{"gitId":"-"},"content":"{:toc}","lastModifiedDate":"2020-05-23"},{"lineNumber":10,"author":{"gitId":"-"},"content":"","lastModifiedDate":"2020-05-23"},{"lineNumber":11,"author":{"gitId":"-"},"content":"--------------------------------------------------------------------------------------------------------------------","lastModifiedDate":"2020-05-23"},{"lineNumber":12,"author":{"gitId":"-"},"content":"","lastModifiedDate":"2020-05-23"},{"lineNumber":13,"author":{"gitId":"-"},"content":"## Quick start","lastModifiedDate":"2020-05-23"},{"lineNumber":14,"author":{"gitId":"-"},"content":"","lastModifiedDate":"2020-05-23"},{"lineNumber":15,"author":{"gitId":"-"},"content":"1. Ensure you have Java `11` or above installed in your Computer.","lastModifiedDate":"2020-05-23"},{"lineNumber":16,"author":{"gitId":"-"},"content":"","lastModifiedDate":"2020-05-23"},{"lineNumber":17,"author":{"gitId":"-"},"content":"1. Download the latest `projectbuddy.jar` from [here](https://github.com/AY2122S2-TIC4002-F18-3/tp2/releases).","lastModifiedDate":"2022-02-17"},{"lineNumber":18,"author":{"gitId":"-"},"content":"","lastModifiedDate":"2020-05-23"},{"lineNumber":19,"author":{"gitId":"-"},"content":"1. Copy the file to the folder you want to use as the _home folder_ for your Project BUDDY.","lastModifiedDate":"2022-02-17"},{"lineNumber":20,"author":{"gitId":"-"},"content":"","lastModifiedDate":"2020-05-23"},{"lineNumber":21,"author":{"gitId":"-"},"content":"1. Double-click the file to start the app. The GUI similar to the below should appear in a few seconds. Note how the app contains some sample data.\u003cbr\u003e","lastModifiedDate":"2020-05-23"},{"lineNumber":22,"author":{"gitId":"-"},"content":"   ![Ui](images/Ui.png)","lastModifiedDate":"2020-05-23"},{"lineNumber":23,"author":{"gitId":"-"},"content":"","lastModifiedDate":"2020-05-23"},{"lineNumber":24,"author":{"gitId":"-"},"content":"1. Type the command in the command box and press Enter to execute it. e.g. typing **`help`** and pressing Enter will open the help window.\u003cbr\u003e","lastModifiedDate":"2020-05-23"},{"lineNumber":25,"author":{"gitId":"-"},"content":"   Some example commands you can try:","lastModifiedDate":"2020-05-23"},{"lineNumber":26,"author":{"gitId":"-"},"content":"","lastModifiedDate":"2020-05-23"},{"lineNumber":27,"author":{"gitId":"-"},"content":"   * **`list`** : Lists all contacts.","lastModifiedDate":"2020-05-23"},{"lineNumber":28,"author":{"gitId":"-"},"content":"","lastModifiedDate":"2020-05-23"},{"lineNumber":29,"author":{"gitId":"-"},"content":"   * **`add`**`n/John Doe p/98765432 e/johnd@example.com a/John street, block 123, #01-01` : Adds a contact named `John Doe` to the Address Book.","lastModifiedDate":"2020-05-23"},{"lineNumber":30,"author":{"gitId":"-"},"content":"","lastModifiedDate":"2020-05-23"},{"lineNumber":31,"author":{"gitId":"-"},"content":"   * **`delete`**`3` : Deletes the 3rd contact shown in the current list.","lastModifiedDate":"2020-05-23"},{"lineNumber":32,"author":{"gitId":"-"},"content":"","lastModifiedDate":"2020-05-23"},{"lineNumber":33,"author":{"gitId":"-"},"content":"   * **`clear`** : Deletes all contacts.","lastModifiedDate":"2020-05-23"},{"lineNumber":34,"author":{"gitId":"-"},"content":"","lastModifiedDate":"2020-05-23"},{"lineNumber":35,"author":{"gitId":"-"},"content":"   * **`exit`** : Exits the app.","lastModifiedDate":"2020-05-23"},{"lineNumber":36,"author":{"gitId":"-"},"content":"","lastModifiedDate":"2020-05-23"},{"lineNumber":37,"author":{"gitId":"-"},"content":"1. Refer to the [Features](#features) below for details of each command.","lastModifiedDate":"2020-05-23"},{"lineNumber":38,"author":{"gitId":"-"},"content":"","lastModifiedDate":"2020-05-23"},{"lineNumber":39,"author":{"gitId":"-"},"content":"--------------------------------------------------------------------------------------------------------------------","lastModifiedDate":"2020-05-23"},{"lineNumber":40,"author":{"gitId":"-"},"content":"","lastModifiedDate":"2020-05-23"},{"lineNumber":41,"author":{"gitId":"l-shihao"},"content":"## Command corresponding to Feature","lastModifiedDate":"2022-02-25"},{"lineNumber":42,"author":{"gitId":"-"},"content":"","lastModifiedDate":"2020-05-23"},{"lineNumber":43,"author":{"gitId":"-"},"content":"\u003cdiv markdown\u003d\"block\" class\u003d\"alert alert-info\"\u003e","lastModifiedDate":"2020-05-23"},{"lineNumber":44,"author":{"gitId":"-"},"content":"","lastModifiedDate":"2020-05-23"},{"lineNumber":45,"author":{"gitId":"-"},"content":"**:information_source: Notes about the command format:**\u003cbr\u003e","lastModifiedDate":"2020-05-23"},{"lineNumber":46,"author":{"gitId":"-"},"content":"","lastModifiedDate":"2020-05-23"},{"lineNumber":47,"author":{"gitId":"-"},"content":"* Record people’s name, phone number, email and address:","lastModifiedDate":"2022-02-17"},{"lineNumber":48,"author":{"gitId":"-"},"content":"  Format:      add n/NAME p/PHONE_NUMBER e/EMAIL a/ADDRESS","lastModifiedDate":"2022-02-17"},{"lineNumber":49,"author":{"gitId":"-"},"content":"  Example:     add n/Duke p/98001234 e/duke@gmail.com a/Duke street, block 1, #05-01","lastModifiedDate":"2022-02-17"},{"lineNumber":50,"author":{"gitId":"-"},"content":"","lastModifiedDate":"2021-02-03"},{"lineNumber":51,"author":{"gitId":"-"},"content":"\u003c/div\u003e","lastModifiedDate":"2020-05-23"},{"lineNumber":52,"author":{"gitId":"-"},"content":"","lastModifiedDate":"2020-05-23"},{"lineNumber":53,"author":{"gitId":"-"},"content":"### Viewing help : `help`","lastModifiedDate":"2020-05-23"},{"lineNumber":54,"author":{"gitId":"-"},"content":"","lastModifiedDate":"2020-05-23"},{"lineNumber":55,"author":{"gitId":"-"},"content":"Shows a message explaning how to access the help page.","lastModifiedDate":"2020-05-23"},{"lineNumber":56,"author":{"gitId":"-"},"content":"","lastModifiedDate":"2020-05-23"},{"lineNumber":57,"author":{"gitId":"-"},"content":"![help message](images/helpMessage.png)","lastModifiedDate":"2020-05-23"},{"lineNumber":58,"author":{"gitId":"-"},"content":"","lastModifiedDate":"2020-05-23"},{"lineNumber":59,"author":{"gitId":"-"},"content":"Format: `help`","lastModifiedDate":"2020-05-23"},{"lineNumber":60,"author":{"gitId":"-"},"content":"","lastModifiedDate":"2020-05-23"},{"lineNumber":61,"author":{"gitId":"-"},"content":"","lastModifiedDate":"2020-05-23"},{"lineNumber":62,"author":{"gitId":"l-shihao"},"content":"### Adding a contact: `add`","lastModifiedDate":"2022-02-25"},{"lineNumber":63,"author":{"gitId":"-"},"content":"","lastModifiedDate":"2020-05-23"},{"lineNumber":64,"author":{"gitId":"l-shihao"},"content":"Create a new contact with info such as name, hp, email, address and optional number of tags.","lastModifiedDate":"2022-02-25"},{"lineNumber":65,"author":{"gitId":"-"},"content":"","lastModifiedDate":"2020-05-23"},{"lineNumber":66,"author":{"gitId":"-"},"content":"Format: `add n/NAME p/PHONE_NUMBER e/EMAIL a/ADDRESS [t/TAG]…​`","lastModifiedDate":"2020-05-23"},{"lineNumber":67,"author":{"gitId":"-"},"content":"","lastModifiedDate":"2020-05-23"},{"lineNumber":68,"author":{"gitId":"-"},"content":"\u003cdiv markdown\u003d\"span\" class\u003d\"alert alert-primary\"\u003e:bulb: **Tip:**","lastModifiedDate":"2020-05-23"},{"lineNumber":69,"author":{"gitId":"-"},"content":"A person can have any number of tags (including 0)","lastModifiedDate":"2020-05-23"},{"lineNumber":70,"author":{"gitId":"-"},"content":"\u003c/div\u003e","lastModifiedDate":"2020-05-23"},{"lineNumber":71,"author":{"gitId":"-"},"content":"","lastModifiedDate":"2020-05-23"},{"lineNumber":72,"author":{"gitId":"-"},"content":"Examples:","lastModifiedDate":"2020-05-23"},{"lineNumber":73,"author":{"gitId":"l-shihao"},"content":"```","lastModifiedDate":"2022-02-25"},{"lineNumber":74,"author":{"gitId":"l-shihao"},"content":"add n/Nana Park p/9666 4222 e/nana@example.com a/620 Bedok Rd, 470620 t/student t/G5-C02","lastModifiedDate":"2022-02-25"},{"lineNumber":75,"author":{"gitId":"l-shihao"},"content":"```","lastModifiedDate":"2022-02-25"},{"lineNumber":76,"author":{"gitId":"-"},"content":"","lastModifiedDate":"2020-05-23"},{"lineNumber":77,"author":{"gitId":"l-shihao"},"content":"### Delete a contact: `delete`","lastModifiedDate":"2022-02-25"},{"lineNumber":78,"author":{"gitId":"-"},"content":"","lastModifiedDate":"2022-02-25"},{"lineNumber":79,"author":{"gitId":"l-shihao"},"content":"Format:      `delete SEQ_NO_OF_CONTACT`","lastModifiedDate":"2022-02-25"},{"lineNumber":80,"author":{"gitId":"-"},"content":"","lastModifiedDate":"2022-02-25"},{"lineNumber":81,"author":{"gitId":"l-shihao"},"content":"+ SEQ_NO_OF_CONTACT refers to the numbering of the contact in the list.","lastModifiedDate":"2022-02-25"},{"lineNumber":82,"author":{"gitId":"l-shihao"},"content":"+ SEQ_NO_OF_CONTACT must be a positive integer.","lastModifiedDate":"2022-02-25"},{"lineNumber":83,"author":{"gitId":"-"},"content":"","lastModifiedDate":"2022-02-25"},{"lineNumber":84,"author":{"gitId":"l-shihao"},"content":"Example:","lastModifiedDate":"2022-02-25"},{"lineNumber":85,"author":{"gitId":"l-shihao"},"content":"```","lastModifiedDate":"2022-02-25"},{"lineNumber":86,"author":{"gitId":"l-shihao"},"content":"delete 2","lastModifiedDate":"2022-02-25"},{"lineNumber":87,"author":{"gitId":"l-shihao"},"content":"```","lastModifiedDate":"2022-02-25"},{"lineNumber":88,"author":{"gitId":"-"},"content":"","lastModifiedDate":"2022-02-25"},{"lineNumber":89,"author":{"gitId":"l-shihao"},"content":"### View a list of contacts: `list`","lastModifiedDate":"2022-02-25"},{"lineNumber":90,"author":{"gitId":"-"},"content":"","lastModifiedDate":"2022-02-25"},{"lineNumber":91,"author":{"gitId":"l-shihao"},"content":"Format:      `list`","lastModifiedDate":"2022-02-25"},{"lineNumber":92,"author":{"gitId":"l-shihao"},"content":"+ All contacts’ name, phone number, email and address will be displayed.","lastModifiedDate":"2022-02-25"},{"lineNumber":93,"author":{"gitId":"-"},"content":"","lastModifiedDate":"2022-02-25"},{"lineNumber":94,"author":{"gitId":"l-shihao"},"content":"Example:","lastModifiedDate":"2022-02-25"},{"lineNumber":95,"author":{"gitId":"l-shihao"},"content":"```","lastModifiedDate":"2022-02-25"},{"lineNumber":96,"author":{"gitId":"l-shihao"},"content":"list","lastModifiedDate":"2022-02-25"},{"lineNumber":97,"author":{"gitId":"l-shihao"},"content":"```","lastModifiedDate":"2022-02-25"},{"lineNumber":98,"author":{"gitId":"-"},"content":"","lastModifiedDate":"2022-02-25"},{"lineNumber":99,"author":{"gitId":"l-shihao"},"content":"### Search contact by name: `find`","lastModifiedDate":"2022-02-25"},{"lineNumber":100,"author":{"gitId":"-"},"content":"","lastModifiedDate":"2022-02-25"},{"lineNumber":101,"author":{"gitId":"l-shihao"},"content":"Format:      `find NAME`","lastModifiedDate":"2022-02-25"},{"lineNumber":102,"author":{"gitId":"-"},"content":"","lastModifiedDate":"2022-02-25"},{"lineNumber":103,"author":{"gitId":"l-shihao"},"content":"+ NAME is case-insensitive. I.e. `find DUKE` will return `Duke`’s contact.","lastModifiedDate":"2022-02-25"},{"lineNumber":104,"author":{"gitId":"l-shihao"},"content":"+ NAME has to be a full word. I.e. `find DUK` will not return `Duke`’s contact.","lastModifiedDate":"2022-02-25"},{"lineNumber":105,"author":{"gitId":"l-shihao"},"content":"+ If NAME consists of two words, the sequence of words will not affect the search result. I.e. `find Duke John` will return both `John Duke`’s and `Duke John`’s contacts.","lastModifiedDate":"2022-02-25"},{"lineNumber":106,"author":{"gitId":"l-shihao"},"content":"+ Contacts matching either one of the NAME will be returned. I.e. `find Duke John` will return both `Duke Mark` and `Charles Duke`’s contacts.","lastModifiedDate":"2022-02-25"},{"lineNumber":107,"author":{"gitId":"-"},"content":"","lastModifiedDate":"2022-02-25"},{"lineNumber":108,"author":{"gitId":"l-shihao"},"content":"Example:","lastModifiedDate":"2022-02-25"},{"lineNumber":109,"author":{"gitId":"l-shihao"},"content":"```","lastModifiedDate":"2022-02-25"},{"lineNumber":110,"author":{"gitId":"l-shihao"},"content":"find Duke","lastModifiedDate":"2022-02-25"},{"lineNumber":111,"author":{"gitId":"l-shihao"},"content":"```","lastModifiedDate":"2022-02-25"},{"lineNumber":112,"author":{"gitId":"-"},"content":"","lastModifiedDate":"2022-02-25"},{"lineNumber":113,"author":{"gitId":"l-shihao"},"content":"### Exit the program:","lastModifiedDate":"2022-02-25"},{"lineNumber":114,"author":{"gitId":"l-shihao"},"content":"Format:      `exit`","lastModifiedDate":"2022-02-25"},{"lineNumber":115,"author":{"gitId":"l-shihao"},"content":"+ The contact list will not be deleted after exiting.","lastModifiedDate":"2022-02-25"},{"lineNumber":116,"author":{"gitId":"-"},"content":"","lastModifiedDate":"2022-02-25"},{"lineNumber":117,"author":{"gitId":"l-shihao"},"content":"Example:","lastModifiedDate":"2022-02-25"},{"lineNumber":118,"author":{"gitId":"l-shihao"},"content":"```","lastModifiedDate":"2022-02-25"},{"lineNumber":119,"author":{"gitId":"l-shihao"},"content":"exit","lastModifiedDate":"2022-02-25"},{"lineNumber":120,"author":{"gitId":"l-shihao"},"content":"```","lastModifiedDate":"2022-02-25"},{"lineNumber":121,"author":{"gitId":"-"},"content":"","lastModifiedDate":"2020-05-23"},{"lineNumber":122,"author":{"gitId":"-"},"content":"","lastModifiedDate":"2020-05-23"},{"lineNumber":123,"author":{"gitId":"-"},"content":"","lastModifiedDate":"2020-05-23"},{"lineNumber":124,"author":{"gitId":"-"},"content":"--------------------------------------------------------------------------------------------------------------------","lastModifiedDate":"2020-05-23"},{"lineNumber":125,"author":{"gitId":"-"},"content":"","lastModifiedDate":"2020-05-23"},{"lineNumber":126,"author":{"gitId":"-"},"content":"## FAQ","lastModifiedDate":"2020-05-23"},{"lineNumber":127,"author":{"gitId":"-"},"content":"","lastModifiedDate":"2020-05-23"},{"lineNumber":128,"author":{"gitId":"-"},"content":"**Q**: How do I transfer my data to another Computer?\u003cbr\u003e","lastModifiedDate":"2020-05-23"},{"lineNumber":129,"author":{"gitId":"-"},"content":"**A**: Install the app in the other computer and overwrite the empty data file it creates with the file that contains the data of your previous AddressBook home folder.","lastModifiedDate":"2020-05-23"},{"lineNumber":130,"author":{"gitId":"-"},"content":"","lastModifiedDate":"2020-05-23"},{"lineNumber":131,"author":{"gitId":"-"},"content":"--------------------------------------------------------------------------------------------------------------------","lastModifiedDate":"2020-05-23"},{"lineNumber":132,"author":{"gitId":"-"},"content":"","lastModifiedDate":"2020-05-23"},{"lineNumber":133,"author":{"gitId":"-"},"content":"## Command summary","lastModifiedDate":"2020-05-23"},{"lineNumber":134,"author":{"gitId":"-"},"content":"","lastModifiedDate":"2020-05-23"},{"lineNumber":135,"author":{"gitId":"l-shihao"},"content":"| Action     | Format, Examples                                                                                                                                                          |","lastModifiedDate":"2022-02-25"},{"lineNumber":136,"author":{"gitId":"l-shihao"},"content":"|------------|---------------------------------------------------------------------------------------------------------------------------------------------------------------------------|","lastModifiedDate":"2022-02-25"},{"lineNumber":137,"author":{"gitId":"l-shihao"},"content":"| **Add**    | `add n/NAME p/PHONE_NUMBER e/EMAIL a/ADDRESS [t/TAG]…​` \u003cbr\u003e e.g. \u003cbr\u003e `add n/James Ho p/22224444 e/jamesho@example.com a/123, Clementi Rd, 1234665 t/friend t/colleague` |","lastModifiedDate":"2022-02-25"},{"lineNumber":138,"author":{"gitId":"l-shihao"},"content":"| **Delete** | `delete INDEX` \u003cbr\u003e e.g. \u003cbr\u003e `delete 2`                                                                                                                                  |","lastModifiedDate":"2022-02-25"},{"lineNumber":139,"author":{"gitId":"l-shihao"},"content":"| **List**   | `list` \u003cbr\u003e `list TAG` \u003cbr\u003e e.g. \u003cbr\u003e `list student`                                                                                                                      |","lastModifiedDate":"2022-02-25"},{"lineNumber":140,"author":{"gitId":"l-shihao"},"content":"| **Fine**   | `find NAME` \u003cbr\u003e e.g. \u003cbr\u003e `find steve`                                                                                                                                   |","lastModifiedDate":"2022-02-25"},{"lineNumber":141,"author":{"gitId":"l-shihao"},"content":"| **Exit**   | `exit`                                                                                                                                                                    |","lastModifiedDate":"2022-02-25"}],"authorContributionMap":{"l-shihao":46,"-":95}},{"path":"docs/_sass/minima/_base.scss","fileType":"other","lines":[{"lineNumber":1,"author":{"gitId":"-"},"content":"html {","lastModifiedDate":"2020-05-23"},{"lineNumber":2,"author":{"gitId":"-"},"content":"  font-size: $base-font-size;","lastModifiedDate":"2020-05-23"},{"lineNumber":3,"author":{"gitId":"-"},"content":"}","lastModifiedDate":"2020-05-23"},{"lineNumber":4,"author":{"gitId":"-"},"content":"","lastModifiedDate":"2020-05-23"},{"lineNumber":5,"author":{"gitId":"-"},"content":"/**","lastModifiedDate":"2020-05-23"},{"lineNumber":6,"author":{"gitId":"-"},"content":" * Reset some basic elements","lastModifiedDate":"2020-05-23"},{"lineNumber":7,"author":{"gitId":"-"},"content":" */","lastModifiedDate":"2020-05-23"},{"lineNumber":8,"author":{"gitId":"-"},"content":"body, h1, h2, h3, h4, h5, h6,","lastModifiedDate":"2020-05-23"},{"lineNumber":9,"author":{"gitId":"-"},"content":"p, blockquote, pre, hr,","lastModifiedDate":"2020-05-23"},{"lineNumber":10,"author":{"gitId":"-"},"content":"dl, dd, ol, ul, figure {","lastModifiedDate":"2020-05-23"},{"lineNumber":11,"author":{"gitId":"-"},"content":"  margin: 0;","lastModifiedDate":"2020-05-23"},{"lineNumber":12,"author":{"gitId":"-"},"content":"  padding: 0;","lastModifiedDate":"2020-05-23"},{"lineNumber":13,"author":{"gitId":"-"},"content":"","lastModifiedDate":"2020-05-23"},{"lineNumber":14,"author":{"gitId":"-"},"content":"}","lastModifiedDate":"2020-05-23"},{"lineNumber":15,"author":{"gitId":"-"},"content":"","lastModifiedDate":"2020-05-23"},{"lineNumber":16,"author":{"gitId":"-"},"content":"","lastModifiedDate":"2020-05-23"},{"lineNumber":17,"author":{"gitId":"-"},"content":"","lastModifiedDate":"2020-05-23"},{"lineNumber":18,"author":{"gitId":"-"},"content":"/**","lastModifiedDate":"2020-05-23"},{"lineNumber":19,"author":{"gitId":"-"},"content":" * Basic styling","lastModifiedDate":"2020-05-23"},{"lineNumber":20,"author":{"gitId":"-"},"content":" */","lastModifiedDate":"2020-05-23"},{"lineNumber":21,"author":{"gitId":"-"},"content":"body {","lastModifiedDate":"2020-05-23"},{"lineNumber":22,"author":{"gitId":"-"},"content":"  font: $base-font-weight #{$base-font-size}/#{$base-line-height} $base-font-family;","lastModifiedDate":"2020-05-23"},{"lineNumber":23,"author":{"gitId":"-"},"content":"  color: $text-color;","lastModifiedDate":"2020-05-23"},{"lineNumber":24,"author":{"gitId":"-"},"content":"  background-color: $background-color;","lastModifiedDate":"2020-05-23"},{"lineNumber":25,"author":{"gitId":"-"},"content":"  -webkit-text-size-adjust: 100%;","lastModifiedDate":"2020-05-23"},{"lineNumber":26,"author":{"gitId":"-"},"content":"  -webkit-font-feature-settings: \"kern\" 1;","lastModifiedDate":"2020-05-23"},{"lineNumber":27,"author":{"gitId":"-"},"content":"     -moz-font-feature-settings: \"kern\" 1;","lastModifiedDate":"2020-05-23"},{"lineNumber":28,"author":{"gitId":"-"},"content":"       -o-font-feature-settings: \"kern\" 1;","lastModifiedDate":"2020-05-23"},{"lineNumber":29,"author":{"gitId":"-"},"content":"          font-feature-settings: \"kern\" 1;","lastModifiedDate":"2020-05-23"},{"lineNumber":30,"author":{"gitId":"-"},"content":"  font-kerning: normal;","lastModifiedDate":"2020-05-23"},{"lineNumber":31,"author":{"gitId":"-"},"content":"  display: flex;","lastModifiedDate":"2020-05-23"},{"lineNumber":32,"author":{"gitId":"-"},"content":"  min-height: 100vh;","lastModifiedDate":"2020-05-23"},{"lineNumber":33,"author":{"gitId":"-"},"content":"  flex-direction: column;","lastModifiedDate":"2020-05-23"},{"lineNumber":34,"author":{"gitId":"-"},"content":"  overflow-wrap: break-word;","lastModifiedDate":"2020-05-23"},{"lineNumber":35,"author":{"gitId":"-"},"content":"}","lastModifiedDate":"2020-05-23"},{"lineNumber":36,"author":{"gitId":"-"},"content":"","lastModifiedDate":"2020-05-23"},{"lineNumber":37,"author":{"gitId":"-"},"content":"","lastModifiedDate":"2020-05-23"},{"lineNumber":38,"author":{"gitId":"-"},"content":"","lastModifiedDate":"2020-05-23"},{"lineNumber":39,"author":{"gitId":"-"},"content":"/**","lastModifiedDate":"2020-05-23"},{"lineNumber":40,"author":{"gitId":"-"},"content":" * Set `margin-bottom` to maintain vertical rhythm","lastModifiedDate":"2020-05-23"},{"lineNumber":41,"author":{"gitId":"-"},"content":" */","lastModifiedDate":"2020-05-23"},{"lineNumber":42,"author":{"gitId":"-"},"content":"h1, h2, h3, h4, h5, h6,","lastModifiedDate":"2020-05-23"},{"lineNumber":43,"author":{"gitId":"-"},"content":"p, blockquote, pre,","lastModifiedDate":"2020-05-23"},{"lineNumber":44,"author":{"gitId":"-"},"content":"ul, ol, dl, figure,","lastModifiedDate":"2020-05-23"},{"lineNumber":45,"author":{"gitId":"-"},"content":"%vertical-rhythm {","lastModifiedDate":"2020-05-23"},{"lineNumber":46,"author":{"gitId":"-"},"content":"  margin-bottom: $spacing-unit / 2;","lastModifiedDate":"2020-05-23"},{"lineNumber":47,"author":{"gitId":"-"},"content":"}","lastModifiedDate":"2020-05-23"},{"lineNumber":48,"author":{"gitId":"-"},"content":"","lastModifiedDate":"2020-05-23"},{"lineNumber":49,"author":{"gitId":"-"},"content":"hr {","lastModifiedDate":"2020-05-23"},{"lineNumber":50,"author":{"gitId":"-"},"content":"  margin-top: $spacing-unit;","lastModifiedDate":"2020-05-23"},{"lineNumber":51,"author":{"gitId":"-"},"content":"  margin-bottom: $spacing-unit;","lastModifiedDate":"2020-05-23"},{"lineNumber":52,"author":{"gitId":"-"},"content":"}","lastModifiedDate":"2020-05-23"},{"lineNumber":53,"author":{"gitId":"-"},"content":"","lastModifiedDate":"2020-05-23"},{"lineNumber":54,"author":{"gitId":"-"},"content":"/**","lastModifiedDate":"2020-05-23"},{"lineNumber":55,"author":{"gitId":"-"},"content":" * `main` element","lastModifiedDate":"2020-05-23"},{"lineNumber":56,"author":{"gitId":"-"},"content":" */","lastModifiedDate":"2020-05-23"},{"lineNumber":57,"author":{"gitId":"-"},"content":"main {","lastModifiedDate":"2020-05-23"},{"lineNumber":58,"author":{"gitId":"-"},"content":"  display: block; /* Default value of `display` of `main` element is \u0027inline\u0027 in IE 11. */","lastModifiedDate":"2020-05-23"},{"lineNumber":59,"author":{"gitId":"-"},"content":"}","lastModifiedDate":"2020-05-23"},{"lineNumber":60,"author":{"gitId":"-"},"content":"","lastModifiedDate":"2020-05-23"},{"lineNumber":61,"author":{"gitId":"-"},"content":"","lastModifiedDate":"2020-05-23"},{"lineNumber":62,"author":{"gitId":"-"},"content":"","lastModifiedDate":"2020-05-23"},{"lineNumber":63,"author":{"gitId":"-"},"content":"/**","lastModifiedDate":"2020-05-23"},{"lineNumber":64,"author":{"gitId":"-"},"content":" * Images","lastModifiedDate":"2020-05-23"},{"lineNumber":65,"author":{"gitId":"-"},"content":" */","lastModifiedDate":"2020-05-23"},{"lineNumber":66,"author":{"gitId":"-"},"content":"img {","lastModifiedDate":"2020-05-23"},{"lineNumber":67,"author":{"gitId":"-"},"content":"  max-width: 100%;","lastModifiedDate":"2020-05-23"},{"lineNumber":68,"author":{"gitId":"-"},"content":"  vertical-align: middle;","lastModifiedDate":"2020-05-23"},{"lineNumber":69,"author":{"gitId":"-"},"content":"}","lastModifiedDate":"2020-05-23"},{"lineNumber":70,"author":{"gitId":"-"},"content":"","lastModifiedDate":"2020-05-23"},{"lineNumber":71,"author":{"gitId":"-"},"content":"","lastModifiedDate":"2020-05-23"},{"lineNumber":72,"author":{"gitId":"-"},"content":"","lastModifiedDate":"2020-05-23"},{"lineNumber":73,"author":{"gitId":"-"},"content":"/**","lastModifiedDate":"2020-05-23"},{"lineNumber":74,"author":{"gitId":"-"},"content":" * Figures","lastModifiedDate":"2020-05-23"},{"lineNumber":75,"author":{"gitId":"-"},"content":" */","lastModifiedDate":"2020-05-23"},{"lineNumber":76,"author":{"gitId":"-"},"content":"figure \u003e img {","lastModifiedDate":"2020-05-23"},{"lineNumber":77,"author":{"gitId":"-"},"content":"  display: block;","lastModifiedDate":"2020-05-23"},{"lineNumber":78,"author":{"gitId":"-"},"content":"}","lastModifiedDate":"2020-05-23"},{"lineNumber":79,"author":{"gitId":"-"},"content":"","lastModifiedDate":"2020-05-23"},{"lineNumber":80,"author":{"gitId":"-"},"content":"figcaption {","lastModifiedDate":"2020-05-23"},{"lineNumber":81,"author":{"gitId":"-"},"content":"  font-size: $small-font-size;","lastModifiedDate":"2020-05-23"},{"lineNumber":82,"author":{"gitId":"-"},"content":"}","lastModifiedDate":"2020-05-23"},{"lineNumber":83,"author":{"gitId":"-"},"content":"","lastModifiedDate":"2020-05-23"},{"lineNumber":84,"author":{"gitId":"-"},"content":"","lastModifiedDate":"2020-05-23"},{"lineNumber":85,"author":{"gitId":"-"},"content":"","lastModifiedDate":"2020-05-23"},{"lineNumber":86,"author":{"gitId":"-"},"content":"/**","lastModifiedDate":"2020-05-23"},{"lineNumber":87,"author":{"gitId":"-"},"content":" * Lists","lastModifiedDate":"2020-05-23"},{"lineNumber":88,"author":{"gitId":"-"},"content":" */","lastModifiedDate":"2020-05-23"},{"lineNumber":89,"author":{"gitId":"-"},"content":"ul, ol {","lastModifiedDate":"2020-05-23"},{"lineNumber":90,"author":{"gitId":"-"},"content":"  margin-left: $spacing-unit;","lastModifiedDate":"2020-05-23"},{"lineNumber":91,"author":{"gitId":"-"},"content":"}","lastModifiedDate":"2020-05-23"},{"lineNumber":92,"author":{"gitId":"-"},"content":"","lastModifiedDate":"2020-05-23"},{"lineNumber":93,"author":{"gitId":"-"},"content":"li {","lastModifiedDate":"2020-05-23"},{"lineNumber":94,"author":{"gitId":"-"},"content":"  \u003e ul,","lastModifiedDate":"2020-05-23"},{"lineNumber":95,"author":{"gitId":"-"},"content":"  \u003e ol {","lastModifiedDate":"2020-05-23"},{"lineNumber":96,"author":{"gitId":"-"},"content":"    margin-bottom: 0;","lastModifiedDate":"2020-05-23"},{"lineNumber":97,"author":{"gitId":"-"},"content":"  }","lastModifiedDate":"2020-05-23"},{"lineNumber":98,"author":{"gitId":"-"},"content":"}","lastModifiedDate":"2020-05-23"},{"lineNumber":99,"author":{"gitId":"-"},"content":"","lastModifiedDate":"2020-05-23"},{"lineNumber":100,"author":{"gitId":"-"},"content":"","lastModifiedDate":"2020-05-23"},{"lineNumber":101,"author":{"gitId":"-"},"content":"","lastModifiedDate":"2020-05-23"},{"lineNumber":102,"author":{"gitId":"-"},"content":"/**","lastModifiedDate":"2020-05-23"},{"lineNumber":103,"author":{"gitId":"-"},"content":" * Headings","lastModifiedDate":"2020-05-23"},{"lineNumber":104,"author":{"gitId":"-"},"content":" */","lastModifiedDate":"2020-05-23"},{"lineNumber":105,"author":{"gitId":"-"},"content":"h1, h2, h3, h4, h5, h6 {","lastModifiedDate":"2020-05-23"},{"lineNumber":106,"author":{"gitId":"-"},"content":"  font-weight: $base-font-weight;","lastModifiedDate":"2020-05-23"},{"lineNumber":107,"author":{"gitId":"-"},"content":"}","lastModifiedDate":"2020-05-23"},{"lineNumber":108,"author":{"gitId":"-"},"content":"","lastModifiedDate":"2020-05-23"},{"lineNumber":109,"author":{"gitId":"-"},"content":"","lastModifiedDate":"2020-05-23"},{"lineNumber":110,"author":{"gitId":"-"},"content":"","lastModifiedDate":"2020-05-23"},{"lineNumber":111,"author":{"gitId":"-"},"content":"/**","lastModifiedDate":"2020-05-23"},{"lineNumber":112,"author":{"gitId":"-"},"content":" * Links","lastModifiedDate":"2020-05-23"},{"lineNumber":113,"author":{"gitId":"-"},"content":" */","lastModifiedDate":"2020-05-23"},{"lineNumber":114,"author":{"gitId":"-"},"content":"a {","lastModifiedDate":"2020-05-23"},{"lineNumber":115,"author":{"gitId":"-"},"content":"  color: $link-base-color;","lastModifiedDate":"2020-05-23"},{"lineNumber":116,"author":{"gitId":"-"},"content":"  text-decoration: none;","lastModifiedDate":"2020-05-23"},{"lineNumber":117,"author":{"gitId":"-"},"content":"","lastModifiedDate":"2020-05-23"},{"lineNumber":118,"author":{"gitId":"-"},"content":"  \u0026:visited {","lastModifiedDate":"2020-05-23"},{"lineNumber":119,"author":{"gitId":"-"},"content":"    color: $link-visited-color;","lastModifiedDate":"2020-05-23"},{"lineNumber":120,"author":{"gitId":"-"},"content":"  }","lastModifiedDate":"2020-05-23"},{"lineNumber":121,"author":{"gitId":"-"},"content":"","lastModifiedDate":"2020-05-23"},{"lineNumber":122,"author":{"gitId":"-"},"content":"  \u0026:hover {","lastModifiedDate":"2020-05-23"},{"lineNumber":123,"author":{"gitId":"-"},"content":"    color: $text-color;","lastModifiedDate":"2020-05-23"},{"lineNumber":124,"author":{"gitId":"-"},"content":"    text-decoration: underline;","lastModifiedDate":"2020-05-23"},{"lineNumber":125,"author":{"gitId":"-"},"content":"  }","lastModifiedDate":"2020-05-23"},{"lineNumber":126,"author":{"gitId":"-"},"content":"","lastModifiedDate":"2020-05-23"},{"lineNumber":127,"author":{"gitId":"-"},"content":"  .social-media-list \u0026:hover {","lastModifiedDate":"2020-05-23"},{"lineNumber":128,"author":{"gitId":"-"},"content":"    text-decoration: none;","lastModifiedDate":"2020-05-23"},{"lineNumber":129,"author":{"gitId":"-"},"content":"","lastModifiedDate":"2020-05-23"},{"lineNumber":130,"author":{"gitId":"-"},"content":"    .username {","lastModifiedDate":"2020-05-23"},{"lineNumber":131,"author":{"gitId":"-"},"content":"      text-decoration: underline;","lastModifiedDate":"2020-05-23"},{"lineNumber":132,"author":{"gitId":"-"},"content":"    }","lastModifiedDate":"2020-05-23"},{"lineNumber":133,"author":{"gitId":"-"},"content":"  }","lastModifiedDate":"2020-05-23"},{"lineNumber":134,"author":{"gitId":"-"},"content":"}","lastModifiedDate":"2020-05-23"},{"lineNumber":135,"author":{"gitId":"-"},"content":"","lastModifiedDate":"2020-05-23"},{"lineNumber":136,"author":{"gitId":"-"},"content":"","lastModifiedDate":"2020-05-23"},{"lineNumber":137,"author":{"gitId":"-"},"content":"/**","lastModifiedDate":"2020-05-23"},{"lineNumber":138,"author":{"gitId":"-"},"content":" * Blockquotes","lastModifiedDate":"2020-05-23"},{"lineNumber":139,"author":{"gitId":"-"},"content":" */","lastModifiedDate":"2020-05-23"},{"lineNumber":140,"author":{"gitId":"-"},"content":"blockquote {","lastModifiedDate":"2020-05-23"},{"lineNumber":141,"author":{"gitId":"-"},"content":"  color: $brand-color;","lastModifiedDate":"2020-05-23"},{"lineNumber":142,"author":{"gitId":"-"},"content":"  border-left: 4px solid $brand-color-light;","lastModifiedDate":"2020-05-23"},{"lineNumber":143,"author":{"gitId":"-"},"content":"  padding-left: $spacing-unit / 2;","lastModifiedDate":"2020-05-23"},{"lineNumber":144,"author":{"gitId":"-"},"content":"  @include relative-font-size(1.125);","lastModifiedDate":"2020-05-23"},{"lineNumber":145,"author":{"gitId":"-"},"content":"  font-style: italic;","lastModifiedDate":"2020-05-23"},{"lineNumber":146,"author":{"gitId":"-"},"content":"","lastModifiedDate":"2020-05-23"},{"lineNumber":147,"author":{"gitId":"-"},"content":"  \u003e :last-child {","lastModifiedDate":"2020-05-23"},{"lineNumber":148,"author":{"gitId":"-"},"content":"    margin-bottom: 0;","lastModifiedDate":"2020-05-23"},{"lineNumber":149,"author":{"gitId":"-"},"content":"  }","lastModifiedDate":"2020-05-23"},{"lineNumber":150,"author":{"gitId":"-"},"content":"","lastModifiedDate":"2020-05-23"},{"lineNumber":151,"author":{"gitId":"-"},"content":"  i, em {","lastModifiedDate":"2020-05-23"},{"lineNumber":152,"author":{"gitId":"-"},"content":"    font-style: normal;","lastModifiedDate":"2020-05-23"},{"lineNumber":153,"author":{"gitId":"-"},"content":"  }","lastModifiedDate":"2020-05-23"},{"lineNumber":154,"author":{"gitId":"-"},"content":"}","lastModifiedDate":"2020-05-23"},{"lineNumber":155,"author":{"gitId":"-"},"content":"","lastModifiedDate":"2020-05-23"},{"lineNumber":156,"author":{"gitId":"-"},"content":"","lastModifiedDate":"2020-05-23"},{"lineNumber":157,"author":{"gitId":"-"},"content":"","lastModifiedDate":"2020-05-23"},{"lineNumber":158,"author":{"gitId":"-"},"content":"/**","lastModifiedDate":"2020-05-23"},{"lineNumber":159,"author":{"gitId":"-"},"content":" * Code formatting","lastModifiedDate":"2020-05-23"},{"lineNumber":160,"author":{"gitId":"-"},"content":" */","lastModifiedDate":"2020-05-23"},{"lineNumber":161,"author":{"gitId":"-"},"content":"pre,","lastModifiedDate":"2020-05-23"},{"lineNumber":162,"author":{"gitId":"-"},"content":"code {","lastModifiedDate":"2020-05-23"},{"lineNumber":163,"author":{"gitId":"-"},"content":"  font-family: $code-font-family;","lastModifiedDate":"2020-05-23"},{"lineNumber":164,"author":{"gitId":"-"},"content":"  font-size: 0.9375em;","lastModifiedDate":"2020-05-23"},{"lineNumber":165,"author":{"gitId":"-"},"content":"  border: 1px solid $brand-color-light;","lastModifiedDate":"2020-05-23"},{"lineNumber":166,"author":{"gitId":"-"},"content":"  border-radius: 3px;","lastModifiedDate":"2020-05-23"},{"lineNumber":167,"author":{"gitId":"-"},"content":"  background-color: $code-background-color;","lastModifiedDate":"2020-05-23"},{"lineNumber":168,"author":{"gitId":"-"},"content":"}","lastModifiedDate":"2020-05-23"},{"lineNumber":169,"author":{"gitId":"-"},"content":"","lastModifiedDate":"2020-05-23"},{"lineNumber":170,"author":{"gitId":"-"},"content":"code {","lastModifiedDate":"2020-05-23"},{"lineNumber":171,"author":{"gitId":"-"},"content":"  padding: 1px 5px;","lastModifiedDate":"2020-05-23"},{"lineNumber":172,"author":{"gitId":"-"},"content":"}","lastModifiedDate":"2020-05-23"},{"lineNumber":173,"author":{"gitId":"-"},"content":"","lastModifiedDate":"2020-05-23"},{"lineNumber":174,"author":{"gitId":"-"},"content":"pre {","lastModifiedDate":"2020-05-23"},{"lineNumber":175,"author":{"gitId":"-"},"content":"  padding: 8px 12px;","lastModifiedDate":"2020-05-23"},{"lineNumber":176,"author":{"gitId":"-"},"content":"  overflow-x: auto;","lastModifiedDate":"2020-05-23"},{"lineNumber":177,"author":{"gitId":"-"},"content":"","lastModifiedDate":"2020-05-23"},{"lineNumber":178,"author":{"gitId":"-"},"content":"  \u003e code {","lastModifiedDate":"2020-05-23"},{"lineNumber":179,"author":{"gitId":"-"},"content":"    border: 0;","lastModifiedDate":"2020-05-23"},{"lineNumber":180,"author":{"gitId":"-"},"content":"    padding-right: 0;","lastModifiedDate":"2020-05-23"},{"lineNumber":181,"author":{"gitId":"-"},"content":"    padding-left: 0;","lastModifiedDate":"2020-05-23"},{"lineNumber":182,"author":{"gitId":"-"},"content":"  }","lastModifiedDate":"2020-05-23"},{"lineNumber":183,"author":{"gitId":"-"},"content":"}","lastModifiedDate":"2020-05-23"},{"lineNumber":184,"author":{"gitId":"-"},"content":"","lastModifiedDate":"2020-05-23"},{"lineNumber":185,"author":{"gitId":"-"},"content":".highlight {","lastModifiedDate":"2020-05-23"},{"lineNumber":186,"author":{"gitId":"-"},"content":"  border-radius: 3px;","lastModifiedDate":"2020-05-23"},{"lineNumber":187,"author":{"gitId":"-"},"content":"  background: $code-background-color;","lastModifiedDate":"2020-05-23"},{"lineNumber":188,"author":{"gitId":"-"},"content":"  @extend %vertical-rhythm;","lastModifiedDate":"2020-05-23"},{"lineNumber":189,"author":{"gitId":"-"},"content":"","lastModifiedDate":"2020-05-23"},{"lineNumber":190,"author":{"gitId":"-"},"content":"  .highlighter-rouge \u0026 {","lastModifiedDate":"2020-05-23"},{"lineNumber":191,"author":{"gitId":"-"},"content":"    background: $code-background-color;","lastModifiedDate":"2020-05-23"},{"lineNumber":192,"author":{"gitId":"-"},"content":"  }","lastModifiedDate":"2020-05-23"},{"lineNumber":193,"author":{"gitId":"-"},"content":"}","lastModifiedDate":"2020-05-23"},{"lineNumber":194,"author":{"gitId":"-"},"content":"","lastModifiedDate":"2020-05-23"},{"lineNumber":195,"author":{"gitId":"-"},"content":"","lastModifiedDate":"2020-05-23"},{"lineNumber":196,"author":{"gitId":"-"},"content":"","lastModifiedDate":"2020-05-23"},{"lineNumber":197,"author":{"gitId":"-"},"content":"/**","lastModifiedDate":"2020-05-23"},{"lineNumber":198,"author":{"gitId":"-"},"content":" * Wrapper","lastModifiedDate":"2020-05-23"},{"lineNumber":199,"author":{"gitId":"-"},"content":" */","lastModifiedDate":"2020-05-23"},{"lineNumber":200,"author":{"gitId":"-"},"content":".wrapper {","lastModifiedDate":"2020-05-23"},{"lineNumber":201,"author":{"gitId":"-"},"content":"  max-width: calc(#{$content-width} - (#{$spacing-unit}));","lastModifiedDate":"2020-05-23"},{"lineNumber":202,"author":{"gitId":"-"},"content":"  margin-right: auto;","lastModifiedDate":"2020-05-23"},{"lineNumber":203,"author":{"gitId":"-"},"content":"  margin-left: auto;","lastModifiedDate":"2020-05-23"},{"lineNumber":204,"author":{"gitId":"-"},"content":"  padding-right: $spacing-unit / 2;","lastModifiedDate":"2020-05-23"},{"lineNumber":205,"author":{"gitId":"-"},"content":"  padding-left: $spacing-unit / 2;","lastModifiedDate":"2020-05-23"},{"lineNumber":206,"author":{"gitId":"-"},"content":"  @extend %clearfix;","lastModifiedDate":"2020-05-23"},{"lineNumber":207,"author":{"gitId":"-"},"content":"","lastModifiedDate":"2020-05-23"},{"lineNumber":208,"author":{"gitId":"-"},"content":"  @media screen and (min-width: $on-large) {","lastModifiedDate":"2020-05-23"},{"lineNumber":209,"author":{"gitId":"-"},"content":"    max-width: calc(#{$content-width} - (#{$spacing-unit} * 2));","lastModifiedDate":"2020-05-23"},{"lineNumber":210,"author":{"gitId":"-"},"content":"    padding-right: $spacing-unit;","lastModifiedDate":"2020-05-23"},{"lineNumber":211,"author":{"gitId":"-"},"content":"    padding-left: $spacing-unit;","lastModifiedDate":"2020-05-23"},{"lineNumber":212,"author":{"gitId":"-"},"content":"  }","lastModifiedDate":"2020-05-23"},{"lineNumber":213,"author":{"gitId":"-"},"content":"}","lastModifiedDate":"2020-05-23"},{"lineNumber":214,"author":{"gitId":"-"},"content":"","lastModifiedDate":"2020-05-23"},{"lineNumber":215,"author":{"gitId":"-"},"content":"","lastModifiedDate":"2020-05-23"},{"lineNumber":216,"author":{"gitId":"-"},"content":"","lastModifiedDate":"2020-05-23"},{"lineNumber":217,"author":{"gitId":"-"},"content":"/**","lastModifiedDate":"2020-05-23"},{"lineNumber":218,"author":{"gitId":"-"},"content":" * Clearfix","lastModifiedDate":"2020-05-23"},{"lineNumber":219,"author":{"gitId":"-"},"content":" */","lastModifiedDate":"2020-05-23"},{"lineNumber":220,"author":{"gitId":"-"},"content":"%clearfix:after {","lastModifiedDate":"2020-05-23"},{"lineNumber":221,"author":{"gitId":"-"},"content":"  content: \"\";","lastModifiedDate":"2020-05-23"},{"lineNumber":222,"author":{"gitId":"-"},"content":"  display: table;","lastModifiedDate":"2020-05-23"},{"lineNumber":223,"author":{"gitId":"-"},"content":"  clear: both;","lastModifiedDate":"2020-05-23"},{"lineNumber":224,"author":{"gitId":"-"},"content":"}","lastModifiedDate":"2020-05-23"},{"lineNumber":225,"author":{"gitId":"-"},"content":"","lastModifiedDate":"2020-05-23"},{"lineNumber":226,"author":{"gitId":"-"},"content":"","lastModifiedDate":"2020-05-23"},{"lineNumber":227,"author":{"gitId":"-"},"content":"","lastModifiedDate":"2020-05-23"},{"lineNumber":228,"author":{"gitId":"-"},"content":"/**","lastModifiedDate":"2020-05-23"},{"lineNumber":229,"author":{"gitId":"-"},"content":" * Icons","lastModifiedDate":"2020-05-23"},{"lineNumber":230,"author":{"gitId":"-"},"content":" */","lastModifiedDate":"2020-05-23"},{"lineNumber":231,"author":{"gitId":"-"},"content":"","lastModifiedDate":"2020-05-23"},{"lineNumber":232,"author":{"gitId":"-"},"content":".orange {","lastModifiedDate":"2020-05-23"},{"lineNumber":233,"author":{"gitId":"-"},"content":"  color: #f66a0a;","lastModifiedDate":"2020-05-23"},{"lineNumber":234,"author":{"gitId":"-"},"content":"}","lastModifiedDate":"2020-05-23"},{"lineNumber":235,"author":{"gitId":"-"},"content":"","lastModifiedDate":"2020-05-23"},{"lineNumber":236,"author":{"gitId":"-"},"content":".grey {","lastModifiedDate":"2020-05-23"},{"lineNumber":237,"author":{"gitId":"-"},"content":"  color: #828282;","lastModifiedDate":"2020-05-23"},{"lineNumber":238,"author":{"gitId":"-"},"content":"}","lastModifiedDate":"2020-05-23"},{"lineNumber":239,"author":{"gitId":"-"},"content":"","lastModifiedDate":"2020-05-23"},{"lineNumber":240,"author":{"gitId":"-"},"content":"/**","lastModifiedDate":"2020-05-23"},{"lineNumber":241,"author":{"gitId":"-"},"content":" * Tables","lastModifiedDate":"2020-05-23"},{"lineNumber":242,"author":{"gitId":"-"},"content":" */","lastModifiedDate":"2020-05-23"},{"lineNumber":243,"author":{"gitId":"-"},"content":"table {","lastModifiedDate":"2020-05-23"},{"lineNumber":244,"author":{"gitId":"-"},"content":"  margin-bottom: $spacing-unit;","lastModifiedDate":"2020-05-23"},{"lineNumber":245,"author":{"gitId":"-"},"content":"  width: 100%;","lastModifiedDate":"2020-05-23"},{"lineNumber":246,"author":{"gitId":"-"},"content":"  text-align: $table-text-align;","lastModifiedDate":"2020-05-23"},{"lineNumber":247,"author":{"gitId":"-"},"content":"  color: $table-text-color;","lastModifiedDate":"2020-05-23"},{"lineNumber":248,"author":{"gitId":"-"},"content":"  border-collapse: collapse;","lastModifiedDate":"2020-05-23"},{"lineNumber":249,"author":{"gitId":"-"},"content":"  border: 1px solid $table-border-color;","lastModifiedDate":"2020-05-23"},{"lineNumber":250,"author":{"gitId":"-"},"content":"  tr {","lastModifiedDate":"2020-05-23"},{"lineNumber":251,"author":{"gitId":"-"},"content":"    \u0026:nth-child(even) {","lastModifiedDate":"2020-05-23"},{"lineNumber":252,"author":{"gitId":"-"},"content":"      background-color: $table-zebra-color;","lastModifiedDate":"2020-05-23"},{"lineNumber":253,"author":{"gitId":"-"},"content":"    }","lastModifiedDate":"2020-05-23"},{"lineNumber":254,"author":{"gitId":"-"},"content":"  }","lastModifiedDate":"2020-05-23"},{"lineNumber":255,"author":{"gitId":"-"},"content":"  th, td {","lastModifiedDate":"2020-05-23"},{"lineNumber":256,"author":{"gitId":"-"},"content":"    padding: ($spacing-unit / 3) ($spacing-unit / 2);","lastModifiedDate":"2020-05-23"},{"lineNumber":257,"author":{"gitId":"-"},"content":"  }","lastModifiedDate":"2020-05-23"},{"lineNumber":258,"author":{"gitId":"-"},"content":"  th {","lastModifiedDate":"2020-05-23"},{"lineNumber":259,"author":{"gitId":"-"},"content":"    background-color: $table-header-bg-color;","lastModifiedDate":"2020-05-23"},{"lineNumber":260,"author":{"gitId":"-"},"content":"    border: 1px solid $table-header-border;","lastModifiedDate":"2020-05-23"},{"lineNumber":261,"author":{"gitId":"-"},"content":"  }","lastModifiedDate":"2020-05-23"},{"lineNumber":262,"author":{"gitId":"-"},"content":"  td {","lastModifiedDate":"2020-05-23"},{"lineNumber":263,"author":{"gitId":"-"},"content":"    border: 1px solid $table-border-color;","lastModifiedDate":"2020-05-23"},{"lineNumber":264,"author":{"gitId":"-"},"content":"  }","lastModifiedDate":"2020-05-23"},{"lineNumber":265,"author":{"gitId":"-"},"content":"","lastModifiedDate":"2020-05-23"},{"lineNumber":266,"author":{"gitId":"-"},"content":"  @include media-query($on-laptop) {","lastModifiedDate":"2020-05-23"},{"lineNumber":267,"author":{"gitId":"-"},"content":"    display: block;","lastModifiedDate":"2020-05-23"},{"lineNumber":268,"author":{"gitId":"-"},"content":"    overflow-x: auto;","lastModifiedDate":"2020-05-23"},{"lineNumber":269,"author":{"gitId":"-"},"content":"    -webkit-overflow-scrolling: touch;","lastModifiedDate":"2020-05-23"},{"lineNumber":270,"author":{"gitId":"-"},"content":"            -ms-overflow-style: -ms-autohiding-scrollbar;","lastModifiedDate":"2020-05-23"},{"lineNumber":271,"author":{"gitId":"-"},"content":"  }","lastModifiedDate":"2020-05-23"},{"lineNumber":272,"author":{"gitId":"-"},"content":"}","lastModifiedDate":"2020-05-23"},{"lineNumber":273,"author":{"gitId":"-"},"content":"","lastModifiedDate":"2021-01-11"},{"lineNumber":274,"author":{"gitId":"-"},"content":"@media print {","lastModifiedDate":"2021-01-12"},{"lineNumber":275,"author":{"gitId":"-"},"content":"  /**","lastModifiedDate":"2021-01-11"},{"lineNumber":276,"author":{"gitId":"-"},"content":"  * Prevents page break from cutting through content when printing","lastModifiedDate":"2021-01-12"},{"lineNumber":277,"author":{"gitId":"-"},"content":"  */","lastModifiedDate":"2021-01-11"},{"lineNumber":278,"author":{"gitId":"-"},"content":"  body {","lastModifiedDate":"2021-01-11"},{"lineNumber":279,"author":{"gitId":"-"},"content":"    display: block;","lastModifiedDate":"2021-01-11"},{"lineNumber":280,"author":{"gitId":"-"},"content":"  }","lastModifiedDate":"2021-01-11"},{"lineNumber":281,"author":{"gitId":"-"},"content":"  /**","lastModifiedDate":"2021-01-12"},{"lineNumber":282,"author":{"gitId":"-"},"content":"  * Replaces the top navigation menu with the project name when printing","lastModifiedDate":"2021-01-12"},{"lineNumber":283,"author":{"gitId":"-"},"content":"  */","lastModifiedDate":"2021-01-12"},{"lineNumber":284,"author":{"gitId":"-"},"content":"  .site-header .wrapper {","lastModifiedDate":"2021-01-12"},{"lineNumber":285,"author":{"gitId":"-"},"content":"    display: none;","lastModifiedDate":"2021-01-12"},{"lineNumber":286,"author":{"gitId":"-"},"content":"  }","lastModifiedDate":"2021-01-12"},{"lineNumber":287,"author":{"gitId":"-"},"content":"  .site-header {","lastModifiedDate":"2021-01-12"},{"lineNumber":288,"author":{"gitId":"-"},"content":"    text-align: center;","lastModifiedDate":"2021-01-12"},{"lineNumber":289,"author":{"gitId":"-"},"content":"  }","lastModifiedDate":"2021-01-12"},{"lineNumber":290,"author":{"gitId":"-"},"content":"  .site-header:before {","lastModifiedDate":"2021-01-12"},{"lineNumber":291,"author":{"gitId":"l-shihao"},"content":"    content: \"Team3 tP\";","lastModifiedDate":"2022-02-25"},{"lineNumber":292,"author":{"gitId":"-"},"content":"    font-size: 32px;","lastModifiedDate":"2021-01-12"},{"lineNumber":293,"author":{"gitId":"-"},"content":"  }","lastModifiedDate":"2021-01-11"},{"lineNumber":294,"author":{"gitId":"-"},"content":"}","lastModifiedDate":"2021-01-12"},{"lineNumber":295,"author":{"gitId":"-"},"content":"","lastModifiedDate":"2021-01-12"}],"authorContributionMap":{"l-shihao":1,"-":294}},{"path":"docs/team/[TIC4002-F18-3][Li Shihao]PPP.md","fileType":"docs","lines":[{"lineNumber":1,"author":{"gitId":"l-shihao"},"content":"","lastModifiedDate":"2022-02-25"},{"lineNumber":2,"author":{"gitId":"l-shihao"},"content":"","lastModifiedDate":"2022-02-25"},{"lineNumber":3,"author":{"gitId":"l-shihao"},"content":"## Documentation","lastModifiedDate":"2022-02-25"},{"lineNumber":4,"author":{"gitId":"l-shihao"},"content":"","lastModifiedDate":"2022-02-25"},{"lineNumber":5,"author":{"gitId":"l-shihao"},"content":"+ AboutUs.md","lastModifiedDate":"2022-02-25"},{"lineNumber":6,"author":{"gitId":"l-shihao"},"content":"  1. [PR#17](https://github.com/AY2122S2-TIC4002-F18-3/tp2/pull/18/files)","lastModifiedDate":"2022-02-25"},{"lineNumber":7,"author":{"gitId":"l-shihao"},"content":"  2. [PR#20](https://github.com/AY2122S2-TIC4002-F18-3/tp2/pull/20/files)","lastModifiedDate":"2022-02-25"},{"lineNumber":8,"author":{"gitId":"l-shihao"},"content":"+ User Guide","lastModifiedDate":"2022-02-25"},{"lineNumber":9,"author":{"gitId":"l-shihao"},"content":"  1. [PR](https://github.com/AY2122S2-TIC4002-F18-3/tp2/pull/23/files)","lastModifiedDate":"2022-02-25"},{"lineNumber":10,"author":{"gitId":"l-shihao"},"content":"  2. [PR]()","lastModifiedDate":"2022-02-25"},{"lineNumber":11,"author":{"gitId":"l-shihao"},"content":"","lastModifiedDate":"2022-02-25"}],"authorContributionMap":{"l-shihao":11}},{"path":"docs/team/yinyin377.md","fileType":"docs","lines":[{"lineNumber":1,"author":{"gitId":"yinyin377"},"content":"# Lim Wan Yin - Project Portfolio Page","lastModifiedDate":"2022-02-18"},{"lineNumber":2,"author":{"gitId":"yinyin377"},"content":"","lastModifiedDate":"2022-02-18"},{"lineNumber":3,"author":{"gitId":"yinyin377"},"content":"## Project: JustBook App v3.0 Overview","lastModifiedDate":"2022-02-18"},{"lineNumber":4,"author":{"gitId":"yinyin377"},"content":"JustBook - Version 3.0 is a desktop application typically designed for use by a modern poly or JC student, in","lastModifiedDate":"2022-02-18"},{"lineNumber":5,"author":{"gitId":"yinyin377"},"content":"registering his or her personal bookings or appointments. It leverages on an online database storage facility, backed by","lastModifiedDate":"2022-02-18"},{"lineNumber":6,"author":{"gitId":"yinyin377"},"content":"an offline backup file. The user interacts with it using a CLI. It is written in Java(ver. 11), and has about 702 LoC.","lastModifiedDate":"2022-02-18"},{"lineNumber":7,"author":{"gitId":"yinyin377"},"content":"","lastModifiedDate":"2022-02-18"},{"lineNumber":8,"author":{"gitId":"yinyin377"},"content":"### Summary of Contributions","lastModifiedDate":"2022-02-18"},{"lineNumber":9,"author":{"gitId":"yinyin377"},"content":"- Feature: `save` command - the ability to save all bookings or appointments up to point of saving.","lastModifiedDate":"2022-02-18"},{"lineNumber":10,"author":{"gitId":"yinyin377"},"content":"   - What it does: helps the user to save records up to saving point.","lastModifiedDate":"2022-02-18"},{"lineNumber":11,"author":{"gitId":"yinyin377"},"content":"   - Justification: This feature is to help a student user save their work fast on the go.","lastModifiedDate":"2022-02-18"},{"lineNumber":12,"author":{"gitId":"yinyin377"},"content":"   - Highlights: This command helps to save existing records, after any command to modify has been used.","lastModifiedDate":"2022-02-18"},{"lineNumber":13,"author":{"gitId":"yinyin377"},"content":"","lastModifiedDate":"2022-02-18"},{"lineNumber":14,"author":{"gitId":"yinyin377"},"content":"- Feature: `onLoad` command - load all bookings or appointments records from previous sessions at start up.","lastModifiedDate":"2022-02-18"},{"lineNumber":15,"author":{"gitId":"yinyin377"},"content":"  - What it does: allows the user to load all the bookings or appointment at start up so that user do not need to re-create them everytime they log in.","lastModifiedDate":"2022-02-18"},{"lineNumber":16,"author":{"gitId":"yinyin377"},"content":"  - Justification: This feature is to help a busy student user to load appointments without the need to enter all details again.","lastModifiedDate":"2022-02-18"},{"lineNumber":17,"author":{"gitId":"yinyin377"},"content":"  - Highlights: This command helps to load existing records from previous session (if any) at program start up.","lastModifiedDate":"2022-02-18"},{"lineNumber":18,"author":{"gitId":"yinyin377"},"content":"","lastModifiedDate":"2022-02-18"},{"lineNumber":19,"author":{"gitId":"yinyin377"},"content":"- Feature: `show /b STARTDATE ENDDATE` command - show all bookings or appointments records within date range.","lastModifiedDate":"2022-02-18"},{"lineNumber":20,"author":{"gitId":"yinyin377"},"content":"  - What to key in date parameter: key in start date before end date of the desired range in yyyy-mm-dd format.","lastModifiedDate":"2022-02-18"},{"lineNumber":21,"author":{"gitId":"yinyin377"},"content":"  - What it does: allows the user to view all the bookings or appointment for indicated time period so that user have a clear distinct view of appointments within specified time frame.","lastModifiedDate":"2022-02-18"},{"lineNumber":22,"author":{"gitId":"yinyin377"},"content":"  - Justification: This feature is to help a structured student user to view appointments within specified time frame.","lastModifiedDate":"2022-02-18"},{"lineNumber":23,"author":{"gitId":"yinyin377"},"content":"","lastModifiedDate":"2022-02-18"},{"lineNumber":24,"author":{"gitId":"yinyin377"},"content":"- Feature: `del /b STARTDATE ENDDATE` command - delete all bookings or appointments records within date range.","lastModifiedDate":"2022-02-18"},{"lineNumber":25,"author":{"gitId":"yinyin377"},"content":"  - What to key in date parameter: key in start date before end date of the desired range in yyyy-mm-dd format.","lastModifiedDate":"2022-02-18"},{"lineNumber":26,"author":{"gitId":"yinyin377"},"content":"  - What it does: allows the user to delete all the bookings or appointment for indicated time period so that user can delete a list of appointments within specified time frame.","lastModifiedDate":"2022-02-18"},{"lineNumber":27,"author":{"gitId":"yinyin377"},"content":"  - Justification: This feature is to help a efficient student user to delete list of appointments within specified time frame in one step.","lastModifiedDate":"2022-02-18"},{"lineNumber":28,"author":{"gitId":"yinyin377"},"content":"","lastModifiedDate":"2022-02-18"},{"lineNumber":29,"author":{"gitId":"yinyin377"},"content":"- Code contributed: [Team04_yinyin377](https://nus-tic4001-ay2122s1.github.io/tp-dashboard/?search\u003dyinyin377\u0026breakdown\u003dtrue\u0026sort\u003dgroupTitle\u0026sortWithin\u003dtitle\u0026since\u003d2021-09-17\u0026timeframe\u003dcommit\u0026mergegroup\u003d\u0026groupSelect\u003dgroupByRepos\u0026checkedFileTypes\u003ddocs~functional-code~test-code~other)","lastModifiedDate":"2022-02-18"},{"lineNumber":30,"author":{"gitId":"yinyin377"},"content":"","lastModifiedDate":"2022-02-18"},{"lineNumber":31,"author":{"gitId":"yinyin377"},"content":"- Project management:","lastModifiedDate":"2022-02-18"},{"lineNumber":32,"author":{"gitId":"yinyin377"},"content":"  - Contributed to releases v1.0 - v3.0 (3 releases) on GitHub","lastModifiedDate":"2022-02-18"},{"lineNumber":33,"author":{"gitId":"yinyin377"},"content":"  - Administrator Team of Team Repo","lastModifiedDate":"2022-02-18"},{"lineNumber":34,"author":{"gitId":"yinyin377"},"content":"","lastModifiedDate":"2022-02-18"},{"lineNumber":35,"author":{"gitId":"yinyin377"},"content":"- Enhancements to existing features:","lastModifiedDate":"2022-02-18"},{"lineNumber":36,"author":{"gitId":"yinyin377"},"content":"  - Implemented loading error for assert statements upon file processing","lastModifiedDate":"2022-02-18"},{"lineNumber":37,"author":{"gitId":"yinyin377"},"content":"  - Implementation of all features above by reusing the standardized mechanism across team member\u0027s work, to","lastModifiedDate":"2022-02-18"},{"lineNumber":38,"author":{"gitId":"yinyin377"},"content":"    work synchronicity and avoid unnecessary duplication of code in codebase.","lastModifiedDate":"2022-02-18"},{"lineNumber":39,"author":{"gitId":"yinyin377"},"content":"  - Implemented 2 JUnit tests ([59](https://github.com/AY2122S1-TIC4001-F18-4/tp/pull/59),","lastModifiedDate":"2022-02-18"},{"lineNumber":40,"author":{"gitId":"yinyin377"},"content":"  [60](https://github.com/AY2122S1-TIC4001-F18-4/tp/pull/60))","lastModifiedDate":"2022-02-18"},{"lineNumber":41,"author":{"gitId":"yinyin377"},"content":"","lastModifiedDate":"2022-02-18"},{"lineNumber":42,"author":{"gitId":"yinyin377"},"content":"","lastModifiedDate":"2022-02-18"},{"lineNumber":43,"author":{"gitId":"yinyin377"},"content":"- Documentation:","lastModifiedDate":"2022-02-18"},{"lineNumber":44,"author":{"gitId":"yinyin377"},"content":"  - **User Guide**:","lastModifiedDate":"2022-02-18"},{"lineNumber":45,"author":{"gitId":"yinyin377"},"content":"    - Added documentation for the features: `Load Application`, `show range`, `delete range` and `save`.","lastModifiedDate":"2022-02-18"},{"lineNumber":46,"author":{"gitId":"yinyin377"},"content":"    - FAQ","lastModifiedDate":"2022-02-18"},{"lineNumber":47,"author":{"gitId":"yinyin377"},"content":"    - Command Summary","lastModifiedDate":"2022-02-18"},{"lineNumber":48,"author":{"gitId":"yinyin377"},"content":"  - **Developer Guide**:","lastModifiedDate":"2022-02-18"},{"lineNumber":49,"author":{"gitId":"yinyin377"},"content":"    - Target User Profile","lastModifiedDate":"2022-02-18"},{"lineNumber":50,"author":{"gitId":"yinyin377"},"content":"    - JustBook\u0027s Value Proposition","lastModifiedDate":"2022-02-18"},{"lineNumber":51,"author":{"gitId":"yinyin377"},"content":"    - Non-Functional Requirements","lastModifiedDate":"2022-02-18"},{"lineNumber":52,"author":{"gitId":"yinyin377"},"content":"    - User Stories","lastModifiedDate":"2022-02-18"},{"lineNumber":53,"author":{"gitId":"yinyin377"},"content":"    - Sample instruction","lastModifiedDate":"2022-02-18"},{"lineNumber":54,"author":{"gitId":"yinyin377"},"content":"  - **About Us**:","lastModifiedDate":"2022-02-18"},{"lineNumber":55,"author":{"gitId":"yinyin377"},"content":"    - Link all team member\u0027s PPP","lastModifiedDate":"2022-02-18"},{"lineNumber":56,"author":{"gitId":"yinyin377"},"content":"  - **PPP Guide**:","lastModifiedDate":"2022-02-18"},{"lineNumber":57,"author":{"gitId":"yinyin377"},"content":"    - [yinyin377](yinyin377.md)","lastModifiedDate":"2022-02-18"},{"lineNumber":58,"author":{"gitId":"yinyin377"},"content":"","lastModifiedDate":"2022-02-18"},{"lineNumber":59,"author":{"gitId":"yinyin377"},"content":"","lastModifiedDate":"2022-02-18"},{"lineNumber":60,"author":{"gitId":"yinyin377"},"content":"- Community:","lastModifiedDate":"2022-02-18"},{"lineNumber":61,"author":{"gitId":"yinyin377"},"content":"  - Administrator for the Team Repo maintenance and operations","lastModifiedDate":"2022-02-18"},{"lineNumber":62,"author":{"gitId":"yinyin377"},"content":"  - PRs reviewed ([#14](https://github.com/AY2122S1-TIC4001-F18-4/tp/pull/14),","lastModifiedDate":"2022-02-18"},{"lineNumber":63,"author":{"gitId":"yinyin377"},"content":"    [#20](https://github.com/AY2122S1-TIC4001-F18-4/tp/pull/20),","lastModifiedDate":"2022-02-18"},{"lineNumber":64,"author":{"gitId":"yinyin377"},"content":"    [#21](https://github.com/AY2122S1-TIC4001-F18-4/tp/pull/21),","lastModifiedDate":"2022-02-18"},{"lineNumber":65,"author":{"gitId":"yinyin377"},"content":"    [#28](https://github.com/AY2122S1-TIC4001-F18-4/tp/pull/28),","lastModifiedDate":"2022-02-18"},{"lineNumber":66,"author":{"gitId":"yinyin377"},"content":"    [#58](https://github.com/AY2122S1-TIC4001-F18-4/tp/pull/58))","lastModifiedDate":"2022-02-18"}],"authorContributionMap":{"yinyin377":66}}]
