{"authorDailyContributionsMap":{"jr-mojito":[{"date":"2022-02-17","commitResults":[{"hash":"ec69ec0358f5ec74a5bfa50e3168d8dc0da442dd","messageTitle":"Update AboutUs markdown","messageBody":"","fileTypesAndContributionMap":{"docs":{"insertions":4,"deletions":5}}},{"hash":"98ea43a2fd995957d5fdcf73ffebb74ac51de00d","messageTitle":"Update aboutus","messageBody":"","fileTypesAndContributionMap":{"docs":{"insertions":1,"deletions":1}}},{"hash":"da7b874de97d9705932e126409eb5cadb64015e2","messageTitle":"Update aboutus","messageBody":"","fileTypesAndContributionMap":{"docs":{"insertions":4,"deletions":3}}},{"hash":"fcccc34e160c20773f323c0dc8616110cb276b16","messageTitle":"Update README","messageBody":"","fileTypesAndContributionMap":{"docs":{"insertions":2,"deletions":2}}},{"hash":"b8743c9c0290fc054b98d35aaa731e69cf8374de","messageTitle":"Update Website Adapted Task","messageBody":"","fileTypesAndContributionMap":{"docs":{"insertions":12,"deletions":21}}},{"hash":"5649db3dbd57a663927066f12ed8b9711a5c7ec2","messageTitle":"Update UG/DG","messageBody":"","fileTypesAndContributionMap":{"docs":{"insertions":49,"deletions":157}}},{"hash":"87d998719b7e959531bee52c9528ccc4d6855dfa","messageTitle":"Update Index markdown","messageBody":"","fileTypesAndContributionMap":{"docs":{"insertions":2,"deletions":2}}}]},{"date":"2022-02-18","commitResults":[{"hash":"06a91be424bdec9e42f427a5506863fb10f67334","messageTitle":"Modify README and AboutUs","messageBody":"","fileTypesAndContributionMap":{"docs":{"insertions":7,"deletions":7}}},{"hash":"80317f91717c58a0843093efacde6b225e7bd17b","messageTitle":"Modify png format \u0026 README","messageBody":"","fileTypesAndContributionMap":{"docs":{"insertions":2,"deletions":6}}},{"hash":"43d26394a2e86399e71579a70637630e2dc00d45","messageTitle":"Modify README","messageBody":"","fileTypesAndContributionMap":{"docs":{"insertions":1,"deletions":1}}},{"hash":"fdd20b1c7f08faed5626917312733b66263168d5","messageTitle":"Modify README","messageBody":"","fileTypesAndContributionMap":{"docs":{"insertions":3,"deletions":5}}}]}],"yinyin377":[{"date":"2022-02-18","commitResults":[{"hash":"754e6c35d452b4ab64cc86b2fd06a69edaedb59a","messageTitle":"update aboutus for yinyin377","messageBody":"","fileTypesAndContributionMap":{"docs":{"insertions":76,"deletions":9}}},{"hash":"e7f6464fdef28f4f073eb2fa516cbc9a9ec67057","messageTitle":"update aboutus for yinyin377","messageBody":"","fileTypesAndContributionMap":{"docs":{"insertions":1,"deletions":1}}}]},{"date":"2022-03-03","commitResults":[{"hash":"168ad4688080dd8aeb2a798a161b6d040486b967","messageTitle":"update acknowledgements","messageBody":"","fileTypesAndContributionMap":{"docs":{"insertions":1,"deletions":0}}},{"hash":"0aa9b560201ba5d9d28d6eb537f6cc491ab89023","messageTitle":"update user stories","messageBody":"","fileTypesAndContributionMap":{"docs":{"insertions":20,"deletions":1}}},{"hash":"7c7e1b1fd8edba3f1bfe1b723e7cfc744709da02","messageTitle":"update user stories","messageBody":"","fileTypesAndContributionMap":{"docs":{"insertions":1,"deletions":1}}}]}],"chenghuiyuan":[],"l-shihao":[{"date":"2022-02-24","commitResults":[{"hash":"baec6801419db52c6aaa770f5397456177733e53","messageTitle":"Update AboutUS.md","messageBody":"","fileTypesAndContributionMap":{"docs":{"insertions":6,"deletions":36}}},{"hash":"b9acb7e5552e69145df1626098252b323b7ca274","messageTitle":"Update pic width","messageBody":"","fileTypesAndContributionMap":{"docs":{"insertions":1,"deletions":1}}},{"hash":"52c00c603aea793d6eab753c97c41b5d5ac8435a","messageTitle":"Update pic width","messageBody":"","fileTypesAndContributionMap":{"docs":{"insertions":1,"deletions":1}}},{"hash":"5f9f65e572639b51d4bab0c6dd9a8f3670edcdef","messageTitle":"Update pic width","messageBody":"","fileTypesAndContributionMap":{"docs":{"insertions":1,"deletions":1}}},{"hash":"1d7c657b3caf459051f4950384c5356466b2d012","messageTitle":"Update pic width","messageBody":"","fileTypesAndContributionMap":{"docs":{"insertions":1,"deletions":1}}}]},{"date":"2022-02-25","commitResults":[{"hash":"05bee6a7a17aa41ad668f174fc26bdd9fb306d4c","messageTitle":"Update README.md to add acknowledge","messageBody":"Acknowledge the original source of AddressBook-Level3","fileTypesAndContributionMap":{"docs":{"insertions":5,"deletions":0}}},{"hash":"2a25fb06b3e340158bc08d7dd34129210d00d9d5","messageTitle":"Update UG #22","messageBody":"","fileTypesAndContributionMap":{"docs":{"insertions":68,"deletions":11}}},{"hash":"da2a6e0d5f49d836e13b863072a4c0b9d17d8e69","messageTitle":"Fix checkstyle, mainly tailing whitespaces","messageBody":"","fileTypesAndContributionMap":{"docs":{"insertions":18,"deletions":17}}},{"hash":"677708eb63f34a00322431da25d862ad63b00d73","messageTitle":"Fix checkstyle","messageBody":"","fileTypesAndContributionMap":{"docs":{"insertions":1,"deletions":1}}}]}]},"authorFileTypeContributionMap":{"jr-mojito":{"docs":44,"functional-code":0,"test-code":0},"yinyin377":{"docs":87,"functional-code":0,"test-code":0},"chenghuiyuan":{"docs":0,"functional-code":0,"test-code":0},"l-shihao":{"docs":68,"functional-code":0,"test-code":0,"other":1}},"authorContributionVariance":{"jr-mojito":3192.7903,"yinyin377":359.9185,"chenghuiyuan":0.0,"l-shihao":749.9318},"authorDisplayNameMap":{"jr-mojito":"TIC4002-F18-3 LIM ..YONG","yinyin377":"TIC4002-F18-3 LIM .. YIN","chenghuiyuan":"TIC4002-F18-3 CHEN..YUAN","l-shihao":"TIC4002-F18-3 LI S..IHAO"}}
