{"authorDailyContributionsMap":{"jr-mojito":[{"date":"2022-02-17","commitResults":[{"hash":"ec69ec0358f5ec74a5bfa50e3168d8dc0da442dd","messageTitle":"Update AboutUs markdown","messageBody":"","fileTypesAndContributionMap":{"docs":{"insertions":4,"deletions":5}}},{"hash":"98ea43a2fd995957d5fdcf73ffebb74ac51de00d","messageTitle":"Update aboutus","messageBody":"","fileTypesAndContributionMap":{"docs":{"insertions":1,"deletions":1}}},{"hash":"da7b874de97d9705932e126409eb5cadb64015e2","messageTitle":"Update aboutus","messageBody":"","fileTypesAndContributionMap":{"docs":{"insertions":4,"deletions":3}}},{"hash":"fcccc34e160c20773f323c0dc8616110cb276b16","messageTitle":"Update README","messageBody":"","fileTypesAndContributionMap":{"docs":{"insertions":2,"deletions":2}}},{"hash":"b8743c9c0290fc054b98d35aaa731e69cf8374de","messageTitle":"Update Website Adapted Task","messageBody":"","fileTypesAndContributionMap":{"docs":{"insertions":12,"deletions":21}}},{"hash":"5649db3dbd57a663927066f12ed8b9711a5c7ec2","messageTitle":"Update UG/DG","messageBody":"","fileTypesAndContributionMap":{"docs":{"insertions":49,"deletions":157}}},{"hash":"87d998719b7e959531bee52c9528ccc4d6855dfa","messageTitle":"Update Index markdown","messageBody":"","fileTypesAndContributionMap":{"docs":{"insertions":2,"deletions":2}}}]},{"date":"2022-02-18","commitResults":[{"hash":"06a91be424bdec9e42f427a5506863fb10f67334","messageTitle":"Modify README and AboutUs","messageBody":"","fileTypesAndContributionMap":{"docs":{"insertions":7,"deletions":7}}},{"hash":"80317f91717c58a0843093efacde6b225e7bd17b","messageTitle":"Modify png format \u0026 README","messageBody":"","fileTypesAndContributionMap":{"docs":{"insertions":2,"deletions":6}}},{"hash":"43d26394a2e86399e71579a70637630e2dc00d45","messageTitle":"Modify README","messageBody":"","fileTypesAndContributionMap":{"docs":{"insertions":1,"deletions":1}}},{"hash":"fdd20b1c7f08faed5626917312733b66263168d5","messageTitle":"Modify README","messageBody":"","fileTypesAndContributionMap":{"docs":{"insertions":3,"deletions":5}}}]},{"date":"2022-03-11","commitResults":[{"hash":"843adb4913d3d6db03d6b5b15d0287bdc84d2fb8","messageTitle":"Add Record Students Birthday","messageBody":"","fileTypesAndContributionMap":{"functional-code":{"insertions":140,"deletions":16}}},{"hash":"9d2db31450d444735c1408b7ecc0584fe0f0df7f","messageTitle":"Modify Record Students Birthday","messageBody":"","fileTypesAndContributionMap":{"functional-code":{"insertions":30,"deletions":24}}},{"hash":"2356a61b6c8c41128348137964a7c966a9184295","messageTitle":"Modify code for checkstyle error","messageBody":"","fileTypesAndContributionMap":{"functional-code":{"insertions":30,"deletions":23}}},{"hash":"f5551f23367a764ef628bda00a132ad89f84b17f","messageTitle":"Modify code for checkstyle error","messageBody":"","fileTypesAndContributionMap":{"functional-code":{"insertions":6,"deletions":6}}},{"hash":"37800a4e2eb625c46116a4d46f266557c1cd7f9e","messageTitle":"Modify code for checkstyle error","messageBody":"","fileTypesAndContributionMap":{"functional-code":{"insertions":2,"deletions":2}}},{"hash":"3830b2ee35716037e1c462565e1d4f2356abfd2e","messageTitle":"Modify code for checkstyle error","messageBody":"","fileTypesAndContributionMap":{"functional-code":{"insertions":2,"deletions":2}}},{"hash":"49abc47d9beecdf8835ed33c3b37520e904271b3","messageTitle":"Modify code for checkstyle error","messageBody":"","fileTypesAndContributionMap":{"functional-code":{"insertions":2,"deletions":2}}},{"hash":"80dab9120e44b8632397bbd97df2d8d767053de9","messageTitle":"Modify code for lexicographical order checkstyle error","messageBody":"","fileTypesAndContributionMap":{"functional-code":{"insertions":2,"deletions":2}}},{"hash":"6b41137ce1df2967d5555f0901f4ed214c5e2bde","messageTitle":"Modify code for Test error","messageBody":"","fileTypesAndContributionMap":{"test-code":{"insertions":11,"deletions":9}}},{"hash":"006445e689df456aa445d57acb46aaf712e684f2","messageTitle":"Modify code for Constructor Test error","messageBody":"","fileTypesAndContributionMap":{"test-code":{"insertions":16,"deletions":1}}},{"hash":"7abb70fc1355d339df4d38f8e3f038b94b053939","messageTitle":"Modify code for Checkstyle error","messageBody":"","fileTypesAndContributionMap":{"test-code":{"insertions":16,"deletions":8}}},{"hash":"11535dc8434741f985936c2a7c54392db1f3c8b2","messageTitle":"Test Checkstyle error","messageBody":"","fileTypesAndContributionMap":{"test-code":{"insertions":1371,"deletions":1371}}},{"hash":"6fe2eb0dacafe8a50e2de8134c7ff13bf89b65fe","messageTitle":"Test Checkstyle error","messageBody":"","fileTypesAndContributionMap":{"test-code":{"insertions":6,"deletions":3}}},{"hash":"9f736309005bd259445f028e011a33e134b54114","messageTitle":"Modify Test Error","messageBody":"","fileTypesAndContributionMap":{"test-code":{"insertions":335,"deletions":335}}}]},{"date":"2022-03-18","commitResults":[{"hash":"e14276a84dc8d6235f385dac6cf5e85ed361f532","messageTitle":"Add Edit Birthday Feature","messageBody":"","fileTypesAndContributionMap":{"functional-code":{"insertions":9,"deletions":5},"test-code":{"insertions":10,"deletions":0}}},{"hash":"5000acacda8e72cc770dee0997d3d7e744a03b8e","messageTitle":"Modify code for Checkstyle Error","messageBody":"","fileTypesAndContributionMap":{"functional-code":{"insertions":2,"deletions":1}}},{"hash":"3ec1576b21e69fde812d2ba282bba2f975cebb46","messageTitle":"Enabled Assertions in the team repo","messageBody":"","fileTypesAndContributionMap":{"other":{"insertions":5,"deletions":0}}},{"hash":"d4515e5c0c164e5564a9a464cbeeb97fe8a82e21","messageTitle":"Add Logging Info","messageBody":"","fileTypesAndContributionMap":{"functional-code":{"insertions":7,"deletions":0}}},{"hash":"d58e62f8d36f65b196b28d5ffc372a4d0cd3d97c","messageTitle":"Update DG Draft with new feature implement","messageBody":"","fileTypesAndContributionMap":{"docs":{"insertions":8,"deletions":1}}},{"hash":"b016955fd56fb56720a7afb1d31bc683c6647da6","messageTitle":"Modify import for Checkstyle Error","messageBody":"","fileTypesAndContributionMap":{"functional-code":{"insertions":0,"deletions":1}}},{"hash":"36b3ec47c1a1885c9b224a2e04a1d797709c259d","messageTitle":"Modify import for Checkstyle Error","messageBody":"","fileTypesAndContributionMap":{"functional-code":{"insertions":1,"deletions":1}}}]}],"yinyin377":[{"date":"2022-02-18","commitResults":[{"hash":"754e6c35d452b4ab64cc86b2fd06a69edaedb59a","messageTitle":"update aboutus for yinyin377","messageBody":"","fileTypesAndContributionMap":{"docs":{"insertions":76,"deletions":9}}},{"hash":"e7f6464fdef28f4f073eb2fa516cbc9a9ec67057","messageTitle":"update aboutus for yinyin377","messageBody":"","fileTypesAndContributionMap":{"docs":{"insertions":1,"deletions":1}}}]},{"date":"2022-03-03","commitResults":[{"hash":"168ad4688080dd8aeb2a798a161b6d040486b967","messageTitle":"update acknowledgements","messageBody":"","fileTypesAndContributionMap":{"docs":{"insertions":1,"deletions":0}}},{"hash":"0aa9b560201ba5d9d28d6eb537f6cc491ab89023","messageTitle":"update user stories","messageBody":"","fileTypesAndContributionMap":{"docs":{"insertions":20,"deletions":1}}},{"hash":"7c7e1b1fd8edba3f1bfe1b723e7cfc744709da02","messageTitle":"update user stories","messageBody":"","fileTypesAndContributionMap":{"docs":{"insertions":1,"deletions":1}}}]},{"date":"2022-03-11","commitResults":[{"hash":"ebdccc360a92523003a3f95666d36389b62f60c2","messageTitle":"create filter command to filter person with specified tag","messageBody":"","fileTypesAndContributionMap":{"functional-code":{"insertions":140,"deletions":0}}},{"hash":"423e4f28ed7db690beadcea339fb6d676f8783f3","messageTitle":"fixing checkstyle","messageBody":"","fileTypesAndContributionMap":{"functional-code":{"insertions":10,"deletions":10}}}]},{"date":"2022-03-17","commitResults":[{"hash":"df08fc2ef412076ebea8eac23ff1d29a10e0d0c0","messageTitle":"tutorial-adding-command","messageBody":"","fileTypesAndContributionMap":{"functional-code":{"insertions":81,"deletions":11},"docs":{"insertions":21,"deletions":6}}},{"hash":"84b78f1a559bffbd821ea9b7917fd8d7f8377b7d","messageTitle":"fix checkstyle","messageBody":"","fileTypesAndContributionMap":{"functional-code":{"insertions":18,"deletions":6}}}]},{"date":"2022-03-20","commitResults":[{"hash":"6989b239d0ec587f08ccc3a232b0bc056f2a1c4c","messageTitle":"add in filter for birthday","messageBody":"","fileTypesAndContributionMap":{"functional-code":{"insertions":112,"deletions":0}}}]},{"date":"2022-03-22","commitResults":[{"hash":"eaefa3413ed596152ad5e108a2996977c404419f","messageTitle":"update user guide for filter and birthday command","messageBody":"","fileTypesAndContributionMap":{"functional-code":{"insertions":43,"deletions":6},"docs":{"insertions":25,"deletions":0}}},{"hash":"10c7ee726549a55c4a6574b2500c54112a2986ec","messageTitle":"checkstyle fix","messageBody":"","fileTypesAndContributionMap":{"functional-code":{"insertions":3,"deletions":4}}}]}],"chenghuiyuan":[{"date":"2022-03-04","commitResults":[{"hash":"d5c2cdb6b22653d27a7c574e12681048a74d68b3","messageTitle":"Add undo command (pending: undo delete, clear and edit)","messageBody":"","fileTypesAndContributionMap":{"functional-code":{"insertions":200,"deletions":32}}},{"hash":"1734dd1a54910eaf39b213d6f46f882e5e9b14e7","messageTitle":"Fix tests","messageBody":"","fileTypesAndContributionMap":{"functional-code":{"insertions":5,"deletions":1},"test-code":{"insertions":54,"deletions":21}}},{"hash":"fc5bda3aa383e937e908189f630d88829d50c0ae","messageTitle":"Update documentation","messageBody":"","fileTypesAndContributionMap":{"docs":{"insertions":1,"deletions":1}}},{"hash":"474da6a0f9b64132684c9a9d1622013ffa289aa0","messageTitle":"Add PPP","messageBody":"","fileTypesAndContributionMap":{"docs":{"insertions":13,"deletions":0}}},{"hash":"b5b848db3f4105dd47d9e2145cc3a50150010c7c","messageTitle":"Change pic","messageBody":"","fileTypesAndContributionMap":{"docs":{"insertions":0,"deletions":13}}},{"hash":"aba294c2e12cfe78a3777cbea1d00337bcec25a9","messageTitle":"Revert PPP","messageBody":"","fileTypesAndContributionMap":{"docs":{"insertions":11,"deletions":0}}}]},{"date":"2022-03-07","commitResults":[{"hash":"879d71efa5a3e7a696900c2229cc9c5246caab72","messageTitle":"Add undo command for delete, clear and edit","messageBody":"","fileTypesAndContributionMap":{"functional-code":{"insertions":36,"deletions":102},"test-code":{"insertions":9,"deletions":20}}},{"hash":"849bbebddcefbe0a36742bc275e9cf2044b0df88","messageTitle":"Remove unnecessary code","messageBody":"","fileTypesAndContributionMap":{"functional-code":{"insertions":1,"deletions":1}}},{"hash":"2d09610a259f73224dccc0e768f5846c1a70942b","messageTitle":"Fix checkstyle","messageBody":"","fileTypesAndContributionMap":{"functional-code":{"insertions":0,"deletions":1}}}]},{"date":"2022-03-15","commitResults":[{"hash":"ce2fdf7c4eaaa0bb4ecf9d6f5fc88a0e766914f2","messageTitle":"Add undo and copy command use cases","messageBody":"","fileTypesAndContributionMap":{"docs":{"insertions":38,"deletions":2}}},{"hash":"b9bbc65515dc8888bf6afb89269215665b6d5674","messageTitle":"Update undo implementation","messageBody":"","fileTypesAndContributionMap":{"docs":{"insertions":7,"deletions":44}}}]},{"date":"2022-03-17","commitResults":[{"hash":"c89e75a8631d60c109aee16d9df9d5d5aa8fbc36","messageTitle":"Update UG \u0026 PPP","messageBody":"","fileTypesAndContributionMap":{"docs":{"insertions":5,"deletions":1}}},{"hash":"4e69a592ead91f1acb9666a0ba30be3faf7bb185","messageTitle":"Add copy command","messageBody":"","fileTypesAndContributionMap":{"functional-code":{"insertions":96,"deletions":1}}},{"hash":"c848782a3f0123fc6fdd7aa82a699f3d3d059d56","messageTitle":"Fix typo","messageBody":"","fileTypesAndContributionMap":{"functional-code":{"insertions":1,"deletions":1}}}]}],"l-shihao":[{"date":"2022-02-24","commitResults":[{"hash":"baec6801419db52c6aaa770f5397456177733e53","messageTitle":"Update AboutUS.md","messageBody":"","fileTypesAndContributionMap":{"docs":{"insertions":6,"deletions":36}}},{"hash":"b9acb7e5552e69145df1626098252b323b7ca274","messageTitle":"Update pic width","messageBody":"","fileTypesAndContributionMap":{"docs":{"insertions":1,"deletions":1}}},{"hash":"52c00c603aea793d6eab753c97c41b5d5ac8435a","messageTitle":"Update pic width","messageBody":"","fileTypesAndContributionMap":{"docs":{"insertions":1,"deletions":1}}},{"hash":"5f9f65e572639b51d4bab0c6dd9a8f3670edcdef","messageTitle":"Update pic width","messageBody":"","fileTypesAndContributionMap":{"docs":{"insertions":1,"deletions":1}}},{"hash":"1d7c657b3caf459051f4950384c5356466b2d012","messageTitle":"Update pic width","messageBody":"","fileTypesAndContributionMap":{"docs":{"insertions":1,"deletions":1}}}]},{"date":"2022-02-25","commitResults":[{"hash":"05bee6a7a17aa41ad668f174fc26bdd9fb306d4c","messageTitle":"Update README.md to add acknowledge","messageBody":"Acknowledge the original source of AddressBook-Level3","fileTypesAndContributionMap":{"docs":{"insertions":5,"deletions":0}}},{"hash":"2a25fb06b3e340158bc08d7dd34129210d00d9d5","messageTitle":"Update UG #22","messageBody":"","fileTypesAndContributionMap":{"docs":{"insertions":68,"deletions":11}}},{"hash":"da2a6e0d5f49d836e13b863072a4c0b9d17d8e69","messageTitle":"Fix checkstyle, mainly tailing whitespaces","messageBody":"","fileTypesAndContributionMap":{"docs":{"insertions":18,"deletions":17}}},{"hash":"677708eb63f34a00322431da25d862ad63b00d73","messageTitle":"Fix checkstyle","messageBody":"","fileTypesAndContributionMap":{"docs":{"insertions":1,"deletions":1}}}]},{"date":"2022-02-26","commitResults":[{"hash":"404ad675db0dd247e7a35ac22c6fa9fe6bbcd875","messageTitle":"Modify css for a light theme","messageBody":"","fileTypesAndContributionMap":{"functional-code":{"insertions":54,"deletions":52}}},{"hash":"27cfa46dc9b42f0a4a4dae4df4c796f95e1d1c94","messageTitle":"Add EOF to addressbook.json","messageBody":"","fileTypesAndContributionMap":{"docs":{"insertions":4,"deletions":0}}}]},{"date":"2022-03-04","commitResults":[{"hash":"d6a3da62c6f5a8b661a1917c8477b8db9b2918e3","messageTitle":"New Ui, but need to link to model for update","messageBody":"","fileTypesAndContributionMap":{"functional-code":{"insertions":192,"deletions":39}}},{"hash":"f406723c885ae1a6c9254fc69b9128a145ddd25b","messageTitle":"Fix checkstyle","messageBody":"","fileTypesAndContributionMap":{"functional-code":{"insertions":1,"deletions":3},"docs":{"insertions":2,"deletions":2}}}]},{"date":"2022-03-10","commitResults":[{"hash":"8c30b8c24c0629c528eaff07fb366b2ca08a8361","messageTitle":"UI Overhaul without optimisation","messageBody":"","fileTypesAndContributionMap":{"functional-code":{"insertions":40,"deletions":4}}},{"hash":"a86148d94d8d621ddf476c083cbeee6511cbc810","messageTitle":"Fix no newline EOF of addressbook.json after modification","messageBody":"","fileTypesAndContributionMap":{"functional-code":{"insertions":2,"deletions":1}}},{"hash":"48e340b44bbfcdac2b187e3dc4cf5b4f44c2b0a0","messageTitle":"Fix test after modifying JsonUtil Class","messageBody":"","fileTypesAndContributionMap":{"test-code":{"insertions":1,"deletions":1}}},{"hash":"6fd46f8008ae13fd0489c11a84918429d6a1bde0","messageTitle":"Update Docs, Add new Ui.png for README, UG","messageBody":"","fileTypesAndContributionMap":{"docs":{"insertions":9,"deletions":1}}},{"hash":"f9a3e5143fd28d14dbe37a0351346bd27a9b5027","messageTitle":"Fix wording","messageBody":"","fileTypesAndContributionMap":{"docs":{"insertions":4,"deletions":2}}}]},{"date":"2022-03-11","commitResults":[{"hash":"6ba82a1ef8251ec0a613f73427bd174ad8ffe235","messageTitle":"Add new sample contacts make sense for our project","messageBody":"","fileTypesAndContributionMap":{"docs":{"insertions":6,"deletions":0}}}]},{"date":"2022-03-20","commitResults":[{"hash":"d124b41160e3e0ad9a6fcb04dcbf7c8c46158e14","messageTitle":"Replace default sample data, gitignore /data/","messageBody":"","fileTypesAndContributionMap":{"functional-code":{"insertions":57,"deletions":18}}},{"hash":"92fc6e5d7ee1ec251592cdf10c334359bf0b2929","messageTitle":"Check style","messageBody":"","fileTypesAndContributionMap":{"functional-code":{"insertions":2,"deletions":2}}},{"hash":"81abbd06f3d66f065828b93f0790e815e4cb3e89","messageTitle":"Add class tag to teacher in sample data","messageBody":"","fileTypesAndContributionMap":{"functional-code":{"insertions":4,"deletions":4}}},{"hash":"53af9da20a1766e90f753b939c9840d49d901d83","messageTitle":"Update PPP btw","messageBody":"","fileTypesAndContributionMap":{"docs":{"insertions":3,"deletions":1}}},{"hash":"5db295d898c04f2cd0fc71310dafce135881a24d","messageTitle":"Add example long address to show Person Card Scrollable","messageBody":"","fileTypesAndContributionMap":{"functional-code":{"insertions":2,"deletions":1}}}]},{"date":"2022-03-21","commitResults":[{"hash":"33aebdda06ec3b46f58e8b71ee7ebf2b1468b6c8","messageTitle":"Update User Stories","messageBody":"","fileTypesAndContributionMap":{"docs":{"insertions":25,"deletions":25}}}]}]},"authorFileTypeContributionMap":{"jr-mojito":{"docs":47,"functional-code":158,"test-code":1719,"other":5},"yinyin377":{"docs":100,"functional-code":371,"test-code":0},"chenghuiyuan":{"docs":38,"functional-code":228,"test-code":38},"l-shihao":{"docs":114,"functional-code":330,"test-code":1,"other":1}},"authorContributionVariance":{"jr-mojito":347120.3,"yinyin377":1602.1942,"chenghuiyuan":3980.5476,"l-shihao":2211.3345},"authorDisplayNameMap":{"jr-mojito":"TIC4002-F18-3 LIM ..YONG","yinyin377":"TIC4002-F18-3 LIM .. YIN","chenghuiyuan":"TIC4002-F18-3 CHEN..YUAN","l-shihao":"TIC4002-F18-3 LI S..IHAO"}}
