{"authorDailyContributionsMap":{"jr-mojito":[{"date":"2022-02-17","commitResults":[{"hash":"ec69ec0358f5ec74a5bfa50e3168d8dc0da442dd","messageTitle":"Update AboutUs markdown","messageBody":"","fileTypesAndContributionMap":{"docs":{"insertions":4,"deletions":5}}},{"hash":"98ea43a2fd995957d5fdcf73ffebb74ac51de00d","messageTitle":"Update aboutus","messageBody":"","fileTypesAndContributionMap":{"docs":{"insertions":1,"deletions":1}}},{"hash":"da7b874de97d9705932e126409eb5cadb64015e2","messageTitle":"Update aboutus","messageBody":"","fileTypesAndContributionMap":{"docs":{"insertions":4,"deletions":3}}},{"hash":"fcccc34e160c20773f323c0dc8616110cb276b16","messageTitle":"Update README","messageBody":"","fileTypesAndContributionMap":{"docs":{"insertions":2,"deletions":2}}},{"hash":"b8743c9c0290fc054b98d35aaa731e69cf8374de","messageTitle":"Update Website Adapted Task","messageBody":"","fileTypesAndContributionMap":{"docs":{"insertions":12,"deletions":21}}},{"hash":"5649db3dbd57a663927066f12ed8b9711a5c7ec2","messageTitle":"Update UG/DG","messageBody":"","fileTypesAndContributionMap":{"docs":{"insertions":49,"deletions":157}}},{"hash":"87d998719b7e959531bee52c9528ccc4d6855dfa","messageTitle":"Update Index markdown","messageBody":"","fileTypesAndContributionMap":{"docs":{"insertions":2,"deletions":2}}}]},{"date":"2022-02-18","commitResults":[{"hash":"06a91be424bdec9e42f427a5506863fb10f67334","messageTitle":"Modify README and AboutUs","messageBody":"","fileTypesAndContributionMap":{"docs":{"insertions":7,"deletions":7}}},{"hash":"80317f91717c58a0843093efacde6b225e7bd17b","messageTitle":"Modify png format \u0026 README","messageBody":"","fileTypesAndContributionMap":{"docs":{"insertions":2,"deletions":6}}},{"hash":"43d26394a2e86399e71579a70637630e2dc00d45","messageTitle":"Modify README","messageBody":"","fileTypesAndContributionMap":{"docs":{"insertions":1,"deletions":1}}},{"hash":"fdd20b1c7f08faed5626917312733b66263168d5","messageTitle":"Modify README","messageBody":"","fileTypesAndContributionMap":{"docs":{"insertions":3,"deletions":5}}}]},{"date":"2022-03-11","commitResults":[{"hash":"843adb4913d3d6db03d6b5b15d0287bdc84d2fb8","messageTitle":"Add Record Students Birthday","messageBody":"","fileTypesAndContributionMap":{"functional-code":{"insertions":140,"deletions":16}}},{"hash":"9d2db31450d444735c1408b7ecc0584fe0f0df7f","messageTitle":"Modify Record Students Birthday","messageBody":"","fileTypesAndContributionMap":{"functional-code":{"insertions":30,"deletions":24}}},{"hash":"2356a61b6c8c41128348137964a7c966a9184295","messageTitle":"Modify code for checkstyle error","messageBody":"","fileTypesAndContributionMap":{"functional-code":{"insertions":30,"deletions":23}}},{"hash":"f5551f23367a764ef628bda00a132ad89f84b17f","messageTitle":"Modify code for checkstyle error","messageBody":"","fileTypesAndContributionMap":{"functional-code":{"insertions":6,"deletions":6}}},{"hash":"37800a4e2eb625c46116a4d46f266557c1cd7f9e","messageTitle":"Modify code for checkstyle error","messageBody":"","fileTypesAndContributionMap":{"functional-code":{"insertions":2,"deletions":2}}},{"hash":"3830b2ee35716037e1c462565e1d4f2356abfd2e","messageTitle":"Modify code for checkstyle error","messageBody":"","fileTypesAndContributionMap":{"functional-code":{"insertions":2,"deletions":2}}},{"hash":"49abc47d9beecdf8835ed33c3b37520e904271b3","messageTitle":"Modify code for checkstyle error","messageBody":"","fileTypesAndContributionMap":{"functional-code":{"insertions":2,"deletions":2}}},{"hash":"80dab9120e44b8632397bbd97df2d8d767053de9","messageTitle":"Modify code for lexicographical order checkstyle error","messageBody":"","fileTypesAndContributionMap":{"functional-code":{"insertions":2,"deletions":2}}},{"hash":"6b41137ce1df2967d5555f0901f4ed214c5e2bde","messageTitle":"Modify code for Test error","messageBody":"","fileTypesAndContributionMap":{"test-code":{"insertions":11,"deletions":9}}},{"hash":"006445e689df456aa445d57acb46aaf712e684f2","messageTitle":"Modify code for Constructor Test error","messageBody":"","fileTypesAndContributionMap":{"test-code":{"insertions":16,"deletions":1}}},{"hash":"7abb70fc1355d339df4d38f8e3f038b94b053939","messageTitle":"Modify code for Checkstyle error","messageBody":"","fileTypesAndContributionMap":{"test-code":{"insertions":16,"deletions":8}}},{"hash":"11535dc8434741f985936c2a7c54392db1f3c8b2","messageTitle":"Test Checkstyle error","messageBody":"","fileTypesAndContributionMap":{"test-code":{"insertions":1371,"deletions":1371}}},{"hash":"6fe2eb0dacafe8a50e2de8134c7ff13bf89b65fe","messageTitle":"Test Checkstyle error","messageBody":"","fileTypesAndContributionMap":{"test-code":{"insertions":6,"deletions":3}}},{"hash":"9f736309005bd259445f028e011a33e134b54114","messageTitle":"Modify Test Error","messageBody":"","fileTypesAndContributionMap":{"test-code":{"insertions":335,"deletions":335}}}]},{"date":"2022-03-18","commitResults":[{"hash":"e14276a84dc8d6235f385dac6cf5e85ed361f532","messageTitle":"Add Edit Birthday Feature","messageBody":"","fileTypesAndContributionMap":{"functional-code":{"insertions":9,"deletions":5},"test-code":{"insertions":10,"deletions":0}}},{"hash":"5000acacda8e72cc770dee0997d3d7e744a03b8e","messageTitle":"Modify code for Checkstyle Error","messageBody":"","fileTypesAndContributionMap":{"functional-code":{"insertions":2,"deletions":1}}},{"hash":"3ec1576b21e69fde812d2ba282bba2f975cebb46","messageTitle":"Enabled Assertions in the team repo","messageBody":"","fileTypesAndContributionMap":{"other":{"insertions":5,"deletions":0}}},{"hash":"d4515e5c0c164e5564a9a464cbeeb97fe8a82e21","messageTitle":"Add Logging Info","messageBody":"","fileTypesAndContributionMap":{"functional-code":{"insertions":7,"deletions":0}}},{"hash":"d58e62f8d36f65b196b28d5ffc372a4d0cd3d97c","messageTitle":"Update DG Draft with new feature implement","messageBody":"","fileTypesAndContributionMap":{"docs":{"insertions":8,"deletions":1}}},{"hash":"b016955fd56fb56720a7afb1d31bc683c6647da6","messageTitle":"Modify import for Checkstyle Error","messageBody":"","fileTypesAndContributionMap":{"functional-code":{"insertions":0,"deletions":1}}},{"hash":"36b3ec47c1a1885c9b224a2e04a1d797709c259d","messageTitle":"Modify import for Checkstyle Error","messageBody":"","fileTypesAndContributionMap":{"functional-code":{"insertions":1,"deletions":1}}}]},{"date":"2022-03-24","commitResults":[{"hash":"6dba4a6f57b46497b16935fa41b3e65fb4a311e7","messageTitle":"Add Sort Command","messageBody":"","fileTypesAndContributionMap":{"functional-code":{"insertions":98,"deletions":0}}},{"hash":"6185c439757efe6ea5ee97095219cc28fd66bed3","messageTitle":"Implement abstract and Overwrite compareTo","messageBody":"","fileTypesAndContributionMap":{"functional-code":{"insertions":9,"deletions":8}}},{"hash":"dabaec7ebd0bd4e54dcf6632e8dacb1460bcdfd5","messageTitle":"Modify sorted command","messageBody":"","fileTypesAndContributionMap":{"functional-code":{"insertions":11,"deletions":6}}},{"hash":"7a95787347662f49c3b1126c784bfd2eb7114c9e","messageTitle":"Checkstyle error","messageBody":"","fileTypesAndContributionMap":{"functional-code":{"insertions":1,"deletions":49}}},{"hash":"8308cd8661dd6596cbeb90c1590f6cec7f01c2d2","messageTitle":"Checkstyle error","messageBody":"","fileTypesAndContributionMap":{"functional-code":{"insertions":4,"deletions":8}}},{"hash":"8c7c8d6b64172835007fd5917f3b3245b6ad819d","messageTitle":"Checkstyle error","messageBody":"","fileTypesAndContributionMap":{"functional-code":{"insertions":4,"deletions":7}}},{"hash":"d25e5b832493563bdff76a6c1b7bab4ab8b1ba09","messageTitle":"Checkstyle error","messageBody":"","fileTypesAndContributionMap":{"functional-code":{"insertions":27,"deletions":30}}},{"hash":"83a477ce64ee083301d1b9aa32b4e2ef0e954efb","messageTitle":"Checkstyle error","messageBody":"","fileTypesAndContributionMap":{"functional-code":{"insertions":27,"deletions":26}}},{"hash":"50f3c3a08d6f8b9757fbddd06661eba6b95b45d3","messageTitle":"Checkstyle error","messageBody":"","fileTypesAndContributionMap":{"functional-code":{"insertions":2,"deletions":2}}}]},{"date":"2022-03-25","commitResults":[{"hash":"8e27cbb3c212e0f9200a9dbf055f3061bafd391c","messageTitle":"Modify Add Birthday Command on UG Draft","messageBody":"","fileTypesAndContributionMap":{"docs":{"insertions":15,"deletions":15}}}]},{"date":"2022-04-01","commitResults":[{"hash":"647946463bdcdd73a91d8feb5620d54ccb2c2079","messageTitle":"Modify Copy format for Birthday","messageBody":"","fileTypesAndContributionMap":{"functional-code":{"insertions":2,"deletions":2}}}]},{"date":"2022-04-08","commitResults":[{"hash":"616cdc0de686ee6dcf95e0ff07393ded5c8df7d4","messageTitle":"Add PPP Draft","messageBody":"","fileTypesAndContributionMap":{"docs":{"insertions":44,"deletions":0}}}]},{"date":"2022-04-11","commitResults":[{"hash":"e433d64715d77bf91571c4a5b65b2d65b9429163","messageTitle":"Add PPP","messageBody":"","fileTypesAndContributionMap":{"docs":{"insertions":20,"deletions":14}}},{"hash":"ceb9ba61863e93d66fa3dd261a32bfda36c707a0","messageTitle":"Modify AboutUs","messageBody":"","fileTypesAndContributionMap":{"docs":{"insertions":5,"deletions":5}}},{"hash":"85b6a528780db2b3e317807a48646026520aef5d","messageTitle":"Modify UG","messageBody":"","fileTypesAndContributionMap":{"docs":{"insertions":2,"deletions":0}}},{"hash":"404d3bb45c7658015618d3586d3d1523df0a44a5","messageTitle":"Modify UG","messageBody":"","fileTypesAndContributionMap":{"docs":{"insertions":1,"deletions":1}}},{"hash":"4878c8da55335fed7a1dcdd05ccc27e310b1c76d","messageTitle":"Update jr-mojito.md","messageBody":"","fileTypesAndContributionMap":{"docs":{"insertions":0,"deletions":2}}},{"hash":"9f0d3da00261764bbe623f17849554bc32609b02","messageTitle":"Update jr-mojito.md","messageBody":"","fileTypesAndContributionMap":{"docs":{"insertions":4,"deletions":0}}}]}],"yinyin377":[{"date":"2022-02-18","commitResults":[{"hash":"754e6c35d452b4ab64cc86b2fd06a69edaedb59a","messageTitle":"update aboutus for yinyin377","messageBody":"","fileTypesAndContributionMap":{"docs":{"insertions":76,"deletions":9}}},{"hash":"e7f6464fdef28f4f073eb2fa516cbc9a9ec67057","messageTitle":"update aboutus for yinyin377","messageBody":"","fileTypesAndContributionMap":{"docs":{"insertions":1,"deletions":1}}}]},{"date":"2022-03-03","commitResults":[{"hash":"168ad4688080dd8aeb2a798a161b6d040486b967","messageTitle":"update acknowledgements","messageBody":"","fileTypesAndContributionMap":{"docs":{"insertions":1,"deletions":0}}},{"hash":"0aa9b560201ba5d9d28d6eb537f6cc491ab89023","messageTitle":"update user stories","messageBody":"","fileTypesAndContributionMap":{"docs":{"insertions":20,"deletions":1}}},{"hash":"7c7e1b1fd8edba3f1bfe1b723e7cfc744709da02","messageTitle":"update user stories","messageBody":"","fileTypesAndContributionMap":{"docs":{"insertions":1,"deletions":1}}}]},{"date":"2022-03-11","commitResults":[{"hash":"ebdccc360a92523003a3f95666d36389b62f60c2","messageTitle":"create filter command to filter person with specified tag","messageBody":"","fileTypesAndContributionMap":{"functional-code":{"insertions":140,"deletions":0}}},{"hash":"423e4f28ed7db690beadcea339fb6d676f8783f3","messageTitle":"fixing checkstyle","messageBody":"","fileTypesAndContributionMap":{"functional-code":{"insertions":10,"deletions":10}}}]},{"date":"2022-03-17","commitResults":[{"hash":"df08fc2ef412076ebea8eac23ff1d29a10e0d0c0","messageTitle":"tutorial-adding-command","messageBody":"","fileTypesAndContributionMap":{"functional-code":{"insertions":81,"deletions":11},"docs":{"insertions":21,"deletions":6}}},{"hash":"84b78f1a559bffbd821ea9b7917fd8d7f8377b7d","messageTitle":"fix checkstyle","messageBody":"","fileTypesAndContributionMap":{"functional-code":{"insertions":18,"deletions":6}}}]},{"date":"2022-03-20","commitResults":[{"hash":"6989b239d0ec587f08ccc3a232b0bc056f2a1c4c","messageTitle":"add in filter for birthday","messageBody":"","fileTypesAndContributionMap":{"functional-code":{"insertions":112,"deletions":0}}}]},{"date":"2022-03-22","commitResults":[{"hash":"eaefa3413ed596152ad5e108a2996977c404419f","messageTitle":"update user guide for filter and birthday command","messageBody":"","fileTypesAndContributionMap":{"functional-code":{"insertions":43,"deletions":6},"docs":{"insertions":25,"deletions":0}}},{"hash":"10c7ee726549a55c4a6574b2500c54112a2986ec","messageTitle":"checkstyle fix","messageBody":"","fileTypesAndContributionMap":{"functional-code":{"insertions":3,"deletions":4}}}]},{"date":"2022-03-24","commitResults":[{"hash":"5a250dd2cb0d36d526e024b1b60af1dc4e523985","messageTitle":"enhance RenameCommand to rename from one tag into N tag","messageBody":"","fileTypesAndContributionMap":{"functional-code":{"insertions":262,"deletions":30}}},{"hash":"81de2ee5f809b1398f7b36689880fbbe235f37aa","messageTitle":"fix checkstyle","messageBody":"","fileTypesAndContributionMap":{"functional-code":{"insertions":8,"deletions":8}}},{"hash":"850f287a6204834b68debc04c4fc5d9f3c41bc5c","messageTitle":"fix checkstyle","messageBody":"","fileTypesAndContributionMap":{"functional-code":{"insertions":1,"deletions":1}}},{"hash":"0145784a1205fe50fb900ba1b7ea140f9c879707","messageTitle":"update successful message","messageBody":"","fileTypesAndContributionMap":{"functional-code":{"insertions":1,"deletions":1}}},{"hash":"c70c66aa13d22461f92e88d0a591f54637bd9b16","messageTitle":"update UserGuide.md","messageBody":"","fileTypesAndContributionMap":{"docs":{"insertions":28,"deletions":0}}},{"hash":"499fecc06010ef575dfb613d47e38e21502edaf4","messageTitle":"update UserGuide.md","messageBody":"","fileTypesAndContributionMap":{"docs":{"insertions":3,"deletions":1}}},{"hash":"a4fd5832dfc775559c674438bdda75fb59c03344","messageTitle":"update UserGuide.md with birthday month filtering","messageBody":"","fileTypesAndContributionMap":{"docs":{"insertions":1,"deletions":0}}},{"hash":"f01b244621b14c96597036bf3b997b946601a257","messageTitle":"update name of jar","messageBody":"","fileTypesAndContributionMap":{"other":{"insertions":1,"deletions":1}}}]},{"date":"2022-03-31","commitResults":[{"hash":"97b04c1776aa17d7367a548dc062c347fe51b3b6","messageTitle":"add in validation for same tag renaming","messageBody":"","fileTypesAndContributionMap":{"functional-code":{"insertions":12,"deletions":4}}},{"hash":"dbaabeed2c0fd2596f0cdbdb231bcff27db24572","messageTitle":"fix checkstyle","messageBody":"","fileTypesAndContributionMap":{"functional-code":{"insertions":4,"deletions":4}}},{"hash":"f23673abda4bb68bac773cda8a2be9504fd15631","messageTitle":"enhance message to hint users\u0027 what should be removed from command","messageBody":"","fileTypesAndContributionMap":{"functional-code":{"insertions":3,"deletions":2}}},{"hash":"81fbf5091f434da4bc3be9015d0b677f7e8857f8","messageTitle":"remove unused import","messageBody":"","fileTypesAndContributionMap":{"functional-code":{"insertions":0,"deletions":1}}},{"hash":"1c5871e4ec2e8ebf3a7bd86f2e0d040c278fced5","messageTitle":"update typo: filer (filter) + https://github.com/AY2122S2-TIC4002-F18-3/tp2/issues/73","messageBody":"","fileTypesAndContributionMap":{"docs":{"insertions":1,"deletions":1}}},{"hash":"35a91fdcd5b27336f419d53c37b64972023a26d8","messageTitle":"update remove tag command in UserGuide.md + https://github.com/AY2122S2-TIC4002-F18-3/tp2/issues/84","messageBody":"","fileTypesAndContributionMap":{"docs":{"insertions":13,"deletions":0}}},{"hash":"5e2014bb8bd4a0d012f24c3a735d240867a179d7","messageTitle":"update message to be more specific","messageBody":"","fileTypesAndContributionMap":{"functional-code":{"insertions":2,"deletions":2}}},{"hash":"cb53c6cdd8e93245d1b08af908b67f17356792e6","messageTitle":"https://github.com/AY2122S2-TIC4002-F18-3/tp2/issues/89 + remove `list tag` in `list` row + to add remove tag in action and its example.","messageBody":"","fileTypesAndContributionMap":{"docs":{"insertions":3,"deletions":2}}},{"hash":"35136457636bb061019cde9f64d0c83008c48e6e","messageTitle":"fix checkstyle","messageBody":"","fileTypesAndContributionMap":{"functional-code":{"insertions":2,"deletions":1}}},{"hash":"ed28692a961bf6c329c87f352a2f485ebacb5e11","messageTitle":"update typo filter + https://github.com/AY2122S2-TIC4002-F18-3/tp2/issues/73","messageBody":"","fileTypesAndContributionMap":{"docs":{"insertions":1,"deletions":1}}},{"hash":"1067c5f538c951b4db3bc82e6a06e547320d12f3","messageTitle":"include remove tag and rename tag in UserGuide.md + https://github.com/AY2122S2-TIC4002-F18-3/tp2/issues/84","messageBody":"","fileTypesAndContributionMap":{"docs":{"insertions":27,"deletions":26}}},{"hash":"5a42eb2c3ea6c172c707cd43ffdba91981a81d1e","messageTitle":"check for input month within 1 to 12","messageBody":"","fileTypesAndContributionMap":{"functional-code":{"insertions":19,"deletions":1}}},{"hash":"50b1c713af3992038cb3e49d6ba44f486f56b054","messageTitle":"Merge branch \u0027branch-birthdaycommand-check-invalid-month\u0027","messageBody":"","fileTypesAndContributionMap":{"functional-code":{"insertions":1,"deletions":1}}},{"hash":"67169d8e605abcec3177ae82b288b720ec37f986","messageTitle":"fix checkstyle","messageBody":"","fileTypesAndContributionMap":{"functional-code":{"insertions":2,"deletions":3}}}]},{"date":"2022-04-01","commitResults":[{"hash":"7d177087711d646a4922a39b344eae56ad2f38d7","messageTitle":"enhance message to show number of person or contact being renamed","messageBody":"","fileTypesAndContributionMap":{"functional-code":{"insertions":30,"deletions":2}}},{"hash":"977cd76afee3b71ef7a52e56255a25556c2bff8e","messageTitle":"enhance message to show number of person or contact being renamed","messageBody":"","fileTypesAndContributionMap":{"functional-code":{"insertions":1,"deletions":1}}}]},{"date":"2022-04-08","commitResults":[{"hash":"3428c2b630fd84f605f7db275a690004a42d0674","messageTitle":"update PPP for yinyin377.md","messageBody":"","fileTypesAndContributionMap":{"docs":{"insertions":16,"deletions":0}}},{"hash":"6442e079883af2d4f2602650dfff95035fec914e","messageTitle":"add FilterCommandTest.java","messageBody":"","fileTypesAndContributionMap":{"test-code":{"insertions":71,"deletions":0}}},{"hash":"a0f2164c28717dbe8590664eed5b734355f7681b","messageTitle":"add FilterCommandTest.java","messageBody":"","fileTypesAndContributionMap":{"test-code":{"insertions":0,"deletions":3}}},{"hash":"58089a02c980a0826e96db2b5c04394acdd39416","messageTitle":"add FilterCommandTest.java","messageBody":"","fileTypesAndContributionMap":{"test-code":{"insertions":1,"deletions":1}}}]},{"date":"2022-04-10","commitResults":[{"hash":"743c4d7fd98dabed5817704f72f5857eeca8cbdc","messageTitle":"add BirthdayCommandTest","messageBody":"","fileTypesAndContributionMap":{"test-code":{"insertions":41,"deletions":1}}},{"hash":"85a7c221088ee95ad3f0b659d1ea66c8775b9dac","messageTitle":"Merge branch \u0027branch-birthdayCommandTest\u0027","messageBody":"","fileTypesAndContributionMap":{"test-code":{"insertions":1,"deletions":1}}},{"hash":"955718923fee8ae636d590c9b3654ac6d862a9d5","messageTitle":"add BirthdayCommandParserTest, FilterCommandParserTest, RenameCommandParserTest and ParserUtilTest","messageBody":"","fileTypesAndContributionMap":{"test-code":{"insertions":301,"deletions":196}}},{"hash":"9dd89d42e5c9126cc9b68e209ad111c2c51dd7c4","messageTitle":"add BirthdayCommandParserTest, FilterCommandParserTest, RenameCommandParserTest and ParserUtilTest","messageBody":"","fileTypesAndContributionMap":{"test-code":{"insertions":2,"deletions":7}}},{"hash":"abf31c99977c2748649a810acdd8f77e7f080beb","messageTitle":"add BirthdayCommandParserTest, FilterCommandParserTest, RenameCommandParserTest and ParserUtilTest","messageBody":"","fileTypesAndContributionMap":{"test-code":{"insertions":1,"deletions":0}}}]},{"date":"2022-04-11","commitResults":[{"hash":"1f5c8a816f200f1b7b58f9338d2bb310509975b2","messageTitle":"update documentation","messageBody":"","fileTypesAndContributionMap":{"docs":{"insertions":30,"deletions":52}}},{"hash":"3a768061d808c4f2a730d30fcfc31a3b2e05aeea","messageTitle":"update documentation","messageBody":"","fileTypesAndContributionMap":{"docs":{"insertions":1,"deletions":1}}},{"hash":"5becfd4a1ead1c5da8dc89fd3f2ebf9b0b3a12fe","messageTitle":"update documentation","messageBody":"","fileTypesAndContributionMap":{"docs":{"insertions":1,"deletions":1}}},{"hash":"287e9ee358dbd0e1ca55aaa099d1c1952edb90e9","messageTitle":"allow tag to be case-insensitive","messageBody":"","fileTypesAndContributionMap":{"functional-code":{"insertions":3,"deletions":8}}},{"hash":"023ec0a59c57b18ae7b08ce87fa24abc8100c82b","messageTitle":"cosmetic documentation update","messageBody":"","fileTypesAndContributionMap":{"docs":{"insertions":2,"deletions":2}}},{"hash":"62aea29637ffd9b868f3b46117f6716a007e3e44","messageTitle":"cosmetic documentation update","messageBody":"","fileTypesAndContributionMap":{"docs":{"insertions":3,"deletions":3}}}]}],"chenghuiyuan":[{"date":"2022-03-04","commitResults":[{"hash":"d5c2cdb6b22653d27a7c574e12681048a74d68b3","messageTitle":"Add undo command (pending: undo delete, clear and edit)","messageBody":"","fileTypesAndContributionMap":{"functional-code":{"insertions":200,"deletions":32}}},{"hash":"1734dd1a54910eaf39b213d6f46f882e5e9b14e7","messageTitle":"Fix tests","messageBody":"","fileTypesAndContributionMap":{"functional-code":{"insertions":5,"deletions":1},"test-code":{"insertions":54,"deletions":21}}},{"hash":"fc5bda3aa383e937e908189f630d88829d50c0ae","messageTitle":"Update documentation","messageBody":"","fileTypesAndContributionMap":{"docs":{"insertions":1,"deletions":1}}},{"hash":"474da6a0f9b64132684c9a9d1622013ffa289aa0","messageTitle":"Add PPP","messageBody":"","fileTypesAndContributionMap":{"docs":{"insertions":13,"deletions":0}}},{"hash":"b5b848db3f4105dd47d9e2145cc3a50150010c7c","messageTitle":"Change pic","messageBody":"","fileTypesAndContributionMap":{"docs":{"insertions":0,"deletions":13}}},{"hash":"aba294c2e12cfe78a3777cbea1d00337bcec25a9","messageTitle":"Revert PPP","messageBody":"","fileTypesAndContributionMap":{"docs":{"insertions":11,"deletions":0}}}]},{"date":"2022-03-07","commitResults":[{"hash":"879d71efa5a3e7a696900c2229cc9c5246caab72","messageTitle":"Add undo command for delete, clear and edit","messageBody":"","fileTypesAndContributionMap":{"functional-code":{"insertions":36,"deletions":102},"test-code":{"insertions":9,"deletions":20}}},{"hash":"849bbebddcefbe0a36742bc275e9cf2044b0df88","messageTitle":"Remove unnecessary code","messageBody":"","fileTypesAndContributionMap":{"functional-code":{"insertions":1,"deletions":1}}},{"hash":"2d09610a259f73224dccc0e768f5846c1a70942b","messageTitle":"Fix checkstyle","messageBody":"","fileTypesAndContributionMap":{"functional-code":{"insertions":0,"deletions":1}}}]},{"date":"2022-03-15","commitResults":[{"hash":"ce2fdf7c4eaaa0bb4ecf9d6f5fc88a0e766914f2","messageTitle":"Add undo and copy command use cases","messageBody":"","fileTypesAndContributionMap":{"docs":{"insertions":38,"deletions":2}}},{"hash":"b9bbc65515dc8888bf6afb89269215665b6d5674","messageTitle":"Update undo implementation","messageBody":"","fileTypesAndContributionMap":{"docs":{"insertions":7,"deletions":44}}}]},{"date":"2022-03-17","commitResults":[{"hash":"c89e75a8631d60c109aee16d9df9d5d5aa8fbc36","messageTitle":"Update UG \u0026 PPP","messageBody":"","fileTypesAndContributionMap":{"docs":{"insertions":5,"deletions":1}}},{"hash":"4e69a592ead91f1acb9666a0ba30be3faf7bb185","messageTitle":"Add copy command","messageBody":"","fileTypesAndContributionMap":{"functional-code":{"insertions":96,"deletions":1}}},{"hash":"c848782a3f0123fc6fdd7aa82a699f3d3d059d56","messageTitle":"Fix typo","messageBody":"","fileTypesAndContributionMap":{"functional-code":{"insertions":1,"deletions":1}}}]},{"date":"2022-03-21","commitResults":[{"hash":"6b182883074a63c4c82403502da383163515ee28","messageTitle":"Update UG","messageBody":"","fileTypesAndContributionMap":{"docs":{"insertions":38,"deletions":0}}},{"hash":"c6d47c551556b2c56e2a695b46aeba76e7568c62","messageTitle":"Add batch editing","messageBody":"","fileTypesAndContributionMap":{"functional-code":{"insertions":54,"deletions":9}}},{"hash":"fb002439ea8e459a3bdb5e8b92df9f0ae8239934","messageTitle":"Fix checkstyle","messageBody":"","fileTypesAndContributionMap":{"functional-code":{"insertions":5,"deletions":5}}},{"hash":"4842820335b8ec022c7cab91b82466844b30f15f","messageTitle":"Add batch edit in UG","messageBody":"","fileTypesAndContributionMap":{"docs":{"insertions":20,"deletions":1}}}]},{"date":"2022-03-24","commitResults":[{"hash":"4bdfa7d7697dffd18dd7662f57cecfbdad75fd40","messageTitle":"Add rename, bday and relate command in undo","messageBody":"","fileTypesAndContributionMap":{"functional-code":{"insertions":4,"deletions":2}}},{"hash":"7dce15c21fe4c4bf37642326749e38aadebefa0d","messageTitle":"Fix checkstyle","messageBody":"","fileTypesAndContributionMap":{"functional-code":{"insertions":1,"deletions":1}}}]},{"date":"2022-03-29","commitResults":[{"hash":"e0bc93793958ad0985fd5235bc4463b05cea2d2c","messageTitle":"Fix edit command not getting response","messageBody":"","fileTypesAndContributionMap":{"functional-code":{"insertions":16,"deletions":2},"test-code":{"insertions":11,"deletions":0}}}]},{"date":"2022-04-01","commitResults":[{"hash":"72d8899d98f7710c04c4a8c901be37ed30b2d803","messageTitle":"Fix undo `batch edit` command","messageBody":"","fileTypesAndContributionMap":{"functional-code":{"insertions":6,"deletions":2}}}]},{"date":"2022-04-07","commitResults":[{"hash":"7b6ac966b2ece93d474ee3ab1a166d571c26b69d","messageTitle":"Update PPP","messageBody":"","fileTypesAndContributionMap":{"docs":{"insertions":41,"deletions":3}}}]},{"date":"2022-04-10","commitResults":[{"hash":"521256735e4ff05edaa867952325be65d2e681d0","messageTitle":"Fix UG bugs","messageBody":"","fileTypesAndContributionMap":{"docs":{"insertions":13,"deletions":10}}},{"hash":"c1977ba9f2002d0dbaaf9518a5fe1d12871c83da","messageTitle":"Update PPP","messageBody":"","fileTypesAndContributionMap":{"docs":{"insertions":6,"deletions":1}}},{"hash":"744624b6a32222d63f7d46468ec2474f103ad08f","messageTitle":"Update PPP","messageBody":"","fileTypesAndContributionMap":{"docs":{"insertions":0,"deletions":2}}},{"hash":"800b12cc2e78909c8471b1932faa71c4d7bdbb54","messageTitle":"Update PPP","messageBody":"","fileTypesAndContributionMap":{"docs":{"insertions":10,"deletions":7}}},{"hash":"3510b10042cad7ae2be2554c250a7455a3882526","messageTitle":"Fix PPP formating","messageBody":"","fileTypesAndContributionMap":{"docs":{"insertions":13,"deletions":13}}}]},{"date":"2022-04-11","commitResults":[{"hash":"84ccdcb65ec79630653f49b4a0e28c71216c39db","messageTitle":"Update chenghuiyuan.md","messageBody":"","fileTypesAndContributionMap":{"docs":{"insertions":1,"deletions":1}}},{"hash":"f7482f2f3d496b2fde82f9f51c12a1d5facbbc8c","messageTitle":"Update chenghuiyuan.md","messageBody":"","fileTypesAndContributionMap":{"docs":{"insertions":1,"deletions":1}}},{"hash":"ac7037d2c0ae72179c3b5108126ccd061f77ce26","messageTitle":"Update chenghuiyuan.md","messageBody":"","fileTypesAndContributionMap":{"docs":{"insertions":1,"deletions":1}}}]}],"l-shihao":[{"date":"2022-02-24","commitResults":[{"hash":"baec6801419db52c6aaa770f5397456177733e53","messageTitle":"Update AboutUS.md","messageBody":"","fileTypesAndContributionMap":{"docs":{"insertions":6,"deletions":36}}},{"hash":"b9acb7e5552e69145df1626098252b323b7ca274","messageTitle":"Update pic width","messageBody":"","fileTypesAndContributionMap":{"docs":{"insertions":1,"deletions":1}}},{"hash":"52c00c603aea793d6eab753c97c41b5d5ac8435a","messageTitle":"Update pic width","messageBody":"","fileTypesAndContributionMap":{"docs":{"insertions":1,"deletions":1}}},{"hash":"5f9f65e572639b51d4bab0c6dd9a8f3670edcdef","messageTitle":"Update pic width","messageBody":"","fileTypesAndContributionMap":{"docs":{"insertions":1,"deletions":1}}},{"hash":"1d7c657b3caf459051f4950384c5356466b2d012","messageTitle":"Update pic width","messageBody":"","fileTypesAndContributionMap":{"docs":{"insertions":1,"deletions":1}}}]},{"date":"2022-02-25","commitResults":[{"hash":"05bee6a7a17aa41ad668f174fc26bdd9fb306d4c","messageTitle":"Update README.md to add acknowledge","messageBody":"Acknowledge the original source of AddressBook-Level3","fileTypesAndContributionMap":{"docs":{"insertions":5,"deletions":0}}},{"hash":"2a25fb06b3e340158bc08d7dd34129210d00d9d5","messageTitle":"Update UG #22","messageBody":"","fileTypesAndContributionMap":{"docs":{"insertions":68,"deletions":11}}},{"hash":"da2a6e0d5f49d836e13b863072a4c0b9d17d8e69","messageTitle":"Fix checkstyle, mainly tailing whitespaces","messageBody":"","fileTypesAndContributionMap":{"docs":{"insertions":18,"deletions":17}}},{"hash":"677708eb63f34a00322431da25d862ad63b00d73","messageTitle":"Fix checkstyle","messageBody":"","fileTypesAndContributionMap":{"docs":{"insertions":1,"deletions":1}}}]},{"date":"2022-02-26","commitResults":[{"hash":"404ad675db0dd247e7a35ac22c6fa9fe6bbcd875","messageTitle":"Modify css for a light theme","messageBody":"","fileTypesAndContributionMap":{"functional-code":{"insertions":54,"deletions":52}}},{"hash":"27cfa46dc9b42f0a4a4dae4df4c796f95e1d1c94","messageTitle":"Add EOF to addressbook.json","messageBody":"","fileTypesAndContributionMap":{"docs":{"insertions":4,"deletions":0}}}]},{"date":"2022-03-04","commitResults":[{"hash":"d6a3da62c6f5a8b661a1917c8477b8db9b2918e3","messageTitle":"New Ui, but need to link to model for update","messageBody":"","fileTypesAndContributionMap":{"functional-code":{"insertions":192,"deletions":39}}},{"hash":"f406723c885ae1a6c9254fc69b9128a145ddd25b","messageTitle":"Fix checkstyle","messageBody":"","fileTypesAndContributionMap":{"functional-code":{"insertions":1,"deletions":3},"docs":{"insertions":2,"deletions":2}}}]},{"date":"2022-03-10","commitResults":[{"hash":"8c30b8c24c0629c528eaff07fb366b2ca08a8361","messageTitle":"UI Overhaul without optimisation","messageBody":"","fileTypesAndContributionMap":{"functional-code":{"insertions":40,"deletions":4}}},{"hash":"a86148d94d8d621ddf476c083cbeee6511cbc810","messageTitle":"Fix no newline EOF of addressbook.json after modification","messageBody":"","fileTypesAndContributionMap":{"functional-code":{"insertions":2,"deletions":1}}},{"hash":"48e340b44bbfcdac2b187e3dc4cf5b4f44c2b0a0","messageTitle":"Fix test after modifying JsonUtil Class","messageBody":"","fileTypesAndContributionMap":{"test-code":{"insertions":1,"deletions":1}}},{"hash":"6fd46f8008ae13fd0489c11a84918429d6a1bde0","messageTitle":"Update Docs, Add new Ui.png for README, UG","messageBody":"","fileTypesAndContributionMap":{"docs":{"insertions":9,"deletions":1}}},{"hash":"f9a3e5143fd28d14dbe37a0351346bd27a9b5027","messageTitle":"Fix wording","messageBody":"","fileTypesAndContributionMap":{"docs":{"insertions":4,"deletions":2}}}]},{"date":"2022-03-11","commitResults":[{"hash":"6ba82a1ef8251ec0a613f73427bd174ad8ffe235","messageTitle":"Add new sample contacts make sense for our project","messageBody":"","fileTypesAndContributionMap":{"docs":{"insertions":6,"deletions":0}}}]},{"date":"2022-03-20","commitResults":[{"hash":"d124b41160e3e0ad9a6fcb04dcbf7c8c46158e14","messageTitle":"Replace default sample data, gitignore /data/","messageBody":"","fileTypesAndContributionMap":{"functional-code":{"insertions":57,"deletions":18}}},{"hash":"92fc6e5d7ee1ec251592cdf10c334359bf0b2929","messageTitle":"Check style","messageBody":"","fileTypesAndContributionMap":{"functional-code":{"insertions":2,"deletions":2}}},{"hash":"81abbd06f3d66f065828b93f0790e815e4cb3e89","messageTitle":"Add class tag to teacher in sample data","messageBody":"","fileTypesAndContributionMap":{"functional-code":{"insertions":4,"deletions":4}}},{"hash":"53af9da20a1766e90f753b939c9840d49d901d83","messageTitle":"Update PPP btw","messageBody":"","fileTypesAndContributionMap":{"docs":{"insertions":3,"deletions":1}}},{"hash":"5db295d898c04f2cd0fc71310dafce135881a24d","messageTitle":"Add example long address to show Person Card Scrollable","messageBody":"","fileTypesAndContributionMap":{"functional-code":{"insertions":2,"deletions":1}}}]},{"date":"2022-03-21","commitResults":[{"hash":"ee922fa0e85d198c7d2167b9667c37eca52cd829","messageTitle":"Pause to do docs","messageBody":"","fileTypesAndContributionMap":{"functional-code":{"insertions":14,"deletions":0}}},{"hash":"8575ceafb30c34561f2531e48aa4f381cbdd0b8d","messageTitle":"Pause to do docs","messageBody":"","fileTypesAndContributionMap":{"functional-code":{"insertions":36,"deletions":3}}},{"hash":"33aebdda06ec3b46f58e8b71ee7ebf2b1468b6c8","messageTitle":"Update User Stories","messageBody":"","fileTypesAndContributionMap":{"docs":{"insertions":25,"deletions":25}}}]},{"date":"2022-03-23","commitResults":[{"hash":"127261d8bfbab75519255d2a2e11451ba3a4a743","messageTitle":"Test for Relate Command Parser","messageBody":"","fileTypesAndContributionMap":{"functional-code":{"insertions":166,"deletions":5},"test-code":{"insertions":47,"deletions":0}}}]},{"date":"2022-03-24","commitResults":[{"hash":"6715c7d2f42c16a3615716f1b5f5df0a9295b241","messageTitle":"Add Relate Command: Create Relation among persons","messageBody":"","fileTypesAndContributionMap":{"functional-code":{"insertions":136,"deletions":27}}},{"hash":"14c60213de81d80245a9513bd0f73a46599e5001","messageTitle":"Override equals() in RelateCommand","messageBody":"","fileTypesAndContributionMap":{"functional-code":{"insertions":30,"deletions":10},"test-code":{"insertions":4,"deletions":1}}},{"hash":"afd0aa7198851eb42713e057638c1f432e1fb0b0","messageTitle":"Update UG to include Relate Command","messageBody":"","fileTypesAndContributionMap":{"functional-code":{"insertions":4,"deletions":4},"docs":{"insertions":23,"deletions":1}}}]},{"date":"2022-03-31","commitResults":[{"hash":"546e38a64f5b255e9df10d4a1108b5c9985c3a10","messageTitle":"Fix relate command did not catch invalid index after \u003c- operator","messageBody":"","fileTypesAndContributionMap":{"functional-code":{"insertions":3,"deletions":0},"docs":{"insertions":9,"deletions":9}}},{"hash":"0c9bb425644256237817d88793923cf7a0048446","messageTitle":"Fix help window URL for UG","messageBody":"","fileTypesAndContributionMap":{"functional-code":{"insertions":1,"deletions":1}}},{"hash":"c2d20d8a1fd4fa560f02979bcfe7b603960883d2","messageTitle":"Fix UG errors in table","messageBody":"","fileTypesAndContributionMap":{"docs":{"insertions":9,"deletions":9}}},{"hash":"3a4828399860d49b0dd08268c510f6e89e7debcb","messageTitle":"Update PPP","messageBody":"","fileTypesAndContributionMap":{"docs":{"insertions":10,"deletions":4}}}]},{"date":"2022-04-06","commitResults":[{"hash":"51435136aebfd5814f1d4c0d57d574b50d56de8b","messageTitle":"Fix not saved after add person","messageBody":"","fileTypesAndContributionMap":{"functional-code":{"insertions":3,"deletions":4},"docs":{"insertions":33,"deletions":0}}},{"hash":"cf2ef3aa1b9a5ea8d8ca7b70bb820b4307ba1c0e","messageTitle":"Update PPP","messageBody":"","fileTypesAndContributionMap":{"docs":{"insertions":3,"deletions":2}}},{"hash":"be457edb977abfc9154b34c85398529054209816","messageTitle":"Fix checkstyle for PPP","messageBody":"","fileTypesAndContributionMap":{"docs":{"insertions":13,"deletions":39}}}]},{"date":"2022-04-11","commitResults":[{"hash":"788cabcb70d541d12914cb85ea8ee6fad37dc158","messageTitle":"Update DG","messageBody":"","fileTypesAndContributionMap":{"functional-code":{"insertions":1,"deletions":1},"docs":{"insertions":122,"deletions":2}}},{"hash":"af78adcc7275f6ce331846709c14695bc2e7ccda","messageTitle":"Add EOF for puml","messageBody":"","fileTypesAndContributionMap":{"docs":{"insertions":1,"deletions":1}}},{"hash":"e4e72a63599cc44ab93de7d376d6d15963328697","messageTitle":"Update PPP","messageBody":"","fileTypesAndContributionMap":{"docs":{"insertions":39,"deletions":16}}},{"hash":"a2ef890bf7d64993bb2acca5f612123491ecd6af","messageTitle":"Add EOF in ppp","messageBody":"","fileTypesAndContributionMap":{"docs":{"insertions":1,"deletions":1}}}]}]},"authorFileTypeContributionMap":{"jr-mojito":{"docs":107,"functional-code":197,"test-code":1522,"other":3},"yinyin377":{"docs":140,"functional-code":658,"test-code":209,"other":1},"chenghuiyuan":{"docs":124,"functional-code":301,"test-code":49},"l-shihao":{"docs":297,"functional-code":672,"test-code":52,"other":1}},"authorContributionVariance":{"jr-mojito":234475.19,"yinyin377":7983.002,"chenghuiyuan":3012.6667,"l-shihao":3668.102},"authorDisplayNameMap":{"jr-mojito":"TIC4002-F18-3 LIM ..YONG","yinyin377":"TIC4002-F18-3 LIM .. YIN","chenghuiyuan":"TIC4002-F18-3 CHEN..YUAN","l-shihao":"TIC4002-F18-3 LI S..IHAO"}}
