{"authorDailyContributionsMap":{"jr-mojito":[],"yinyin377":[{"date":"2022-02-18","commitResults":[{"hash":"754e6c35d452b4ab64cc86b2fd06a69edaedb59a","messageTitle":"update aboutus for yinyin377","messageBody":"","fileTypesAndContributionMap":{"docs":{"insertions":76,"deletions":9}}},{"hash":"e7f6464fdef28f4f073eb2fa516cbc9a9ec67057","messageTitle":"update aboutus for yinyin377","messageBody":"","fileTypesAndContributionMap":{"docs":{"insertions":1,"deletions":1}}}]}],"chenghuiyuan":[],"l-shihao":[{"date":"2022-02-24","commitResults":[{"hash":"baec6801419db52c6aaa770f5397456177733e53","messageTitle":"Update AboutUS.md","messageBody":"","fileTypesAndContributionMap":{"docs":{"insertions":6,"deletions":36}}},{"hash":"b9acb7e5552e69145df1626098252b323b7ca274","messageTitle":"Update pic width","messageBody":"","fileTypesAndContributionMap":{"docs":{"insertions":1,"deletions":1}}},{"hash":"52c00c603aea793d6eab753c97c41b5d5ac8435a","messageTitle":"Update pic width","messageBody":"","fileTypesAndContributionMap":{"docs":{"insertions":1,"deletions":1}}},{"hash":"5f9f65e572639b51d4bab0c6dd9a8f3670edcdef","messageTitle":"Update pic width","messageBody":"","fileTypesAndContributionMap":{"docs":{"insertions":1,"deletions":1}}},{"hash":"1d7c657b3caf459051f4950384c5356466b2d012","messageTitle":"Update pic width","messageBody":"","fileTypesAndContributionMap":{"docs":{"insertions":1,"deletions":1}}}]},{"date":"2022-02-25","commitResults":[{"hash":"05bee6a7a17aa41ad668f174fc26bdd9fb306d4c","messageTitle":"Update README.md to add acknowledge","messageBody":"Acknowledge the original source of AddressBook-Level3","fileTypesAndContributionMap":{"docs":{"insertions":5,"deletions":0}}},{"hash":"2a25fb06b3e340158bc08d7dd34129210d00d9d5","messageTitle":"Update UG #22","messageBody":"","fileTypesAndContributionMap":{"docs":{"insertions":68,"deletions":11}}},{"hash":"da2a6e0d5f49d836e13b863072a4c0b9d17d8e69","messageTitle":"Fix checkstyle, mainly tailing whitespaces","messageBody":"","fileTypesAndContributionMap":{"docs":{"insertions":18,"deletions":17}}},{"hash":"677708eb63f34a00322431da25d862ad63b00d73","messageTitle":"Fix checkstyle","messageBody":"","fileTypesAndContributionMap":{"docs":{"insertions":1,"deletions":1}}}]}]},"authorFileTypeContributionMap":{"jr-mojito":{"docs":0,"functional-code":0,"test-code":0},"yinyin377":{"docs":66,"functional-code":0,"test-code":0},"chenghuiyuan":{"docs":0,"functional-code":0,"test-code":0},"l-shihao":{"docs":68,"functional-code":0,"test-code":0,"other":1}},"authorContributionVariance":{"jr-mojito":0.0,"yinyin377":470.96002,"chenghuiyuan":0.0,"l-shihao":1012.77325},"authorDisplayNameMap":{"jr-mojito":"TIC4002-F18-3 LIM ..YONG","yinyin377":"TIC4002-F18-3 LIM .. YIN","chenghuiyuan":"TIC4002-F18-3 CHEN..YUAN","l-shihao":"TIC4002-F18-3 LI S..IHAO"}}
