{"authorDailyContributionsMap":{"e0373972":[{"date":"2022-02-11","commitResults":[{"hash":"7865847a96aaab8721d46cbaa34d9b31e91ca5a8","messageTitle":"Tutorial 2 - Adding a new Command","messageBody":"","fileTypesAndContributionMap":{"functional-code":{"insertions":215,"deletions":12},"test-code":{"insertions":249,"deletions":12}}},{"hash":"37f1a8d74db3faff9138ae5d0ab8a06b2e305177","messageTitle":"Create a team PR","messageBody":"","fileTypesAndContributionMap":{"docs":{"insertions":1,"deletions":1}}}]},{"date":"2022-02-12","commitResults":[{"hash":"35fd1038f87831e2dc072f1bdaa62b1a9935f3ca","messageTitle":"update tutorial: Adding a command","messageBody":"","fileTypesAndContributionMap":{"functional-code":{"insertions":4,"deletions":3},"test-code":{"insertions":14,"deletions":10}}},{"hash":"bb2c1ebcbd171b98c7110333d9321e60d2cc425a","messageTitle":"Update AboutUs.md","messageBody":"","fileTypesAndContributionMap":{"docs":{"insertions":1,"deletions":1}}}]},{"date":"2022-02-13","commitResults":[{"hash":"3902cec4eb8653e40b63db477cb0d2231cbf8a15","messageTitle":"Update the UG","messageBody":"","fileTypesAndContributionMap":{"docs":{"insertions":40,"deletions":3}}}]},{"date":"2022-02-18","commitResults":[{"hash":"10a1d10db443dc092ba6abcf18946ce886350529","messageTitle":"Update AboutUs page","messageBody":"","fileTypesAndContributionMap":{"docs":{"insertions":53,"deletions":6}}}]},{"date":"2022-02-19","commitResults":[{"hash":"6644af6a0b4cf38b2349fc63da97f9601b1b76d3","messageTitle":"Update project website: AboutUs, README","messageBody":"","fileTypesAndContributionMap":{"docs":{"insertions":26,"deletions":25}}},{"hash":"23845d25a26a79d36381efb5de01347b6d346b6b","messageTitle":"Update DeveloperGuide.md and UserGuide.md","messageBody":"","fileTypesAndContributionMap":{"docs":{"insertions":8,"deletions":8}}}]},{"date":"2022-02-28","commitResults":[{"hash":"6e421420eabd26fbb01ffe7ed619b2dfb058a1f8","messageTitle":"Update developer guide and user guide","messageBody":"","fileTypesAndContributionMap":{"docs":{"insertions":35,"deletions":14}}},{"hash":"43abb8e718c6af6894c6650e409135df454d686c","messageTitle":"update acknowledgements","messageBody":"","fileTypesAndContributionMap":{"docs":{"insertions":1,"deletions":1}}},{"hash":"4abf6ccd5726a0f04d97273d6ad1164925af55ed","messageTitle":"Update AboutUs","messageBody":"","fileTypesAndContributionMap":{"docs":{"insertions":148,"deletions":23}}},{"hash":"6d0554221a2b8a0f9b3d62c72b138ad0d0db135d","messageTitle":"Update value proposition","messageBody":"","fileTypesAndContributionMap":{"docs":{"insertions":3,"deletions":2}}}]},{"date":"2022-03-01","commitResults":[{"hash":"ab2bdc6490e4c71c61a8c977bec0baf79de3cb6a","messageTitle":"Update Non-Functional Requirements","messageBody":"","fileTypesAndContributionMap":{"docs":{"insertions":5,"deletions":3}}}]},{"date":"2022-03-03","commitResults":[{"hash":"5941c068715455399ee963fe2123c4f0f0a75cba","messageTitle":"Add CreateGroupCommand part 1","messageBody":"","fileTypesAndContributionMap":{"functional-code":{"insertions":262,"deletions":20},"other":{"insertions":2,"deletions":0},"test-code":{"insertions":121,"deletions":90}}},{"hash":"f76ce4286c9a0d7dfbb5f3570b2b059082c39c47","messageTitle":"Add CreateGroupCommand part 2, completed the creation of group in a Contacts Address Book.","messageBody":"","fileTypesAndContributionMap":{"functional-code":{"insertions":27,"deletions":5}}},{"hash":"d7b535cbdc64fd3d86086d0e13e2e4f5a61b1292","messageTitle":"Add Javadoc comments to Remark.","messageBody":"","fileTypesAndContributionMap":{"functional-code":{"insertions":3,"deletions":2}}}]},{"date":"2022-03-10","commitResults":[{"hash":"d874c89f0b0db72c8497f5aed7f3b382461257eb","messageTitle":"Add ListGroupNameCommand","messageBody":"","fileTypesAndContributionMap":{"functional-code":{"insertions":23,"deletions":5},"docs":{"insertions":7,"deletions":1}}}]},{"date":"2022-03-11","commitResults":[{"hash":"7678ff6d6e0e7929f25761745aaad76fdfdbd243","messageTitle":"Update javadoc","messageBody":"","fileTypesAndContributionMap":{"functional-code":{"insertions":1,"deletions":4}}},{"hash":"5784aea295a49a0bccf11d3cf2c09af49ca5628d","messageTitle":"Enable assertions.","messageBody":"","fileTypesAndContributionMap":{"other":{"insertions":4,"deletions":0}}}]},{"date":"2022-03-15","commitResults":[{"hash":"2ef1a41f5ae42b3c5c4f79620edfc8b69401fb87","messageTitle":"Add AssignCommand","messageBody":"","fileTypesAndContributionMap":{"functional-code":{"insertions":398,"deletions":122},"docs":{"insertions":14,"deletions":8},"test-code":{"insertions":100,"deletions":49}}},{"hash":"93f16cbd70928babe1defae9683c9e5234433939","messageTitle":"Update test data to resolve test case issues.","messageBody":"","fileTypesAndContributionMap":{"functional-code":{"insertions":7,"deletions":8},"test-code":{"insertions":19,"deletions":18}}},{"hash":"a035063a924eb93173c6ef8a2004f836b4040b36","messageTitle":"Create log file for CreateGroupCommand, AssignCommand, ListGroupNameCommand.","messageBody":"","fileTypesAndContributionMap":{"functional-code":{"insertions":64,"deletions":1}}},{"hash":"f28543e030d0d6e66ef1ce8554293c9d9dc189f3","messageTitle":"Update the group list name in GroupList.java.","messageBody":"","fileTypesAndContributionMap":{"functional-code":{"insertions":13,"deletions":12},"docs":{"insertions":10,"deletions":0}}}]},{"date":"2022-03-16","commitResults":[{"hash":"858de61857aceb60ae36bda4d84a0a0c435b1fdd","messageTitle":"Add ListPersonFromGroupCommand","messageBody":"","fileTypesAndContributionMap":{"functional-code":{"insertions":80,"deletions":21},"docs":{"insertions":5,"deletions":1}}}]},{"date":"2022-03-19","commitResults":[{"hash":"4276da9826755851749f91e27a557294b93e797a","messageTitle":"Add DeleteGroupCommand","messageBody":"","fileTypesAndContributionMap":{"functional-code":{"insertions":102,"deletions":0}}},{"hash":"85a8948c39d2037e2006573c9f612236dc736ed2","messageTitle":"Set default group to \"N/A\" and fix bug.","messageBody":"","fileTypesAndContributionMap":{"functional-code":{"insertions":55,"deletions":42}}},{"hash":"1fa25a27327f00858dabe5b88d3bacdc8962d371","messageTitle":"Conflicts resolved.","messageBody":"","fileTypesAndContributionMap":{"functional-code":{"insertions":15,"deletions":15}}}]},{"date":"2022-03-28","commitResults":[{"hash":"85906f7f2212e7299d3fd3ad323ed9ca3ffed0b9","messageTitle":"Add RenameGroupCommand","messageBody":"","fileTypesAndContributionMap":{"functional-code":{"insertions":132,"deletions":1},"docs":{"insertions":1,"deletions":1}}}]},{"date":"2022-03-29","commitResults":[{"hash":"7201b15bda5113652995b9138e862f4f27a1292e","messageTitle":"Fix bugs: 1. Error description for help message when put in an invalid contact person name (\"assign\" command) 2. Error description for help message when put in an invalid group name (\"assign\" command)","messageBody":"","fileTypesAndContributionMap":{"functional-code":{"insertions":2,"deletions":2}}}]},{"date":"2022-04-07","commitResults":[{"hash":"14fcc74a901539052dd3824daaf31fba6b5af76a","messageTitle":"PPP Draft","messageBody":"","fileTypesAndContributionMap":{"docs":{"insertions":8,"deletions":1}}}]}],"spencernah":[{"date":"2022-03-27","commitResults":[{"hash":"931f18db008eb74bb3487c8683c26d755380ff8e","messageTitle":"Added FindRemarkCommand","messageBody":"","fileTypesAndContributionMap":{"functional-code":{"insertions":111,"deletions":0},"test-code":{"insertions":34,"deletions":0}}}]},{"date":"2022-03-28","commitResults":[{"hash":"5123d49e472b8e2ff1d3fcf11ce868145a1f5345","messageTitle":"Add FindGroupCommand","messageBody":"","fileTypesAndContributionMap":{"functional-code":{"insertions":116,"deletions":1}}},{"hash":"e32e36732f6d27adf1bcd04d97d57b8c84c59b99","messageTitle":"Update JavaDoc","messageBody":"","fileTypesAndContributionMap":{"functional-code":{"insertions":4,"deletions":4}}},{"hash":"b7f0a03c09a4df812ebefe01a1c3d70a351a2e13","messageTitle":"Add new keyword for FindRemarkCommand","messageBody":"","fileTypesAndContributionMap":{"functional-code":{"insertions":6,"deletions":2}}},{"hash":"3416a1d1e3d9262eb788a15a47996dd5d72424af","messageTitle":"Rename for clarity","messageBody":"","fileTypesAndContributionMap":{"functional-code":{"insertions":3,"deletions":3},"other":{"insertions":7,"deletions":7}}},{"hash":"caddf1f8912d146e1321081ceee9ded060b9b94e","messageTitle":"New Commands; PE-D fix","messageBody":"","fileTypesAndContributionMap":{"docs":{"insertions":171,"deletions":93}}},{"hash":"32c2771a0999907ed47691f63ff7cd82866b1865","messageTitle":"Fix - Incorrect URL","messageBody":"","fileTypesAndContributionMap":{"functional-code":{"insertions":1,"deletions":1}}},{"hash":"37b05f7d33b8d28d3b51e92dbbfd5727ba509db2","messageTitle":"checkstyle","messageBody":"","fileTypesAndContributionMap":{"functional-code":{"insertions":14,"deletions":4}}},{"hash":"5c4cc4139a243e006d05b22740487932c7960e17","messageTitle":"More checkstyle","messageBody":"","fileTypesAndContributionMap":{"functional-code":{"insertions":1,"deletions":1}}},{"hash":"6a2b8242beb317772aed6dda728eb39e0fffd43e","messageTitle":"checkstyle","messageBody":"","fileTypesAndContributionMap":{"test-code":{"insertions":2,"deletions":1}}},{"hash":"fc175bbb26b5bde48c14bd36842e830aea2fe283","messageTitle":"checkstyle","messageBody":"","fileTypesAndContributionMap":{"test-code":{"insertions":0,"deletions":35}}}]}],"IcyNoPeople":[{"date":"2022-03-03","commitResults":[{"hash":"90ac1ea07d7ccf6a30d400408c7106699acc34e3","messageTitle":"Update with a new NFR","messageBody":"","fileTypesAndContributionMap":{"docs":{"insertions":1,"deletions":0}}}]},{"date":"2022-03-10","commitResults":[{"hash":"fa25469f46b55f16eccb2bfa911806d736be20e6","messageTitle":"Update UserGuide.md","messageBody":"","fileTypesAndContributionMap":{"docs":{"insertions":2,"deletions":2}}}]},{"date":"2022-03-11","commitResults":[{"hash":"cb18ba2db9ba3f79966c428810e92814c2f58368","messageTitle":"fixed add contact","messageBody":"","fileTypesAndContributionMap":{"functional-code":{"insertions":130,"deletions":44},"test-code":{"insertions":36,"deletions":25}}},{"hash":"a0a4fdb7b2ec3feeae699539524c01c83763f76f","messageTitle":"checkstyle","messageBody":"","fileTypesAndContributionMap":{"functional-code":{"insertions":25,"deletions":14}}}]},{"date":"2022-03-18","commitResults":[{"hash":"867d0d5451439e0880d7297e118c5f3ffe9d2428","messageTitle":"added favourite","messageBody":"","fileTypesAndContributionMap":{"functional-code":{"insertions":212,"deletions":54},"test-code":{"insertions":41,"deletions":27}}},{"hash":"d156c7364f679abf71bd55c65796b624851d6d3b","messageTitle":"Update UserGuide.md","messageBody":"","fileTypesAndContributionMap":{"docs":{"insertions":2,"deletions":2}}},{"hash":"dad3f391910c4067aef91a5b3a730d7c9fd31c73","messageTitle":"Update DeveloperGuide.md","messageBody":"","fileTypesAndContributionMap":{"docs":{"insertions":1,"deletions":0}}}]},{"date":"2022-03-19","commitResults":[{"hash":"e3ad4d4f5c242966603330f109f4b6a6c3937f19","messageTitle":"test passed","messageBody":"","fileTypesAndContributionMap":{"functional-code":{"insertions":13,"deletions":12},"test-code":{"insertions":11,"deletions":11}}},{"hash":"983746d4e467cf6e87f4a159539decd391623410","messageTitle":"added unfav","messageBody":"","fileTypesAndContributionMap":{"functional-code":{"insertions":9,"deletions":5}}},{"hash":"e2a559c8cf0eadfd233b8d27ad5ac3c3c412ea41","messageTitle":"stylecheck","messageBody":"","fileTypesAndContributionMap":{"functional-code":{"insertions":81,"deletions":24},"test-code":{"insertions":7,"deletions":1}}}]},{"date":"2022-03-20","commitResults":[{"hash":"c4852a760485efcdb24bdad699cbc5f4eac786bb","messageTitle":"list favourite","messageBody":"","fileTypesAndContributionMap":{"functional-code":{"insertions":39,"deletions":2},"docs":{"insertions":43,"deletions":24}}}]},{"date":"2022-03-22","commitResults":[{"hash":"5298723f642fe5475048448e4f4efec94ffe6395","messageTitle":"Added favourite star instead","messageBody":"","fileTypesAndContributionMap":{"functional-code":{"insertions":20,"deletions":8}}},{"hash":"2451b45849a4e84639aec56decd300f3c20c19a4","messageTitle":"added javadoc","messageBody":"","fileTypesAndContributionMap":{"functional-code":{"insertions":10,"deletions":6}}}]},{"date":"2022-03-24","commitResults":[{"hash":"9421060b8fbee8b47d440d6f865bf5567b80e66b","messageTitle":"update user guide","messageBody":"","fileTypesAndContributionMap":{"functional-code":{"insertions":1,"deletions":1},"docs":{"insertions":29,"deletions":4}}}]},{"date":"2022-03-30","commitResults":[{"hash":"b2f027d30650cacfe2ccdae7ea1cfe19d9443f25","messageTitle":"Update Ui","messageBody":"","fileTypesAndContributionMap":{"functional-code":{"insertions":15,"deletions":3},"docs":{"insertions":1,"deletions":1}}},{"hash":"27012ebda5228690bd5bfbada771c8ebe4f23ce7","messageTitle":"List number of person","messageBody":"","fileTypesAndContributionMap":{"functional-code":{"insertions":7,"deletions":2}}},{"hash":"5be1348106f87d80ed6d4ed2d4bfd66e1d106627","messageTitle":"checkstyle","messageBody":"","fileTypesAndContributionMap":{"functional-code":{"insertions":1,"deletions":2}}},{"hash":"335efcc5f4d5ae67ad79e478445079d74f4c9487","messageTitle":"update test case","messageBody":"","fileTypesAndContributionMap":{"test-code":{"insertions":9,"deletions":3}}}]},{"date":"2022-03-31","commitResults":[{"hash":"b7585b4f4a4b7118840acb6888747b0774edf9d7","messageTitle":"Update icynopeople.md","messageBody":"","fileTypesAndContributionMap":{"docs":{"insertions":5,"deletions":5}}}]}],"zcnmashleu95":[{"date":"2022-03-10","commitResults":[{"hash":"1312d1fd76550673a1717914e77f57141d221f1f","messageTitle":"fix whitespaces","messageBody":"","fileTypesAndContributionMap":{"docs":{"insertions":16,"deletions":16}}},{"hash":"d859aa62f240bd14f21a4d059ec7a961c18960ed","messageTitle":"fix new line","messageBody":"","fileTypesAndContributionMap":{"docs":{"insertions":1,"deletions":1}}}]},{"date":"2022-03-21","commitResults":[{"hash":"60f270c6b70ce164c3c20932c9d015a1815830d6","messageTitle":"refactor group parsing and improve find functionality","messageBody":"","fileTypesAndContributionMap":{"functional-code":{"insertions":36,"deletions":10}}},{"hash":"0b69b81b7842e64ca418b05b40f3524df94033c6","messageTitle":"minor renaming","messageBody":"","fileTypesAndContributionMap":{"functional-code":{"insertions":1,"deletions":1}}},{"hash":"55359df15f113206fe273e010a30ed04ece649b5","messageTitle":"fix style and test","messageBody":"","fileTypesAndContributionMap":{"functional-code":{"insertions":9,"deletions":8},"test-code":{"insertions":1,"deletions":1}}}]},{"date":"2022-03-24","commitResults":[{"hash":"a8e94cb4acdf31a69fa1c722c2a7670aec3845f9","messageTitle":"update docs about find functionality","messageBody":"","fileTypesAndContributionMap":{"docs":{"insertions":3,"deletions":1}}},{"hash":"976d528864e9f444a6a14cdf9a0b8c829aec9ca3","messageTitle":"update userguide","messageBody":"","fileTypesAndContributionMap":{"docs":{"insertions":1,"deletions":1}}}]},{"date":"2022-04-06","commitResults":[{"hash":"bd07efde0e0faf7a18072acaf903bb9846d1b51f","messageTitle":"expanded find functionality and refactor","messageBody":"","fileTypesAndContributionMap":{"functional-code":{"insertions":39,"deletions":36},"other":{"insertions":15,"deletions":14},"docs":{"insertions":9,"deletions":4},"test-code":{"insertions":17,"deletions":17}}},{"hash":"b25d5b04585763f1a522f9a398080c4d57e4a0a9","messageTitle":"checkstyle fix","messageBody":"","fileTypesAndContributionMap":{"test-code":{"insertions":14,"deletions":7}}}]}]},"authorFileTypeContributionMap":{"e0373972":{"docs":291,"functional-code":1188,"test-code":369,"other":6},"spencernah":{"docs":136,"functional-code":226,"test-code":0},"IcyNoPeople":{"docs":45,"functional-code":350,"test-code":57},"zcnmashleu95":{"docs":10,"functional-code":73,"test-code":40}},"authorContributionVariance":{"e0373972":22084.734,"spencernah":4315.0967,"IcyNoPeople":3894.5676,"zcnmashleu95":604.91034},"authorDisplayNameMap":{"e0373972":"TIC4002-F18-1 WANG..NWEI","spencernah":"TIC4002-F18-1 SPEN.. HAO","IcyNoPeople":"TIC4002-F18-1 LEOW.. HUI","zcnmashleu95":"TIC4002-F18-1 LAM ..CHUN"}}
