{"authorDailyContributionsMap":{"e0373972":[{"date":"2022-02-11","commitResults":[{"hash":"7865847a96aaab8721d46cbaa34d9b31e91ca5a8","messageTitle":"Tutorial 2 - Adding a new Command","messageBody":"","fileTypesAndContributionMap":{"functional-code":{"insertions":215,"deletions":12},"test-code":{"insertions":249,"deletions":12}}},{"hash":"37f1a8d74db3faff9138ae5d0ab8a06b2e305177","messageTitle":"Create a team PR","messageBody":"","fileTypesAndContributionMap":{"docs":{"insertions":1,"deletions":1}}}]},{"date":"2022-02-12","commitResults":[{"hash":"35fd1038f87831e2dc072f1bdaa62b1a9935f3ca","messageTitle":"update tutorial: Adding a command","messageBody":"","fileTypesAndContributionMap":{"functional-code":{"insertions":4,"deletions":3},"test-code":{"insertions":14,"deletions":10}}},{"hash":"bb2c1ebcbd171b98c7110333d9321e60d2cc425a","messageTitle":"Update AboutUs.md","messageBody":"","fileTypesAndContributionMap":{"docs":{"insertions":1,"deletions":1}}}]},{"date":"2022-02-13","commitResults":[{"hash":"3902cec4eb8653e40b63db477cb0d2231cbf8a15","messageTitle":"Update the UG","messageBody":"","fileTypesAndContributionMap":{"docs":{"insertions":40,"deletions":3}}}]},{"date":"2022-02-18","commitResults":[{"hash":"10a1d10db443dc092ba6abcf18946ce886350529","messageTitle":"Update AboutUs page","messageBody":"","fileTypesAndContributionMap":{"docs":{"insertions":53,"deletions":6}}}]},{"date":"2022-02-19","commitResults":[{"hash":"6644af6a0b4cf38b2349fc63da97f9601b1b76d3","messageTitle":"Update project website: AboutUs, README","messageBody":"","fileTypesAndContributionMap":{"docs":{"insertions":26,"deletions":25}}},{"hash":"23845d25a26a79d36381efb5de01347b6d346b6b","messageTitle":"Update DeveloperGuide.md and UserGuide.md","messageBody":"","fileTypesAndContributionMap":{"docs":{"insertions":8,"deletions":8}}}]},{"date":"2022-02-28","commitResults":[{"hash":"6e421420eabd26fbb01ffe7ed619b2dfb058a1f8","messageTitle":"Update developer guide and user guide","messageBody":"","fileTypesAndContributionMap":{"docs":{"insertions":35,"deletions":14}}},{"hash":"43abb8e718c6af6894c6650e409135df454d686c","messageTitle":"update acknowledgements","messageBody":"","fileTypesAndContributionMap":{"docs":{"insertions":1,"deletions":1}}},{"hash":"4abf6ccd5726a0f04d97273d6ad1164925af55ed","messageTitle":"Update AboutUs","messageBody":"","fileTypesAndContributionMap":{"docs":{"insertions":148,"deletions":23}}},{"hash":"6d0554221a2b8a0f9b3d62c72b138ad0d0db135d","messageTitle":"Update value proposition","messageBody":"","fileTypesAndContributionMap":{"docs":{"insertions":3,"deletions":2}}}]},{"date":"2022-03-01","commitResults":[{"hash":"ab2bdc6490e4c71c61a8c977bec0baf79de3cb6a","messageTitle":"Update Non-Functional Requirements","messageBody":"","fileTypesAndContributionMap":{"docs":{"insertions":5,"deletions":3}}}]},{"date":"2022-03-03","commitResults":[{"hash":"5941c068715455399ee963fe2123c4f0f0a75cba","messageTitle":"Add CreateGroupCommand part 1","messageBody":"","fileTypesAndContributionMap":{"functional-code":{"insertions":262,"deletions":20},"other":{"insertions":2,"deletions":0},"test-code":{"insertions":121,"deletions":90}}},{"hash":"f76ce4286c9a0d7dfbb5f3570b2b059082c39c47","messageTitle":"Add CreateGroupCommand part 2, completed the creation of group in a Contacts Address Book.","messageBody":"","fileTypesAndContributionMap":{"functional-code":{"insertions":27,"deletions":5}}},{"hash":"d7b535cbdc64fd3d86086d0e13e2e4f5a61b1292","messageTitle":"Add Javadoc comments to Remark.","messageBody":"","fileTypesAndContributionMap":{"functional-code":{"insertions":3,"deletions":2}}}]}],"spencernah":[],"IcyNoPeople":[{"date":"2022-03-03","commitResults":[{"hash":"90ac1ea07d7ccf6a30d400408c7106699acc34e3","messageTitle":"Update with a new NFR","messageBody":"","fileTypesAndContributionMap":{"docs":{"insertions":1,"deletions":0}}}]}],"zcnmashleu95":[]},"authorFileTypeContributionMap":{"e0373972":{"docs":303,"functional-code":494,"test-code":359,"other":2},"spencernah":{"docs":0,"functional-code":0,"test-code":0},"IcyNoPeople":{"docs":1,"functional-code":0,"test-code":0},"zcnmashleu95":{"docs":0,"functional-code":0,"test-code":0}},"authorContributionVariance":{"e0373972":23059.96,"spencernah":0.0,"IcyNoPeople":0.045351475,"zcnmashleu95":0.0},"authorDisplayNameMap":{"e0373972":"TIC4002-F18-1 WANG..NWEI","spencernah":"TIC4002-F18-1 SPEN.. HAO","IcyNoPeople":"TIC4002-F18-1 LEOW.. HUI","zcnmashleu95":"TIC4002-F18-1 LAM ..CHUN"}}
